order_id,customer_id,restaurant_id,order_date,gross_order_value,coupon_id,discount_amount,net_order_value,delivery_fee,food_cost,order_status,payment_method,estimated_zomato_revenue,estimated_profit,order_type,order_month,order_day,order_hour
1.0,3,9,2025-01-03,259.79,,0.0,259.79,45.0,161.18,Delivered,Card,91.76,59.76,Non-Coupon Order,2025-01,Friday,0
2.0,212,7,2025-02-02,520.16,,0.0,520.16,0.0,330.57,Delivered,Cash,104.03,72.03,Non-Coupon Order,2025-02,Sunday,0
3.0,79,19,2025-01-03,232.63,,0.0,232.63,55.0,131.71,Delivered,Cash,106.18,74.18,Non-Coupon Order,2025-01,Friday,0
4.0,3,3,2025-04-24,402.02,,0.0,402.02,0.0,223.11,Delivered,Card,100.51,68.51,Non-Coupon Order,2025-04,Thursday,0
5.0,148,20,2025-12-10,249.34,,0.0,249.34,45.0,145.35,Delivered,Wallet,94.87,62.87,Non-Coupon Order,2025-12,Wednesday,0
6.0,96,16,2025-06-19,506.29,,0.0,506.29,55.0,292.34,Delivered,Card,156.26,124.26,Non-Coupon Order,2025-06,Thursday,0
7.0,102,18,2025-02-14,782.91,,0.0,782.91,35.0,483.71,Delivered,Cash,175.92,143.92,Non-Coupon Order,2025-02,Friday,0
8.0,35,9,2025-09-19,459.8,,0.0,459.8,55.0,293.62,Delivered,Card,137.76,105.76,Non-Coupon Order,2025-09,Friday,0
9.0,211,8,2025-04-15,424.93,3.0,84.99,339.94,0.0,260.37,Delivered,Card,84.99,-32.0,Coupon Order,2025-04,Tuesday,0
10.0,178,19,2025-08-27,924.49,,0.0,924.49,35.0,482.75,Delivered,Upi,238.39,206.39,Non-Coupon Order,2025-08,Wednesday,0
11.0,129,22,2025-11-07,226.49,,0.0,226.49,45.0,141.71,Delivered,Cash,101.62,69.62,Non-Coupon Order,2025-11,Friday,0
12.0,225,22,2025-09-08,469.61,,0.0,469.61,35.0,267.42,Delivered,Cash,152.4,120.4,Non-Coupon Order,2025-09,Monday,0
13.0,291,10,2025-12-25,439.26,,0.0,439.26,25.0,259.37,Delivered,Wallet,104.07,72.07,Non-Coupon Order,2025-12,Thursday,0
14.0,229,27,2025-03-08,437.91,,0.0,437.91,0.0,236.7,Delivered,Cash,96.34,64.34,Non-Coupon Order,2025-03,Saturday,0
15.0,200,14,2025-09-24,399.77,,0.0,399.77,35.0,253.78,Delivered,Upi,134.94,102.94,Non-Coupon Order,2025-09,Wednesday,0
16.0,84,17,2025-09-13,443.91,,0.0,443.91,25.0,250.73,Delivered,Cash,113.78,81.78,Non-Coupon Order,2025-09,Saturday,0
17.0,244,11,2025-01-05,908.03,,0.0,908.03,35.0,579.72,Delivered,Wallet,262.01,230.01,Non-Coupon Order,2025-01,Sunday,0
18.0,281,7,2025-12-14,274.74,,0.0,274.74,35.0,165.83,Delivered,Cash,89.95,57.95,Non-Coupon Order,2025-12,Sunday,0
19.0,19,14,2025-07-19,404.94,,0.0,404.94,25.0,233.72,Delivered,Card,126.24,94.24,Non-Coupon Order,2025-07,Saturday,0
20.0,116,26,2025-06-26,558.06,,0.0,558.06,25.0,296.16,Delivered,Wallet,164.52,132.52,Non-Coupon Order,2025-06,Thursday,0
21.0,36,10,2025-01-03,707.35,,0.0,707.35,35.0,395.86,Delivered,Upi,162.32,130.32,Non-Coupon Order,2025-01,Friday,0
22.0,221,8,2025-10-26,445.63,,0.0,445.63,55.0,236.31,Delivered,Wallet,144.13,112.13,Non-Coupon Order,2025-10,Sunday,0
23.0,165,27,2025-10-19,425.02,,0.0,425.02,45.0,231.17,Delivered,Upi,138.5,106.5,Non-Coupon Order,2025-10,Sunday,0
24.0,182,28,2025-07-10,263.95,,0.0,263.95,25.0,164.49,Delivered,Wallet,90.99,58.99,Non-Coupon Order,2025-07,Thursday,0
26.0,250,4,2025-07-11,610.56,,0.0,610.56,35.0,376.99,Delivered,Wallet,144.9,112.9,Non-Coupon Order,2025-07,Friday,0
27.0,48,20,2025-03-30,446.43,,0.0,446.43,45.0,242.57,Delivered,Cash,134.29,102.29,Non-Coupon Order,2025-03,Sunday,0
28.0,138,26,2025-01-18,371.65,,0.0,371.65,55.0,226.02,Delivered,Upi,147.91,115.91,Non-Coupon Order,2025-01,Saturday,0
29.0,34,8,2025-09-22,345.28,,0.0,345.28,55.0,196.82,Delivered,Wallet,124.06,92.06,Non-Coupon Order,2025-09,Monday,0
31.0,210,24,2025-04-30,742.56,,0.0,742.56,45.0,459.41,Delivered,Upi,193.51,161.51,Non-Coupon Order,2025-04,Wednesday,0
32.0,193,9,2025-10-09,467.09,,0.0,467.09,35.0,266.88,Delivered,Cash,119.08,87.08,Non-Coupon Order,2025-10,Thursday,0
33.0,1,27,2025-05-05,1147.37,,0.0,1147.37,55.0,633.0,Delivered,Card,307.42,275.42,Non-Coupon Order,2025-05,Monday,0
34.0,285,26,2025-07-02,760.26,6.0,75.0,685.26,25.0,428.94,Delivered,Card,215.07,108.07,Coupon Order,2025-07,Wednesday,0
36.0,155,2,2025-07-08,276.27,,0.0,276.27,35.0,154.75,Delivered,Cash,84.73,52.73,Non-Coupon Order,2025-07,Tuesday,0
37.0,218,28,2025-01-12,465.23,,0.0,465.23,25.0,265.05,Delivered,Wallet,141.31,109.31,Non-Coupon Order,2025-01,Sunday,0
38.0,277,16,2025-05-15,671.33,,0.0,671.33,25.0,382.77,Delivered,Cash,159.27,127.27,Non-Coupon Order,2025-05,Thursday,0
39.0,265,24,2025-09-25,418.69,,0.0,418.69,35.0,255.97,Delivered,Cash,118.74,86.74,Non-Coupon Order,2025-09,Thursday,0
40.0,60,10,2025-10-23,356.48,,0.0,356.48,55.0,197.28,Delivered,Cash,119.17,87.17,Non-Coupon Order,2025-10,Thursday,0
41.0,216,22,2025-05-26,413.46,,0.0,413.46,35.0,246.31,Delivered,Wallet,138.37,106.37,Non-Coupon Order,2025-05,Monday,0
42.0,159,16,2025-02-09,427.61,,0.0,427.61,35.0,262.32,Delivered,Cash,120.52,88.52,Non-Coupon Order,2025-02,Sunday,0
44.0,116,8,2025-12-03,660.75,,0.0,660.75,45.0,347.48,Delivered,Upi,177.15,145.15,Non-Coupon Order,2025-12,Wednesday,0
45.0,159,18,2025-05-05,778.48,,0.0,778.48,25.0,469.42,Delivered,Card,165.13,133.13,Non-Coupon Order,2025-05,Monday,0
46.0,19,1,2025-05-03,478.1,,0.0,478.1,25.0,280.06,Delivered,Card,130.18,98.18,Non-Coupon Order,2025-05,Saturday,0
47.0,222,27,2025-01-23,876.18,,0.0,876.18,45.0,487.25,Delivered,Card,237.76,205.76,Non-Coupon Order,2025-01,Thursday,0
48.0,1,29,2025-09-15,840.67,,0.0,840.67,0.0,454.55,Delivered,Upi,184.95,152.95,Non-Coupon Order,2025-09,Monday,0
49.0,157,23,2025-03-20,811.98,,0.0,811.98,45.0,424.75,Delivered,Cash,191.16,159.16,Non-Coupon Order,2025-03,Thursday,0
50.0,118,27,2025-03-17,524.25,,0.0,524.25,45.0,283.48,Delivered,Wallet,160.33,128.33,Non-Coupon Order,2025-03,Monday,0
51.0,274,16,2025-11-11,908.71,7.0,241.34,667.37,55.0,578.15,Delivered,Cash,236.74,-36.6,Coupon Order,2025-11,Tuesday,0
52.0,114,10,2025-04-05,798.77,,0.0,798.77,55.0,422.9,Delivered,Cash,198.78,166.78,Non-Coupon Order,2025-04,Saturday,0
53.0,133,30,2025-07-19,704.65,,0.0,704.65,55.0,420.59,Delivered,Card,195.93,163.93,Non-Coupon Order,2025-07,Saturday,0
54.0,242,14,2025-01-12,889.82,,0.0,889.82,0.0,558.93,Delivered,Card,222.46,190.46,Non-Coupon Order,2025-01,Sunday,0
55.0,172,5,2025-10-26,638.62,,0.0,638.62,45.0,341.79,Delivered,Cash,172.72,140.72,Non-Coupon Order,2025-10,Sunday,0
57.0,145,28,2025-05-12,234.89,,0.0,234.89,35.0,135.11,Delivered,Cash,93.72,61.72,Non-Coupon Order,2025-05,Monday,0
59.0,55,2,2025-10-18,1081.62,6.0,75.0,1006.62,45.0,579.03,Delivered,Cash,239.69,132.69,Coupon Order,2025-10,Saturday,0
60.0,299,25,2025-02-26,361.8,,0.0,361.8,45.0,231.42,Delivered,Upi,124.6,92.6,Non-Coupon Order,2025-02,Wednesday,0
61.0,14,1,2025-12-02,553.16,,0.0,553.16,25.0,346.48,Delivered,Card,146.7,114.7,Non-Coupon Order,2025-12,Tuesday,0
62.0,290,28,2025-02-13,1367.68,,0.0,1367.68,45.0,776.82,Delivered,Card,386.92,354.92,Non-Coupon Order,2025-02,Thursday,0
63.0,20,3,2025-06-05,371.39,,0.0,371.39,45.0,227.57,Delivered,Card,137.85,105.85,Non-Coupon Order,2025-06,Thursday,0
64.0,50,9,2025-03-10,355.54,,0.0,355.54,35.0,220.26,Delivered,Cash,99.0,67.0,Non-Coupon Order,2025-03,Monday,0
65.0,261,26,2025-11-03,917.69,,0.0,917.69,0.0,537.07,Delivered,Card,229.42,197.42,Non-Coupon Order,2025-11,Monday,0
66.0,196,30,2025-08-14,2555.77,,0.0,2555.77,0.0,1530.21,Delivered,Upi,511.15,479.15,Non-Coupon Order,2025-08,Thursday,0
67.0,258,7,2025-10-21,572.93,,0.0,572.93,55.0,311.44,Delivered,Upi,169.59,137.59,Non-Coupon Order,2025-10,Tuesday,0
68.0,95,24,2025-01-27,623.79,,0.0,623.79,35.0,349.65,Delivered,Wallet,159.76,127.76,Non-Coupon Order,2025-01,Monday,0
69.0,103,14,2025-01-30,301.46,,0.0,301.46,45.0,189.71,Delivered,Card,120.37,88.37,Non-Coupon Order,2025-01,Thursday,0
70.0,90,16,2025-08-31,392.83,,0.0,392.83,35.0,248.93,Delivered,Wallet,113.57,81.57,Non-Coupon Order,2025-08,Sunday,0
71.0,294,22,2025-10-26,394.08,,0.0,394.08,0.0,211.47,Delivered,Wallet,98.52,66.52,Non-Coupon Order,2025-10,Sunday,0
72.0,123,29,2025-11-12,383.24,,0.0,383.24,45.0,223.41,Delivered,Card,129.31,97.31,Non-Coupon Order,2025-11,Wednesday,0
73.0,16,13,2025-05-18,270.88,,0.0,270.88,35.0,166.06,Delivered,Cash,94.59,62.59,Non-Coupon Order,2025-05,Sunday,0
74.0,260,21,2025-03-31,879.95,,0.0,879.95,25.0,470.94,Delivered,Upi,183.39,151.39,Non-Coupon Order,2025-03,Monday,0
75.0,269,23,2025-06-06,374.88,,0.0,374.88,45.0,209.89,Delivered,Card,112.48,80.48,Non-Coupon Order,2025-06,Friday,0
76.0,180,2,2025-06-23,680.77,,0.0,680.77,25.0,386.39,Delivered,Card,147.54,115.54,Non-Coupon Order,2025-06,Monday,0
77.0,40,14,2025-10-23,257.75,,0.0,257.75,0.0,151.82,Delivered,Cash,64.44,32.44,Non-Coupon Order,2025-10,Thursday,0
78.0,202,17,2025-07-05,275.38,,0.0,275.38,25.0,157.76,Delivered,Cash,80.08,48.08,Non-Coupon Order,2025-07,Saturday,0
79.0,98,8,2025-02-21,479.01,,0.0,479.01,55.0,249.6,Delivered,Card,150.8,118.8,Non-Coupon Order,2025-02,Friday,0
80.0,170,20,2025-09-06,1270.22,,0.0,1270.22,55.0,802.1,Delivered,Upi,309.04,277.04,Non-Coupon Order,2025-09,Saturday,0
81.0,79,10,2025-06-27,231.67,,0.0,231.67,55.0,140.87,Delivered,Cash,96.7,64.7,Non-Coupon Order,2025-06,Friday,0
82.0,79,27,2025-04-26,435.32,,0.0,435.32,0.0,234.55,Delivered,Wallet,95.77,63.77,Non-Coupon Order,2025-04,Saturday,0
83.0,157,21,2025-06-10,425.53,,0.0,425.53,0.0,247.14,Delivered,Wallet,76.6,44.6,Non-Coupon Order,2025-06,Tuesday,0
84.0,247,6,2025-10-13,292.37,,0.0,292.37,25.0,152.19,Delivered,Upi,83.47,51.47,Non-Coupon Order,2025-10,Monday,0
85.0,103,5,2025-11-28,303.14,,0.0,303.14,45.0,179.02,Delivered,Wallet,105.63,73.63,Non-Coupon Order,2025-11,Friday,0
86.0,101,17,2025-06-19,244.3,,0.0,244.3,35.0,135.8,Delivered,Cash,83.86,51.86,Non-Coupon Order,2025-06,Thursday,0
87.0,231,14,2025-12-03,421.27,,0.0,421.27,35.0,253.11,Delivered,Card,140.32,108.32,Non-Coupon Order,2025-12,Wednesday,0
88.0,15,9,2025-05-23,458.19,,0.0,458.19,45.0,239.44,Delivered,Cash,127.47,95.47,Non-Coupon Order,2025-05,Friday,0
89.0,33,26,2025-03-04,400.77,,0.0,400.77,45.0,218.15,Delivered,Upi,145.19,113.19,Non-Coupon Order,2025-03,Tuesday,0
90.0,139,27,2025-09-03,422.53,,0.0,422.53,0.0,230.6,Delivered,Card,92.96,60.96,Non-Coupon Order,2025-09,Wednesday,0
91.0,164,19,2025-03-05,662.3,,0.0,662.3,45.0,391.46,Delivered,Wallet,190.71,158.71,Non-Coupon Order,2025-03,Wednesday,0
92.0,115,15,2025-05-13,233.51,,0.0,233.51,55.0,138.84,Delivered,Upi,101.7,69.7,Non-Coupon Order,2025-05,Tuesday,0
93.0,174,26,2025-09-21,458.56,,0.0,458.56,35.0,258.52,Delivered,Card,149.64,117.64,Non-Coupon Order,2025-09,Sunday,0
94.0,180,21,2025-09-13,313.91,,0.0,313.91,45.0,181.99,Delivered,Card,101.5,69.5,Non-Coupon Order,2025-09,Saturday,0
95.0,111,17,2025-09-15,1300.36,,0.0,1300.36,25.0,826.32,Delivered,Card,285.07,253.07,Non-Coupon Order,2025-09,Monday,0
96.0,62,13,2025-12-02,531.6,,0.0,531.6,45.0,315.84,Delivered,Upi,161.95,129.95,Non-Coupon Order,2025-12,Tuesday,0
97.0,204,28,2025-07-01,338.02,,0.0,338.02,45.0,202.84,Delivered,Wallet,129.51,97.51,Non-Coupon Order,2025-07,Tuesday,0
98.0,47,3,2025-09-07,571.34,,0.0,571.34,0.0,342.76,Delivered,Wallet,142.84,110.84,Non-Coupon Order,2025-09,Sunday,0
99.0,64,26,2025-05-15,428.35,,0.0,428.35,45.0,244.22,Delivered,Card,152.09,120.09,Non-Coupon Order,2025-05,Thursday,0
100.0,270,25,2025-07-09,461.18,,0.0,461.18,35.0,272.88,Delivered,Upi,136.46,104.46,Non-Coupon Order,2025-07,Wednesday,0
101.0,57,17,2025-03-12,457.05,,0.0,457.05,25.0,269.4,Delivered,Card,116.41,84.41,Non-Coupon Order,2025-03,Wednesday,0
102.0,76,8,2025-05-26,346.07,,0.0,346.07,55.0,214.32,Delivered,Card,124.21,92.21,Non-Coupon Order,2025-05,Monday,0
103.0,241,12,2025-07-09,316.78,,0.0,316.78,35.0,197.35,Delivered,Card,114.2,82.2,Non-Coupon Order,2025-07,Wednesday,0
104.0,152,23,2025-04-18,251.49,,0.0,251.49,25.0,153.38,Delivered,Cash,70.27,38.27,Non-Coupon Order,2025-04,Friday,0
105.0,135,26,2025-05-20,516.76,,0.0,516.76,25.0,282.63,Delivered,Wallet,154.19,122.19,Non-Coupon Order,2025-05,Tuesday,0
106.0,203,21,2025-06-14,818.45,,0.0,818.45,45.0,454.59,Delivered,Cash,192.32,160.32,Non-Coupon Order,2025-06,Saturday,0
107.0,236,16,2025-11-16,494.15,,0.0,494.15,25.0,284.6,Delivered,Upi,123.83,91.83,Non-Coupon Order,2025-11,Sunday,0
108.0,176,12,2025-12-14,1005.41,,0.0,1005.41,55.0,583.32,Delivered,Wallet,306.35,274.35,Non-Coupon Order,2025-12,Sunday,0
109.0,242,18,2025-09-17,886.78,,0.0,886.78,25.0,541.6,Delivered,Upi,184.62,152.62,Non-Coupon Order,2025-09,Wednesday,0
110.0,272,24,2025-04-12,1480.2,,0.0,1480.2,55.0,781.85,Delivered,Wallet,351.04,319.04,Non-Coupon Order,2025-04,Saturday,0
111.0,268,29,2025-10-14,537.75,,0.0,537.75,0.0,293.42,Delivered,Cash,118.31,86.31,Non-Coupon Order,2025-10,Tuesday,0
112.0,73,10,2025-11-14,321.3,,0.0,321.3,45.0,202.7,Delivered,Cash,102.83,70.83,Non-Coupon Order,2025-11,Friday,0
113.0,263,27,2025-09-22,381.22,,0.0,381.22,35.0,219.57,Delivered,Card,118.87,86.87,Non-Coupon Order,2025-09,Monday,0
114.0,55,25,2025-09-13,421.01,,0.0,421.01,55.0,258.67,Delivered,Wallet,147.62,115.62,Non-Coupon Order,2025-09,Saturday,0
115.0,35,26,2025-06-25,272.07,4.0,35.0,237.07,0.0,153.11,Delivered,Upi,68.02,1.02,Coupon Order,2025-06,Wednesday,0
116.0,247,27,2025-05-13,400.44,,0.0,400.44,45.0,234.01,Delivered,Card,133.1,101.1,Non-Coupon Order,2025-05,Tuesday,0
117.0,257,23,2025-09-07,450.11,,0.0,450.11,45.0,261.73,Delivered,Upi,126.02,94.02,Non-Coupon Order,2025-09,Sunday,0
118.0,282,22,2025-02-20,496.4,,0.0,496.4,45.0,300.83,Delivered,Wallet,169.1,137.1,Non-Coupon Order,2025-02,Thursday,0
119.0,27,4,2025-01-31,562.34,,0.0,562.34,45.0,330.66,Delivered,Card,146.22,114.22,Non-Coupon Order,2025-01,Friday,0
120.0,290,15,2025-05-02,868.89,3.0,120.0,748.89,25.0,495.28,Delivered,Cash,198.78,46.78,Coupon Order,2025-05,Friday,0
121.0,275,3,2025-04-17,490.77,,0.0,490.77,45.0,271.65,Delivered,Wallet,167.69,135.69,Non-Coupon Order,2025-04,Thursday,0
122.0,15,25,2025-01-19,299.83,,0.0,299.83,45.0,172.79,Delivered,Upi,110.96,78.96,Non-Coupon Order,2025-01,Sunday,0
123.0,291,4,2025-04-22,321.61,,0.0,321.61,35.0,167.44,Delivered,Cash,92.89,60.89,Non-Coupon Order,2025-04,Tuesday,0
124.0,165,16,2025-11-24,419.07,,0.0,419.07,35.0,250.06,Delivered,Wallet,118.81,86.81,Non-Coupon Order,2025-11,Monday,0
125.0,29,21,2025-07-19,289.06,,0.0,289.06,35.0,170.41,Delivered,Card,87.03,55.03,Non-Coupon Order,2025-07,Saturday,0
126.0,186,23,2025-06-09,344.96,,0.0,344.96,0.0,183.15,Delivered,Wallet,62.09,30.09,Non-Coupon Order,2025-06,Monday,0
127.0,219,21,2025-10-19,394.33,,0.0,394.33,25.0,211.06,Delivered,Cash,95.98,63.98,Non-Coupon Order,2025-10,Sunday,0
128.0,252,25,2025-08-02,555.78,,0.0,555.78,0.0,345.96,Delivered,Wallet,122.27,90.27,Non-Coupon Order,2025-08,Saturday,0
129.0,120,27,2025-07-20,233.6,,0.0,233.6,45.0,130.67,Delivered,Cash,96.39,64.39,Non-Coupon Order,2025-07,Sunday,0
130.0,123,13,2025-01-05,659.14,,0.0,659.14,45.0,414.19,Delivered,Wallet,190.01,158.01,Non-Coupon Order,2025-01,Sunday,0
131.0,200,25,2025-01-10,443.83,,0.0,443.83,0.0,250.19,Delivered,Cash,97.64,65.64,Non-Coupon Order,2025-01,Friday,0
132.0,289,7,2025-04-16,349.33,,0.0,349.33,55.0,190.9,Delivered,Card,124.87,92.87,Non-Coupon Order,2025-04,Wednesday,0
133.0,64,1,2025-10-13,430.01,,0.0,430.01,0.0,228.51,Delivered,Card,94.6,62.6,Non-Coupon Order,2025-10,Monday,0
134.0,137,11,2025-05-29,250.52,,0.0,250.52,25.0,140.98,Delivered,Wallet,87.63,55.63,Non-Coupon Order,2025-05,Thursday,0
135.0,252,12,2025-08-19,491.49,,0.0,491.49,35.0,269.46,Delivered,Upi,157.87,125.87,Non-Coupon Order,2025-08,Tuesday,0
136.0,199,19,2025-11-09,556.44,,0.0,556.44,35.0,289.83,Delivered,Wallet,157.42,125.42,Non-Coupon Order,2025-11,Sunday,0
137.0,170,7,2025-11-30,496.16,,0.0,496.16,25.0,278.32,Delivered,Upi,124.23,92.23,Non-Coupon Order,2025-11,Sunday,0
138.0,82,18,2025-10-27,239.59,,0.0,239.59,0.0,152.45,Delivered,Upi,43.13,11.13,Non-Coupon Order,2025-10,Monday,0
140.0,152,11,2025-12-18,328.4,,0.0,328.4,55.0,191.54,Delivered,Cash,137.1,105.1,Non-Coupon Order,2025-12,Thursday,0
141.0,284,23,2025-05-27,375.08,,0.0,375.08,55.0,214.92,Delivered,Upi,122.51,90.51,Non-Coupon Order,2025-05,Tuesday,0
142.0,59,24,2025-11-25,484.82,,0.0,484.82,25.0,263.62,Delivered,Wallet,121.96,89.96,Non-Coupon Order,2025-11,Tuesday,0
144.0,45,30,2025-01-03,308.48,,0.0,308.48,0.0,190.76,Delivered,Card,61.7,29.7,Non-Coupon Order,2025-01,Friday,0
145.0,165,9,2025-05-20,336.47,,0.0,336.47,45.0,188.98,Delivered,Wallet,105.56,73.56,Non-Coupon Order,2025-05,Tuesday,0
146.0,162,22,2025-05-28,457.38,,0.0,457.38,0.0,256.2,Delivered,Card,114.35,82.35,Non-Coupon Order,2025-05,Wednesday,0
147.0,287,23,2025-06-20,445.98,,0.0,445.98,35.0,243.93,Delivered,Wallet,115.28,83.28,Non-Coupon Order,2025-06,Friday,0
149.0,284,21,2025-01-19,312.79,,0.0,312.79,35.0,173.53,Delivered,Wallet,91.3,59.3,Non-Coupon Order,2025-01,Sunday,0
150.0,260,16,2025-11-20,442.89,,0.0,442.89,45.0,243.9,Delivered,Wallet,133.58,101.58,Non-Coupon Order,2025-11,Thursday,0
151.0,98,5,2025-09-17,431.95,,0.0,431.95,25.0,249.24,Delivered,Upi,111.39,79.39,Non-Coupon Order,2025-09,Wednesday,0
152.0,24,12,2025-01-05,283.36,,0.0,283.36,45.0,168.24,Delivered,Cash,115.84,83.84,Non-Coupon Order,2025-01,Sunday,0
153.0,242,28,2025-06-26,827.43,,0.0,827.43,25.0,469.35,Delivered,Card,231.86,199.86,Non-Coupon Order,2025-06,Thursday,0
154.0,220,6,2025-04-15,355.49,,0.0,355.49,0.0,187.24,Delivered,Wallet,71.1,39.1,Non-Coupon Order,2025-04,Tuesday,0
155.0,47,1,2025-07-27,1243.55,,0.0,1243.55,35.0,684.96,Delivered,Wallet,308.58,276.58,Non-Coupon Order,2025-07,Sunday,0
157.0,275,15,2025-01-04,333.46,,0.0,333.46,25.0,207.67,Delivered,Wallet,91.69,59.69,Non-Coupon Order,2025-01,Saturday,0
158.0,143,19,2025-08-22,669.27,,0.0,669.27,45.0,411.96,Delivered,Card,192.24,160.24,Non-Coupon Order,2025-08,Friday,0
159.0,214,24,2025-01-02,307.97,,0.0,307.97,0.0,177.93,Delivered,Card,61.59,29.59,Non-Coupon Order,2025-01,Thursday,0
160.0,133,5,2025-03-06,1217.89,,0.0,1217.89,35.0,636.28,Delivered,Card,278.58,246.58,Non-Coupon Order,2025-03,Thursday,0
161.0,93,2,2025-06-16,663.35,,0.0,663.35,0.0,394.76,Delivered,Card,119.4,87.4,Non-Coupon Order,2025-06,Monday,0
162.0,12,16,2025-09-30,507.55,,0.0,507.55,55.0,289.85,Delivered,Card,156.51,124.51,Non-Coupon Order,2025-09,Tuesday,0
163.0,14,26,2025-12-11,810.95,,0.0,810.95,0.0,495.82,Delivered,Card,202.74,170.74,Non-Coupon Order,2025-12,Thursday,0
164.0,273,8,2025-10-08,279.17,,0.0,279.17,45.0,176.91,Delivered,Upi,100.83,68.83,Non-Coupon Order,2025-10,Wednesday,0
165.0,50,19,2025-06-19,268.6,,0.0,268.6,25.0,171.12,Delivered,Upi,84.09,52.09,Non-Coupon Order,2025-06,Thursday,0
166.0,226,27,2025-10-10,547.21,,0.0,547.21,45.0,286.99,Delivered,Wallet,165.39,133.39,Non-Coupon Order,2025-10,Friday,0
168.0,85,27,2025-03-17,309.88,,0.0,309.88,0.0,184.23,Delivered,Upi,68.17,36.17,Non-Coupon Order,2025-03,Monday,0
169.0,282,21,2025-06-25,379.47,,0.0,379.47,45.0,231.03,Delivered,Card,113.3,81.3,Non-Coupon Order,2025-06,Wednesday,0
170.0,268,1,2025-10-27,608.77,,0.0,608.77,35.0,375.26,Delivered,Upi,168.93,136.93,Non-Coupon Order,2025-10,Monday,0
171.0,256,8,2025-09-03,437.76,,0.0,437.76,45.0,239.91,Delivered,Card,132.55,100.55,Non-Coupon Order,2025-09,Wednesday,0
172.0,57,17,2025-06-28,512.23,,0.0,512.23,35.0,303.14,Delivered,Card,137.45,105.45,Non-Coupon Order,2025-06,Saturday,0
173.0,154,26,2025-09-16,694.96,,0.0,694.96,0.0,383.17,Delivered,Upi,173.74,141.74,Non-Coupon Order,2025-09,Tuesday,0
174.0,179,19,2025-07-31,306.57,,0.0,306.57,35.0,190.48,Delivered,Cash,102.45,70.45,Non-Coupon Order,2025-07,Thursday,0
175.0,181,27,2025-10-05,551.43,,0.0,551.43,35.0,320.09,Delivered,Cash,156.31,124.31,Non-Coupon Order,2025-10,Sunday,0
177.0,61,7,2025-11-05,345.09,,0.0,345.09,0.0,191.48,Delivered,Card,69.02,37.02,Non-Coupon Order,2025-11,Wednesday,0
179.0,87,15,2025-12-09,376.11,,0.0,376.11,45.0,203.53,Delivered,Card,120.22,88.22,Non-Coupon Order,2025-12,Tuesday,0
180.0,178,20,2025-09-09,517.64,,0.0,517.64,0.0,313.2,Delivered,Upi,103.53,71.53,Non-Coupon Order,2025-09,Tuesday,0
181.0,254,29,2025-11-15,358.29,,0.0,358.29,55.0,205.14,Delivered,Upi,133.82,101.82,Non-Coupon Order,2025-11,Saturday,0
182.0,17,5,2025-07-01,406.75,,0.0,406.75,35.0,220.46,Delivered,Wallet,116.35,84.35,Non-Coupon Order,2025-07,Tuesday,0
183.0,87,11,2025-11-06,370.02,,0.0,370.02,25.0,212.18,Delivered,Card,117.51,85.51,Non-Coupon Order,2025-11,Thursday,0
184.0,9,28,2025-05-04,739.37,,0.0,739.37,55.0,463.13,Delivered,Card,239.84,207.84,Non-Coupon Order,2025-05,Sunday,0
185.0,266,21,2025-05-12,258.27,,0.0,258.27,25.0,135.11,Delivered,Wallet,71.49,39.49,Non-Coupon Order,2025-05,Monday,0
186.0,212,18,2025-06-29,781.67,,0.0,781.67,55.0,463.46,Delivered,Upi,195.7,163.7,Non-Coupon Order,2025-06,Sunday,0
187.0,284,12,2025-07-14,224.3,,0.0,224.3,55.0,137.62,Delivered,Card,111.08,79.08,Non-Coupon Order,2025-07,Monday,0
188.0,114,30,2025-04-29,244.6,,0.0,244.6,0.0,129.89,Delivered,Card,48.92,16.92,Non-Coupon Order,2025-04,Tuesday,0
189.0,30,15,2025-06-02,509.32,,0.0,509.32,35.0,283.23,Delivered,Card,136.86,104.86,Non-Coupon Order,2025-06,Monday,0
190.0,254,6,2025-07-11,737.06,,0.0,737.06,25.0,449.14,Delivered,Cash,172.41,140.41,Non-Coupon Order,2025-07,Friday,0
191.0,41,24,2025-03-13,405.32,,0.0,405.32,25.0,242.82,Delivered,Cash,106.06,74.06,Non-Coupon Order,2025-03,Thursday,0
192.0,69,28,2025-08-12,327.17,,0.0,327.17,45.0,200.25,Delivered,Wallet,126.79,94.79,Non-Coupon Order,2025-08,Tuesday,0
193.0,203,1,2025-07-06,638.74,,0.0,638.74,35.0,353.38,Delivered,Cash,175.52,143.52,Non-Coupon Order,2025-07,Sunday,0
194.0,125,9,2025-11-25,572.4,6.0,75.0,497.4,45.0,340.76,Delivered,Cash,148.03,41.03,Coupon Order,2025-11,Tuesday,0
195.0,53,18,2025-07-12,581.32,3.0,116.26,465.06,0.0,337.98,Delivered,Upi,104.64,-43.62,Coupon Order,2025-07,Saturday,0
196.0,264,8,2025-09-06,1366.75,,0.0,1366.75,55.0,845.25,Delivered,Wallet,328.35,296.35,Non-Coupon Order,2025-09,Saturday,0
197.0,97,12,2025-09-16,833.13,,0.0,833.13,45.0,520.96,Delivered,Upi,253.28,221.28,Non-Coupon Order,2025-09,Tuesday,0
198.0,235,15,2025-02-09,359.24,,0.0,359.24,0.0,188.92,Delivered,Wallet,71.85,39.85,Non-Coupon Order,2025-02,Sunday,0
199.0,130,3,2025-09-07,860.64,,0.0,860.64,25.0,532.46,Delivered,Card,240.16,208.16,Non-Coupon Order,2025-09,Sunday,0
200.0,288,27,2025-12-15,849.07,,0.0,849.07,0.0,461.79,Delivered,Card,186.8,154.8,Non-Coupon Order,2025-12,Monday,0
201.0,82,29,2025-04-16,425.22,,0.0,425.22,55.0,264.25,Delivered,Wallet,148.55,116.55,Non-Coupon Order,2025-04,Wednesday,0
202.0,273,23,2025-04-28,357.87,,0.0,357.87,25.0,202.61,Delivered,Wallet,89.42,57.42,Non-Coupon Order,2025-04,Monday,0
203.0,66,15,2025-08-27,591.51,,0.0,591.51,55.0,378.53,Delivered,Upi,173.3,141.3,Non-Coupon Order,2025-08,Wednesday,0
204.0,107,4,2025-11-15,378.78,,0.0,378.78,0.0,221.77,Delivered,Upi,68.18,36.18,Non-Coupon Order,2025-11,Saturday,0
205.0,231,26,2025-04-01,421.65,,0.0,421.65,45.0,250.38,Delivered,Card,150.41,118.41,Non-Coupon Order,2025-04,Tuesday,0
206.0,245,14,2025-02-27,441.35,,0.0,441.35,35.0,265.01,Delivered,Upi,145.34,113.34,Non-Coupon Order,2025-02,Thursday,0
207.0,141,10,2025-06-29,434.2,,0.0,434.2,55.0,264.16,Delivered,Card,133.16,101.16,Non-Coupon Order,2025-06,Sunday,0
208.0,289,10,2025-06-12,406.82,,0.0,406.82,0.0,248.21,Delivered,Card,73.23,41.23,Non-Coupon Order,2025-06,Thursday,0
209.0,90,2,2025-06-23,785.52,,0.0,785.52,25.0,482.51,Delivered,Wallet,166.39,134.39,Non-Coupon Order,2025-06,Monday,0
210.0,160,19,2025-10-22,590.31,,0.0,590.31,55.0,330.24,Delivered,Wallet,184.87,152.87,Non-Coupon Order,2025-10,Wednesday,0
211.0,192,1,2025-12-30,1421.48,,0.0,1421.48,0.0,846.97,Delivered,Cash,312.73,280.73,Non-Coupon Order,2025-12,Tuesday,0
212.0,282,16,2025-07-25,590.6,,0.0,590.6,25.0,315.46,Delivered,Upi,143.12,111.12,Non-Coupon Order,2025-07,Friday,0
213.0,24,16,2025-09-01,899.84,,0.0,899.84,0.0,559.74,Delivered,Upi,179.97,147.97,Non-Coupon Order,2025-09,Monday,0
214.0,176,19,2025-11-17,372.48,,0.0,372.48,35.0,196.74,Delivered,Card,116.95,84.95,Non-Coupon Order,2025-11,Monday,0
215.0,294,8,2025-12-22,389.71,,0.0,389.71,35.0,239.19,Delivered,Upi,112.94,80.94,Non-Coupon Order,2025-12,Monday,0
216.0,131,8,2025-10-30,2666.66,,0.0,2666.66,55.0,1523.52,Delivered,Upi,588.33,556.33,Non-Coupon Order,2025-10,Thursday,0
217.0,11,30,2025-05-06,264.72,,0.0,264.72,45.0,156.56,Delivered,Card,97.94,65.94,Non-Coupon Order,2025-05,Tuesday,0
219.0,256,16,2025-03-15,250.95,,0.0,250.95,35.0,141.12,Delivered,Wallet,85.19,53.19,Non-Coupon Order,2025-03,Saturday,0
220.0,219,26,2025-11-01,305.38,,0.0,305.38,0.0,176.67,Delivered,Card,76.35,44.35,Non-Coupon Order,2025-11,Saturday,0
221.0,11,21,2025-02-10,294.02,,0.0,294.02,0.0,186.04,Delivered,Wallet,52.92,20.92,Non-Coupon Order,2025-02,Monday,0
222.0,42,4,2025-06-23,561.62,,0.0,561.62,25.0,293.91,Delivered,Card,126.09,94.09,Non-Coupon Order,2025-06,Monday,0
223.0,140,15,2025-05-11,229.78,,0.0,229.78,45.0,147.05,Delivered,Card,90.96,58.96,Non-Coupon Order,2025-05,Sunday,0
224.0,208,1,2025-10-04,249.91,,0.0,249.91,55.0,134.26,Delivered,Card,109.98,77.98,Non-Coupon Order,2025-10,Saturday,0
225.0,89,28,2025-10-17,640.84,,0.0,640.84,35.0,339.9,Delivered,Cash,195.21,163.21,Non-Coupon Order,2025-10,Friday,0
226.0,13,25,2025-07-15,657.16,,0.0,657.16,45.0,393.53,Delivered,Cash,189.58,157.58,Non-Coupon Order,2025-07,Tuesday,0
227.0,173,7,2025-05-24,979.52,,0.0,979.52,45.0,545.48,Delivered,Wallet,240.9,208.9,Non-Coupon Order,2025-05,Saturday,0
228.0,6,18,2025-01-30,377.53,,0.0,377.53,25.0,240.06,Delivered,Cash,92.96,60.96,Non-Coupon Order,2025-01,Thursday,0
229.0,82,4,2025-07-14,643.63,,0.0,643.63,45.0,392.13,Delivered,Wallet,160.85,128.85,Non-Coupon Order,2025-07,Monday,0
230.0,110,28,2025-08-16,512.58,,0.0,512.58,0.0,322.25,Delivered,Card,128.15,96.15,Non-Coupon Order,2025-08,Saturday,0
231.0,73,14,2025-04-21,315.32,,0.0,315.32,35.0,169.9,Delivered,Wallet,113.83,81.83,Non-Coupon Order,2025-04,Monday,0
232.0,293,13,2025-03-17,448.07,,0.0,448.07,25.0,254.61,Delivered,Wallet,123.58,91.58,Non-Coupon Order,2025-03,Monday,0
233.0,163,1,2025-12-15,365.29,,0.0,365.29,0.0,195.68,Delivered,Cash,80.36,48.36,Non-Coupon Order,2025-12,Monday,0
234.0,257,10,2025-06-04,874.55,,0.0,874.55,55.0,466.7,Delivered,Cash,212.42,180.42,Non-Coupon Order,2025-06,Wednesday,0
235.0,178,2,2025-05-16,626.08,,0.0,626.08,55.0,356.6,Delivered,Upi,167.69,135.69,Non-Coupon Order,2025-05,Friday,0
236.0,258,8,2025-05-05,420.13,,0.0,420.13,25.0,253.99,Delivered,Upi,109.03,77.03,Non-Coupon Order,2025-05,Monday,0
237.0,193,2,2025-11-23,499.35,6.0,75.0,424.35,25.0,264.46,Delivered,Card,114.88,7.88,Coupon Order,2025-11,Sunday,0
238.0,45,1,2025-11-12,621.32,1.0,150.0,471.32,0.0,324.4,Delivered,Card,136.69,-45.31,Coupon Order,2025-11,Wednesday,0
239.0,136,1,2025-10-19,541.11,,0.0,541.11,0.0,301.78,Delivered,Card,119.04,87.04,Non-Coupon Order,2025-10,Sunday,0
240.0,190,3,2025-07-03,602.03,,0.0,602.03,35.0,369.64,Delivered,Cash,185.51,153.51,Non-Coupon Order,2025-07,Thursday,0
241.0,273,27,2025-03-21,462.64,,0.0,462.64,25.0,284.45,Delivered,Cash,126.78,94.78,Non-Coupon Order,2025-03,Friday,0
242.0,136,1,2025-02-27,550.96,,0.0,550.96,0.0,321.29,Delivered,Upi,121.21,89.21,Non-Coupon Order,2025-02,Thursday,0
244.0,180,25,2025-05-15,246.77,,0.0,246.77,0.0,145.7,Delivered,Wallet,54.29,22.29,Non-Coupon Order,2025-05,Thursday,0
245.0,180,12,2025-01-01,402.38,,0.0,402.38,55.0,228.82,Delivered,Wallet,155.6,123.6,Non-Coupon Order,2025-01,Wednesday,0
246.0,98,25,2025-02-22,645.19,,0.0,645.19,45.0,341.0,Delivered,Cash,186.94,154.94,Non-Coupon Order,2025-02,Saturday,0
247.0,294,4,2025-08-22,225.98,,0.0,225.98,35.0,123.47,Delivered,Card,75.68,43.68,Non-Coupon Order,2025-08,Friday,0
248.0,127,10,2025-05-07,726.38,,0.0,726.38,55.0,462.29,Delivered,Card,185.75,153.75,Non-Coupon Order,2025-05,Wednesday,0
249.0,159,21,2025-08-04,435.89,,0.0,435.89,55.0,267.15,Delivered,Cash,133.46,101.46,Non-Coupon Order,2025-08,Monday,0
250.0,44,5,2025-02-11,608.36,,0.0,608.36,55.0,369.08,Delivered,Upi,176.67,144.67,Non-Coupon Order,2025-02,Tuesday,0
251.0,228,28,2025-10-14,452.16,,0.0,452.16,35.0,286.05,Delivered,Wallet,148.04,116.04,Non-Coupon Order,2025-10,Tuesday,0
252.0,97,4,2025-06-20,443.73,,0.0,443.73,55.0,264.18,Delivered,Card,134.87,102.87,Non-Coupon Order,2025-06,Friday,0
253.0,156,27,2025-07-31,1206.96,,0.0,1206.96,0.0,727.39,Delivered,Cash,265.53,233.53,Non-Coupon Order,2025-07,Thursday,0
254.0,24,16,2025-04-04,253.06,,0.0,253.06,45.0,158.5,Delivered,Upi,95.61,63.61,Non-Coupon Order,2025-04,Friday,0
255.0,45,11,2025-01-18,490.25,,0.0,490.25,45.0,289.51,Delivered,Upi,167.56,135.56,Non-Coupon Order,2025-01,Saturday,0
256.0,222,15,2025-03-10,617.78,,0.0,617.78,0.0,325.98,Delivered,Cash,123.56,91.56,Non-Coupon Order,2025-03,Monday,0
257.0,65,11,2025-05-31,223.06,,0.0,223.06,35.0,125.29,Delivered,Card,90.77,58.77,Non-Coupon Order,2025-05,Saturday,0
258.0,262,30,2025-05-17,350.74,,0.0,350.74,0.0,210.11,Delivered,Card,70.15,38.15,Non-Coupon Order,2025-05,Saturday,0
259.0,169,7,2025-08-01,320.57,,0.0,320.57,55.0,181.76,Delivered,Cash,119.11,87.11,Non-Coupon Order,2025-08,Friday,0
260.0,110,17,2025-12-02,768.44,4.0,0.0,768.44,0.0,434.1,Delivered,Upi,153.69,121.69,Non-Coupon Order,2025-12,Tuesday,0
261.0,219,10,2025-06-17,878.66,,0.0,878.66,35.0,507.26,Delivered,Upi,193.16,161.16,Non-Coupon Order,2025-06,Tuesday,0
262.0,137,21,2025-06-17,1214.45,,0.0,1214.45,0.0,668.57,Delivered,Upi,218.6,186.6,Non-Coupon Order,2025-06,Tuesday,0
263.0,253,7,2025-03-12,598.21,,0.0,598.21,55.0,376.2,Delivered,Cash,174.64,142.64,Non-Coupon Order,2025-03,Wednesday,0
264.0,216,15,2025-12-22,767.66,,0.0,767.66,45.0,423.77,Delivered,Wallet,198.53,166.53,Non-Coupon Order,2025-12,Monday,0
265.0,91,19,2025-02-20,424.32,,0.0,424.32,55.0,264.17,Delivered,Card,148.35,116.35,Non-Coupon Order,2025-02,Thursday,0
267.0,129,27,2025-03-24,1105.18,,0.0,1105.18,25.0,624.74,Delivered,Card,268.14,236.14,Non-Coupon Order,2025-03,Monday,0
270.0,32,3,2025-11-16,587.28,,0.0,587.28,0.0,342.8,Delivered,Upi,146.82,114.82,Non-Coupon Order,2025-11,Sunday,0
272.0,189,14,2025-12-01,638.63,,0.0,638.63,0.0,392.18,Delivered,Upi,159.66,127.66,Non-Coupon Order,2025-12,Monday,0
274.0,235,29,2025-05-30,872.72,,0.0,872.72,45.0,493.04,Delivered,Upi,237.0,205.0,Non-Coupon Order,2025-05,Friday,0
275.0,90,9,2025-04-21,912.94,,0.0,912.94,45.0,490.35,Delivered,Card,209.33,177.33,Non-Coupon Order,2025-04,Monday,0
276.0,158,28,2025-10-18,769.11,,0.0,769.11,35.0,472.2,Delivered,Upi,227.28,195.28,Non-Coupon Order,2025-10,Saturday,0
277.0,267,30,2025-06-27,631.36,2.0,100.0,531.36,35.0,373.74,Delivered,Wallet,161.27,29.27,Coupon Order,2025-06,Friday,0
278.0,57,7,2025-03-17,1480.88,,0.0,1480.88,45.0,930.73,Delivered,Wallet,341.18,309.18,Non-Coupon Order,2025-03,Monday,0
279.0,260,25,2025-01-29,857.34,,0.0,857.34,25.0,534.78,Delivered,Upi,213.61,181.61,Non-Coupon Order,2025-01,Wednesday,0
280.0,196,25,2025-08-19,436.66,,0.0,436.66,35.0,265.36,Delivered,Upi,131.07,99.07,Non-Coupon Order,2025-08,Tuesday,0
281.0,270,8,2025-07-04,632.52,,0.0,632.52,45.0,394.27,Delivered,Wallet,171.5,139.5,Non-Coupon Order,2025-07,Friday,0
282.0,91,9,2025-11-13,414.65,,0.0,414.65,35.0,226.02,Delivered,Wallet,109.64,77.64,Non-Coupon Order,2025-11,Thursday,0
283.0,32,19,2025-06-10,391.58,,0.0,391.58,0.0,227.28,Delivered,Card,86.15,54.15,Non-Coupon Order,2025-06,Tuesday,0
284.0,287,3,2025-07-15,1170.39,,0.0,1170.39,45.0,611.96,Delivered,Upi,337.6,305.6,Non-Coupon Order,2025-07,Tuesday,0
285.0,260,27,2025-10-25,598.76,,0.0,598.76,55.0,319.33,Delivered,Wallet,186.73,154.73,Non-Coupon Order,2025-10,Saturday,0
286.0,285,10,2025-04-12,503.3,,0.0,503.3,0.0,314.39,Delivered,Cash,90.59,58.59,Non-Coupon Order,2025-04,Saturday,0
287.0,190,7,2025-01-18,561.47,,0.0,561.47,35.0,302.98,Delivered,Card,147.29,115.29,Non-Coupon Order,2025-01,Saturday,0
288.0,197,23,2025-10-13,787.24,,0.0,787.24,55.0,436.76,Delivered,Upi,196.7,164.7,Non-Coupon Order,2025-10,Monday,0
289.0,213,6,2025-03-01,329.24,,0.0,329.24,0.0,188.47,Delivered,Wallet,65.85,33.85,Non-Coupon Order,2025-03,Saturday,0
290.0,283,8,2025-03-22,267.69,,0.0,267.69,25.0,150.3,Delivered,Upi,78.54,46.54,Non-Coupon Order,2025-03,Saturday,0
291.0,24,12,2025-06-12,312.73,,0.0,312.73,35.0,165.89,Delivered,Card,113.18,81.18,Non-Coupon Order,2025-06,Thursday,0
293.0,33,30,2025-05-22,752.0,,0.0,752.0,25.0,443.25,Delivered,Cash,175.4,143.4,Non-Coupon Order,2025-05,Thursday,0
294.0,94,26,2025-12-26,1235.23,,0.0,1235.23,0.0,756.98,Delivered,Cash,308.81,276.81,Non-Coupon Order,2025-12,Friday,0
295.0,42,17,2025-07-29,480.64,,0.0,480.64,0.0,266.66,Delivered,Upi,96.13,64.13,Non-Coupon Order,2025-07,Tuesday,0
297.0,49,2,2025-01-05,440.33,,0.0,440.33,55.0,234.07,Delivered,Wallet,134.26,102.26,Non-Coupon Order,2025-01,Sunday,0
298.0,136,8,2025-01-06,248.94,,0.0,248.94,55.0,145.14,Delivered,Upi,104.79,72.79,Non-Coupon Order,2025-01,Monday,0
299.0,246,28,2025-05-13,453.79,,0.0,453.79,55.0,280.48,Delivered,Cash,168.45,136.45,Non-Coupon Order,2025-05,Tuesday,0
300.0,101,2,2025-08-27,618.92,,0.0,618.92,35.0,326.7,Delivered,Upi,146.41,114.41,Non-Coupon Order,2025-08,Wednesday,0
302.0,133,15,2025-12-03,1038.91,,0.0,1038.91,25.0,602.43,Delivered,Card,232.78,200.78,Non-Coupon Order,2025-12,Wednesday,0
303.0,206,30,2025-02-07,519.4,,0.0,519.4,55.0,311.03,Delivered,Wallet,158.88,126.88,Non-Coupon Order,2025-02,Friday,0
304.0,71,5,2025-09-15,288.77,,0.0,288.77,25.0,162.17,Delivered,Wallet,82.75,50.75,Non-Coupon Order,2025-09,Monday,0
305.0,101,6,2025-11-08,1174.12,,0.0,1174.12,35.0,731.33,Delivered,Cash,269.82,237.82,Non-Coupon Order,2025-11,Saturday,0
306.0,78,16,2025-02-18,475.66,,0.0,475.66,35.0,267.36,Delivered,Wallet,130.13,98.13,Non-Coupon Order,2025-02,Tuesday,0
307.0,143,10,2025-05-11,435.37,,0.0,435.37,45.0,267.83,Delivered,Upi,123.37,91.37,Non-Coupon Order,2025-05,Sunday,0
308.0,30,3,2025-03-04,767.1,,0.0,767.1,0.0,463.3,Delivered,Wallet,191.78,159.78,Non-Coupon Order,2025-03,Tuesday,0
310.0,49,23,2025-06-29,464.57,,0.0,464.57,45.0,286.59,Delivered,Card,128.62,96.62,Non-Coupon Order,2025-06,Sunday,0
311.0,269,3,2025-12-05,449.29,,0.0,449.29,45.0,248.99,Delivered,Upi,157.32,125.32,Non-Coupon Order,2025-12,Friday,0
312.0,156,9,2025-03-26,482.33,,0.0,482.33,35.0,291.81,Delivered,Wallet,121.82,89.82,Non-Coupon Order,2025-03,Wednesday,0
314.0,135,1,2025-08-05,381.15,,0.0,381.15,45.0,220.29,Delivered,Cash,128.85,96.85,Non-Coupon Order,2025-08,Tuesday,0
315.0,34,16,2025-10-24,1294.45,,0.0,1294.45,0.0,764.06,Delivered,Cash,258.89,226.89,Non-Coupon Order,2025-10,Friday,0
316.0,102,23,2025-06-27,447.06,,0.0,447.06,0.0,277.6,Delivered,Cash,80.47,48.47,Non-Coupon Order,2025-06,Friday,0
317.0,79,1,2025-08-13,498.39,,0.0,498.39,55.0,271.44,Delivered,Cash,164.65,132.65,Non-Coupon Order,2025-08,Wednesday,0
318.0,260,22,2025-03-28,2134.15,,0.0,2134.15,25.0,1321.55,Delivered,Upi,558.54,526.54,Non-Coupon Order,2025-03,Friday,0
319.0,12,30,2025-01-03,554.28,,0.0,554.28,55.0,304.59,Delivered,Cash,165.86,133.86,Non-Coupon Order,2025-01,Friday,0
320.0,281,27,2025-04-26,859.27,,0.0,859.27,0.0,539.92,Delivered,Wallet,189.04,157.04,Non-Coupon Order,2025-04,Saturday,0
321.0,33,17,2025-09-15,337.04,,0.0,337.04,35.0,214.14,Delivered,Upi,102.41,70.41,Non-Coupon Order,2025-09,Monday,0
322.0,144,19,2025-08-04,450.38,,0.0,450.38,55.0,244.97,Delivered,Upi,154.08,122.08,Non-Coupon Order,2025-08,Monday,0
323.0,68,10,2025-06-09,566.38,,0.0,566.38,45.0,355.85,Delivered,Wallet,146.95,114.95,Non-Coupon Order,2025-06,Monday,0
325.0,75,17,2025-09-13,1023.41,,0.0,1023.41,0.0,644.74,Delivered,Card,204.68,172.68,Non-Coupon Order,2025-09,Saturday,0
326.0,163,4,2025-07-25,667.22,,0.0,667.22,45.0,388.5,Delivered,Card,165.1,133.1,Non-Coupon Order,2025-07,Friday,0
327.0,85,23,2025-08-25,304.52,,0.0,304.52,45.0,171.62,Delivered,Wallet,99.81,67.81,Non-Coupon Order,2025-08,Monday,0
328.0,138,29,2025-01-16,357.06,,0.0,357.06,0.0,195.57,Delivered,Upi,78.55,46.55,Non-Coupon Order,2025-01,Thursday,0
330.0,226,19,2025-06-28,289.39,,0.0,289.39,0.0,160.69,Delivered,Card,63.67,31.67,Non-Coupon Order,2025-06,Saturday,0
331.0,53,13,2025-02-15,1262.84,,0.0,1262.84,45.0,722.53,Delivered,Card,322.82,290.82,Non-Coupon Order,2025-02,Saturday,0
332.0,46,29,2025-04-26,688.47,,0.0,688.47,25.0,408.15,Delivered,Upi,176.46,144.46,Non-Coupon Order,2025-04,Saturday,0
333.0,53,22,2025-01-16,610.46,,0.0,610.46,35.0,389.97,Delivered,Wallet,187.62,155.62,Non-Coupon Order,2025-01,Thursday,0
334.0,119,1,2025-05-09,953.51,5.0,200.0,753.51,35.0,580.3,Delivered,Cash,244.77,12.77,Coupon Order,2025-05,Friday,0
335.0,21,4,2025-09-14,442.03,,0.0,442.03,55.0,262.55,Delivered,Wallet,134.57,102.57,Non-Coupon Order,2025-09,Sunday,0
336.0,81,28,2025-03-04,554.89,,0.0,554.89,55.0,352.91,Delivered,Card,193.72,161.72,Non-Coupon Order,2025-03,Tuesday,0
337.0,9,4,2025-08-12,336.36,,0.0,336.36,55.0,190.17,Delivered,Card,115.54,83.54,Non-Coupon Order,2025-08,Tuesday,0
338.0,197,26,2025-09-03,695.05,,0.0,695.05,55.0,436.89,Delivered,Card,228.76,196.76,Non-Coupon Order,2025-09,Wednesday,0
339.0,284,9,2025-11-18,1116.14,,0.0,1116.14,0.0,708.09,Delivered,Cash,200.91,168.91,Non-Coupon Order,2025-11,Tuesday,0
341.0,39,10,2025-01-07,494.52,,0.0,494.52,45.0,289.72,Delivered,Card,134.01,102.01,Non-Coupon Order,2025-01,Tuesday,0
342.0,77,2,2025-06-25,589.82,,0.0,589.82,35.0,377.04,Delivered,Upi,141.17,109.17,Non-Coupon Order,2025-06,Wednesday,0
343.0,296,26,2025-12-02,410.36,,0.0,410.36,25.0,224.44,Delivered,Cash,127.59,95.59,Non-Coupon Order,2025-12,Tuesday,0
344.0,66,16,2025-09-20,845.85,,0.0,845.85,35.0,534.75,Delivered,Card,204.17,172.17,Non-Coupon Order,2025-09,Saturday,0
345.0,23,15,2025-05-21,755.41,,0.0,755.41,0.0,452.83,Delivered,Cash,151.08,119.08,Non-Coupon Order,2025-05,Wednesday,0
347.0,223,15,2025-06-04,678.74,4.0,0.0,678.74,0.0,391.29,Delivered,Wallet,135.75,103.75,Non-Coupon Order,2025-06,Wednesday,0
348.0,236,22,2025-03-24,403.68,,0.0,403.68,0.0,223.31,Delivered,Wallet,100.92,68.92,Non-Coupon Order,2025-03,Monday,0
349.0,189,15,2025-10-15,221.48,,0.0,221.48,45.0,135.92,Delivered,Card,89.3,57.3,Non-Coupon Order,2025-10,Wednesday,0
350.0,78,5,2025-09-20,851.72,,0.0,851.72,35.0,497.33,Delivered,Card,205.34,173.34,Non-Coupon Order,2025-09,Saturday,0
352.0,60,20,2025-04-11,259.83,,0.0,259.83,25.0,154.49,Delivered,Cash,76.97,44.97,Non-Coupon Order,2025-04,Friday,0
354.0,207,23,2025-01-18,562.88,,0.0,562.88,25.0,314.39,Delivered,Card,126.32,94.32,Non-Coupon Order,2025-01,Saturday,0
355.0,125,23,2025-01-19,909.01,,0.0,909.01,0.0,527.31,Delivered,Cash,163.62,131.62,Non-Coupon Order,2025-01,Sunday,0
356.0,109,8,2025-10-17,1011.98,,0.0,1011.98,45.0,624.38,Delivered,Cash,247.4,215.4,Non-Coupon Order,2025-10,Friday,0
357.0,156,24,2025-07-15,461.53,,0.0,461.53,25.0,255.8,Delivered,Wallet,117.31,85.31,Non-Coupon Order,2025-07,Tuesday,0
358.0,25,14,2025-06-20,690.09,,0.0,690.09,0.0,439.7,Delivered,Wallet,172.52,140.52,Non-Coupon Order,2025-06,Friday,0
359.0,233,17,2025-07-26,621.21,,0.0,621.21,45.0,394.88,Delivered,Upi,169.24,137.24,Non-Coupon Order,2025-07,Saturday,0
360.0,299,9,2025-09-01,294.55,,0.0,294.55,45.0,159.25,Delivered,Card,98.02,66.02,Non-Coupon Order,2025-09,Monday,0
362.0,241,21,2025-02-27,1500.22,,0.0,1500.22,45.0,932.07,Delivered,Cash,315.04,283.04,Non-Coupon Order,2025-02,Thursday,0
363.0,116,27,2025-07-26,1046.77,,0.0,1046.77,25.0,635.52,Delivered,Upi,255.29,223.29,Non-Coupon Order,2025-07,Saturday,0
364.0,57,14,2025-03-29,471.89,,0.0,471.89,45.0,246.24,Delivered,Card,162.97,130.97,Non-Coupon Order,2025-03,Saturday,0
365.0,146,10,2025-05-18,484.61,,0.0,484.61,45.0,286.0,Delivered,Card,132.23,100.23,Non-Coupon Order,2025-05,Sunday,0
366.0,83,25,2025-10-31,850.62,,0.0,850.62,25.0,481.46,Delivered,Wallet,212.14,180.14,Non-Coupon Order,2025-10,Friday,0
367.0,214,2,2025-09-20,538.15,,0.0,538.15,35.0,292.92,Delivered,Upi,131.87,99.87,Non-Coupon Order,2025-09,Saturday,0
368.0,272,4,2025-02-22,422.05,,0.0,422.05,0.0,240.22,Delivered,Card,75.97,43.97,Non-Coupon Order,2025-02,Saturday,0
369.0,14,26,2025-01-31,452.41,,0.0,452.41,45.0,270.95,Delivered,Card,158.1,126.1,Non-Coupon Order,2025-01,Friday,0
370.0,126,6,2025-09-18,491.33,,0.0,491.33,45.0,278.28,Delivered,Cash,143.27,111.27,Non-Coupon Order,2025-09,Thursday,0
371.0,5,27,2025-02-22,337.45,,0.0,337.45,0.0,206.57,Delivered,Cash,74.24,42.24,Non-Coupon Order,2025-02,Saturday,0
372.0,276,1,2025-07-19,1066.02,,0.0,1066.02,45.0,563.55,Delivered,Upi,279.52,247.52,Non-Coupon Order,2025-07,Saturday,0
373.0,215,30,2025-03-06,449.97,,0.0,449.97,45.0,279.92,Delivered,Card,134.99,102.99,Non-Coupon Order,2025-03,Thursday,0
374.0,50,19,2025-03-23,1040.88,,0.0,1040.88,55.0,657.5,Delivered,Wallet,283.99,251.99,Non-Coupon Order,2025-03,Sunday,0
375.0,72,9,2025-06-13,295.85,,0.0,295.85,45.0,161.67,Delivered,Cash,98.25,66.25,Non-Coupon Order,2025-06,Friday,0
376.0,127,3,2025-08-28,763.2,,0.0,763.2,45.0,427.05,Delivered,Cash,235.8,203.8,Non-Coupon Order,2025-08,Thursday,0
377.0,106,2,2025-12-17,415.83,,0.0,415.83,45.0,216.26,Delivered,Cash,119.85,87.85,Non-Coupon Order,2025-12,Wednesday,0
378.0,233,17,2025-11-21,529.02,,0.0,529.02,55.0,297.45,Delivered,Upi,160.8,128.8,Non-Coupon Order,2025-11,Friday,0
379.0,237,20,2025-04-06,1010.92,,0.0,1010.92,0.0,639.34,Delivered,Card,202.18,170.18,Non-Coupon Order,2025-04,Sunday,0
380.0,130,14,2025-12-03,225.53,,0.0,225.53,0.0,133.78,Delivered,Wallet,56.38,24.38,Non-Coupon Order,2025-12,Wednesday,0
381.0,170,23,2025-04-02,356.6,,0.0,356.6,0.0,194.42,Delivered,Card,64.19,32.19,Non-Coupon Order,2025-04,Wednesday,0
382.0,17,13,2025-07-07,454.97,,0.0,454.97,35.0,239.58,Delivered,Cash,135.09,103.09,Non-Coupon Order,2025-07,Monday,0
383.0,91,7,2025-01-01,307.49,,0.0,307.49,45.0,169.01,Delivered,Wallet,106.5,74.5,Non-Coupon Order,2025-01,Wednesday,0
384.0,15,12,2025-12-31,770.42,,0.0,770.42,45.0,473.94,Delivered,Wallet,237.61,205.61,Non-Coupon Order,2025-12,Wednesday,0
385.0,158,11,2025-07-24,341.31,,0.0,341.31,35.0,199.41,Delivered,Cash,120.33,88.33,Non-Coupon Order,2025-07,Thursday,0
386.0,268,20,2025-02-06,257.52,,0.0,257.52,35.0,161.6,Delivered,Card,86.5,54.5,Non-Coupon Order,2025-02,Thursday,0
387.0,298,23,2025-10-12,268.49,,0.0,268.49,45.0,153.59,Delivered,Wallet,93.33,61.33,Non-Coupon Order,2025-10,Sunday,0
388.0,133,1,2025-09-27,575.87,,0.0,575.87,0.0,314.18,Delivered,Card,126.69,94.69,Non-Coupon Order,2025-09,Saturday,0
389.0,298,19,2025-02-09,542.94,,0.0,542.94,25.0,296.92,Delivered,Upi,144.45,112.45,Non-Coupon Order,2025-02,Sunday,0
390.0,217,26,2025-07-03,415.3,,0.0,415.3,0.0,221.84,Delivered,Cash,103.83,71.83,Non-Coupon Order,2025-07,Thursday,0
391.0,169,13,2025-09-19,794.12,,0.0,794.12,35.0,423.3,Delivered,Wallet,209.71,177.71,Non-Coupon Order,2025-09,Friday,0
392.0,183,7,2025-10-08,972.88,,0.0,972.88,25.0,613.05,Delivered,Card,219.58,187.58,Non-Coupon Order,2025-10,Wednesday,0
393.0,257,25,2025-09-29,529.21,,0.0,529.21,25.0,306.41,Delivered,Upi,141.43,109.43,Non-Coupon Order,2025-09,Monday,0
394.0,35,6,2025-06-18,677.22,,0.0,677.22,45.0,366.28,Delivered,Cash,180.44,148.44,Non-Coupon Order,2025-06,Wednesday,0
395.0,123,14,2025-03-13,1500.42,,0.0,1500.42,0.0,859.99,Delivered,Cash,375.11,343.11,Non-Coupon Order,2025-03,Thursday,0
396.0,118,20,2025-12-03,367.47,,0.0,367.47,35.0,228.98,Delivered,Card,108.49,76.49,Non-Coupon Order,2025-12,Wednesday,0
397.0,52,23,2025-05-02,421.38,,0.0,421.38,45.0,235.39,Delivered,Cash,120.85,88.85,Non-Coupon Order,2025-05,Friday,0
398.0,120,14,2025-09-24,516.98,4.0,45.0,471.98,0.0,328.57,Delivered,Cash,129.25,52.25,Coupon Order,2025-09,Wednesday,0
399.0,22,12,2025-02-22,292.89,,0.0,292.89,45.0,174.16,Delivered,Card,118.22,86.22,Non-Coupon Order,2025-02,Saturday,0
400.0,243,1,2025-08-23,742.62,,0.0,742.62,55.0,442.01,Delivered,Card,218.38,186.38,Non-Coupon Order,2025-08,Saturday,0
401.0,284,15,2025-07-13,307.75,,0.0,307.75,55.0,173.28,Delivered,Wallet,116.55,84.55,Non-Coupon Order,2025-07,Sunday,0
402.0,186,20,2025-02-03,272.14,,0.0,272.14,0.0,167.22,Delivered,Wallet,54.43,22.43,Non-Coupon Order,2025-02,Monday,0
403.0,266,1,2025-07-18,554.51,8.0,180.0,374.51,55.0,307.54,Delivered,Wallet,176.99,-35.01,Coupon Order,2025-07,Friday,0
404.0,197,29,2025-06-19,907.74,,0.0,907.74,35.0,568.04,Delivered,Upi,234.7,202.7,Non-Coupon Order,2025-06,Thursday,0
405.0,238,1,2025-06-24,364.99,,0.0,364.99,55.0,200.62,Delivered,Wallet,135.3,103.3,Non-Coupon Order,2025-06,Tuesday,0
406.0,179,18,2025-07-22,522.39,,0.0,522.39,0.0,313.12,Delivered,Card,94.03,62.03,Non-Coupon Order,2025-07,Tuesday,0
407.0,167,23,2025-08-05,491.32,,0.0,491.32,25.0,306.7,Delivered,Upi,113.44,81.44,Non-Coupon Order,2025-08,Tuesday,0
408.0,84,4,2025-10-05,353.18,,0.0,353.18,0.0,184.75,Delivered,Wallet,63.57,31.57,Non-Coupon Order,2025-10,Sunday,0
409.0,179,22,2025-05-12,280.4,,0.0,280.4,55.0,178.29,Delivered,Upi,125.1,93.1,Non-Coupon Order,2025-05,Monday,0
410.0,135,27,2025-12-28,538.54,6.0,75.0,463.54,55.0,319.71,Delivered,Card,173.48,66.48,Coupon Order,2025-12,Sunday,0
411.0,9,26,2025-06-25,502.48,,0.0,502.48,45.0,277.12,Delivered,Card,170.62,138.62,Non-Coupon Order,2025-06,Wednesday,0
412.0,231,29,2025-03-07,436.85,,0.0,436.85,45.0,250.27,Delivered,Cash,141.11,109.11,Non-Coupon Order,2025-03,Friday,0
413.0,144,25,2025-12-19,484.16,,0.0,484.16,25.0,274.35,Delivered,Cash,131.52,99.52,Non-Coupon Order,2025-12,Friday,0
415.0,26,29,2025-11-11,373.03,,0.0,373.03,35.0,222.23,Delivered,Card,117.07,85.07,Non-Coupon Order,2025-11,Tuesday,0
416.0,9,18,2025-10-11,545.8,,0.0,545.8,55.0,298.07,Delivered,Wallet,153.24,121.24,Non-Coupon Order,2025-10,Saturday,0
417.0,295,9,2025-11-30,229.47,,0.0,229.47,35.0,145.55,Delivered,Card,76.3,44.3,Non-Coupon Order,2025-11,Sunday,0
418.0,100,8,2025-03-24,864.88,,0.0,864.88,35.0,518.47,Delivered,Wallet,207.98,175.98,Non-Coupon Order,2025-03,Monday,0
419.0,155,27,2025-04-18,528.37,,0.0,528.37,55.0,323.12,Delivered,Cash,171.24,139.24,Non-Coupon Order,2025-04,Friday,0
420.0,69,8,2025-10-07,1129.43,,0.0,1129.43,45.0,641.52,Delivered,Card,270.89,238.89,Non-Coupon Order,2025-10,Tuesday,0
422.0,85,29,2025-08-10,222.18,,0.0,222.18,0.0,141.42,Delivered,Upi,48.88,16.88,Non-Coupon Order,2025-08,Sunday,0
423.0,249,25,2025-05-29,626.97,,0.0,626.97,0.0,348.26,Delivered,Wallet,137.93,105.93,Non-Coupon Order,2025-05,Thursday,0
424.0,265,15,2025-11-08,405.15,,0.0,405.15,45.0,243.13,Delivered,Upi,126.03,94.03,Non-Coupon Order,2025-11,Saturday,0
426.0,226,25,2025-02-04,328.09,,0.0,328.09,55.0,203.21,Delivered,Cash,127.18,95.18,Non-Coupon Order,2025-02,Tuesday,0
427.0,278,29,2025-04-20,310.71,,0.0,310.71,45.0,197.18,Delivered,Wallet,113.36,81.36,Non-Coupon Order,2025-04,Sunday,0
428.0,203,13,2025-09-07,506.74,,0.0,506.74,25.0,280.21,Delivered,Card,136.48,104.48,Non-Coupon Order,2025-09,Sunday,0
429.0,54,8,2025-08-25,522.05,,0.0,522.05,25.0,296.53,Delivered,Card,129.41,97.41,Non-Coupon Order,2025-08,Monday,0
430.0,176,19,2025-01-15,262.07,,0.0,262.07,35.0,150.7,Delivered,Wallet,92.66,60.66,Non-Coupon Order,2025-01,Wednesday,0
431.0,181,9,2025-12-31,568.05,,0.0,568.05,45.0,348.98,Delivered,Card,147.25,115.25,Non-Coupon Order,2025-12,Wednesday,0
432.0,159,21,2025-03-11,693.07,,0.0,693.07,45.0,409.01,Delivered,Upi,169.75,137.75,Non-Coupon Order,2025-03,Tuesday,0
433.0,152,1,2025-10-02,1322.51,,0.0,1322.51,0.0,789.68,Delivered,Cash,290.95,258.95,Non-Coupon Order,2025-10,Thursday,0
434.0,94,18,2025-04-17,616.31,,0.0,616.31,55.0,329.31,Delivered,Cash,165.94,133.94,Non-Coupon Order,2025-04,Thursday,0
435.0,217,14,2025-12-12,436.92,,0.0,436.92,45.0,247.65,Delivered,Upi,154.23,122.23,Non-Coupon Order,2025-12,Friday,0
436.0,130,17,2025-07-11,420.13,,0.0,420.13,0.0,268.86,Delivered,Cash,84.03,52.03,Non-Coupon Order,2025-07,Friday,0
437.0,290,21,2025-08-02,312.62,,0.0,312.62,35.0,186.08,Delivered,Cash,91.27,59.27,Non-Coupon Order,2025-08,Saturday,0
438.0,52,29,2025-12-22,935.33,6.0,75.0,860.33,35.0,505.99,Delivered,Cash,240.77,133.77,Coupon Order,2025-12,Monday,0
439.0,109,30,2025-01-28,489.71,,0.0,489.71,35.0,293.75,Delivered,Wallet,132.94,100.94,Non-Coupon Order,2025-01,Tuesday,0
440.0,77,20,2025-07-27,949.35,,0.0,949.35,55.0,590.31,Delivered,Upi,244.87,212.87,Non-Coupon Order,2025-07,Sunday,0
441.0,169,20,2025-11-16,295.78,,0.0,295.78,45.0,177.48,Delivered,Card,104.16,72.16,Non-Coupon Order,2025-11,Sunday,0
442.0,19,22,2025-10-22,272.91,,0.0,272.91,25.0,149.4,Delivered,Wallet,93.23,61.23,Non-Coupon Order,2025-10,Wednesday,0
443.0,137,13,2025-06-20,420.08,,0.0,420.08,55.0,237.67,Delivered,Upi,147.42,115.42,Non-Coupon Order,2025-06,Friday,0
444.0,1,12,2025-04-22,610.16,,0.0,610.16,35.0,361.76,Delivered,Upi,187.54,155.54,Non-Coupon Order,2025-04,Tuesday,0
445.0,164,16,2025-05-07,881.93,,0.0,881.93,25.0,559.01,Delivered,Cash,201.39,169.39,Non-Coupon Order,2025-05,Wednesday,0
446.0,137,8,2025-09-28,341.32,,0.0,341.32,25.0,195.06,Delivered,Wallet,93.26,61.26,Non-Coupon Order,2025-09,Sunday,0
447.0,188,8,2025-10-31,368.6,,0.0,368.6,55.0,211.74,Delivered,Upi,128.72,96.72,Non-Coupon Order,2025-10,Friday,0
448.0,42,4,2025-09-24,630.2,,0.0,630.2,45.0,329.4,Delivered,Cash,158.44,126.44,Non-Coupon Order,2025-09,Wednesday,0
449.0,71,2,2025-09-05,1450.41,,0.0,1450.41,35.0,861.45,Delivered,Cash,296.07,264.07,Non-Coupon Order,2025-09,Friday,0
450.0,68,1,2025-09-22,577.11,,0.0,577.11,45.0,303.22,Delivered,Cash,171.96,139.96,Non-Coupon Order,2025-09,Monday,0
451.0,70,27,2025-02-12,434.75,,0.0,434.75,0.0,239.51,Delivered,Card,95.65,63.65,Non-Coupon Order,2025-02,Wednesday,0
452.0,201,11,2025-10-20,328.58,,0.0,328.58,45.0,178.56,Delivered,Card,127.15,95.15,Non-Coupon Order,2025-10,Monday,0
453.0,74,30,2025-06-08,437.6,,0.0,437.6,0.0,256.14,Delivered,Cash,87.52,55.52,Non-Coupon Order,2025-06,Sunday,0
454.0,247,18,2025-01-16,659.45,,0.0,659.45,45.0,389.67,Delivered,Upi,163.7,131.7,Non-Coupon Order,2025-01,Thursday,0
455.0,205,17,2025-04-21,224.05,,0.0,224.05,0.0,117.9,Delivered,Cash,44.81,12.81,Non-Coupon Order,2025-04,Monday,0
456.0,159,4,2025-12-29,469.77,,0.0,469.77,25.0,300.2,Delivered,Cash,109.56,77.56,Non-Coupon Order,2025-12,Monday,0
457.0,210,14,2025-09-09,766.68,,0.0,766.68,0.0,437.85,Delivered,Cash,191.67,159.67,Non-Coupon Order,2025-09,Tuesday,0
458.0,206,18,2025-12-04,417.66,,0.0,417.66,0.0,223.21,Delivered,Cash,75.18,43.18,Non-Coupon Order,2025-12,Thursday,0
459.0,283,20,2025-12-25,251.23,4.0,55.0,196.23,0.0,153.73,Delivered,Card,50.25,-36.75,Coupon Order,2025-12,Thursday,0
460.0,87,6,2025-02-02,396.49,,0.0,396.49,0.0,245.2,Delivered,Upi,79.3,47.3,Non-Coupon Order,2025-02,Sunday,0
461.0,54,17,2025-10-23,323.08,,0.0,323.08,25.0,178.21,Delivered,Wallet,89.62,57.62,Non-Coupon Order,2025-10,Thursday,0
463.0,145,2,2025-08-18,933.56,,0.0,933.56,35.0,485.48,Delivered,Upi,203.04,171.04,Non-Coupon Order,2025-08,Monday,0
464.0,211,19,2025-08-05,323.26,,0.0,323.26,55.0,204.37,Delivered,Wallet,126.12,94.12,Non-Coupon Order,2025-08,Tuesday,0
465.0,18,16,2025-11-16,1172.22,,0.0,1172.22,25.0,708.1,Delivered,Upi,259.44,227.44,Non-Coupon Order,2025-11,Sunday,0
466.0,256,6,2025-07-14,601.73,,0.0,601.73,55.0,331.73,Delivered,Card,175.35,143.35,Non-Coupon Order,2025-07,Monday,0
467.0,33,27,2025-07-13,420.28,,0.0,420.28,25.0,251.2,Delivered,Wallet,117.46,85.46,Non-Coupon Order,2025-07,Sunday,0
468.0,169,23,2025-07-19,1064.29,,0.0,1064.29,35.0,633.05,Delivered,Wallet,226.57,194.57,Non-Coupon Order,2025-07,Saturday,0
469.0,228,18,2025-02-11,222.02,,0.0,222.02,55.0,126.31,Delivered,Upi,94.96,62.96,Non-Coupon Order,2025-02,Tuesday,0
470.0,279,3,2025-02-13,284.36,,0.0,284.36,0.0,157.73,Delivered,Wallet,71.09,39.09,Non-Coupon Order,2025-02,Thursday,0
471.0,78,19,2025-06-09,472.12,,0.0,472.12,45.0,269.75,Delivered,Upi,148.87,116.87,Non-Coupon Order,2025-06,Monday,0
472.0,116,7,2025-05-01,825.98,,0.0,825.98,45.0,502.95,Delivered,Wallet,210.2,178.2,Non-Coupon Order,2025-05,Thursday,0
473.0,276,10,2025-04-06,697.43,,0.0,697.43,45.0,402.91,Delivered,Wallet,170.54,138.54,Non-Coupon Order,2025-04,Sunday,0
474.0,73,30,2025-04-29,825.9,,0.0,825.9,45.0,470.2,Delivered,Upi,210.18,178.18,Non-Coupon Order,2025-04,Tuesday,0
476.0,21,6,2025-10-04,417.96,,0.0,417.96,25.0,237.48,Delivered,Cash,108.59,76.59,Non-Coupon Order,2025-10,Saturday,0
477.0,218,28,2025-10-13,638.49,,0.0,638.49,0.0,381.13,Delivered,Wallet,159.62,127.62,Non-Coupon Order,2025-10,Monday,0
478.0,40,8,2025-04-05,291.15,,0.0,291.15,25.0,163.44,Delivered,Card,83.23,51.23,Non-Coupon Order,2025-04,Saturday,0
479.0,1,1,2025-07-31,441.77,,0.0,441.77,0.0,279.75,Delivered,Wallet,97.19,65.19,Non-Coupon Order,2025-07,Thursday,0
480.0,158,22,2025-01-27,307.04,,0.0,307.04,0.0,170.8,Delivered,Upi,76.76,44.76,Non-Coupon Order,2025-01,Monday,0
481.0,200,11,2025-03-09,268.14,,0.0,268.14,0.0,157.27,Delivered,Card,67.04,35.04,Non-Coupon Order,2025-03,Sunday,0
482.0,228,5,2025-06-29,278.07,,0.0,278.07,0.0,169.8,Delivered,Cash,55.61,23.61,Non-Coupon Order,2025-06,Sunday,0
483.0,126,21,2025-06-29,1023.06,,0.0,1023.06,0.0,574.14,Delivered,Card,184.15,152.15,Non-Coupon Order,2025-06,Sunday,0
484.0,237,19,2025-03-24,333.24,,0.0,333.24,0.0,189.93,Delivered,Card,73.31,41.31,Non-Coupon Order,2025-03,Monday,0
485.0,20,26,2025-09-18,261.42,,0.0,261.42,0.0,161.61,Delivered,Upi,65.36,33.36,Non-Coupon Order,2025-09,Thursday,0
486.0,108,18,2025-03-12,321.39,,0.0,321.39,45.0,168.71,Delivered,Wallet,102.85,70.85,Non-Coupon Order,2025-03,Wednesday,0
487.0,255,18,2025-03-08,426.49,,0.0,426.49,55.0,269.73,Delivered,Card,131.77,99.77,Non-Coupon Order,2025-03,Saturday,0
488.0,84,7,2025-05-05,493.65,,0.0,493.65,0.0,300.44,Delivered,Wallet,98.73,66.73,Non-Coupon Order,2025-05,Monday,0
489.0,49,13,2025-01-25,275.46,,0.0,275.46,55.0,168.56,Delivered,Card,115.6,83.6,Non-Coupon Order,2025-01,Saturday,0
490.0,137,5,2025-12-17,482.81,,0.0,482.81,25.0,295.48,Delivered,Wallet,121.56,89.56,Non-Coupon Order,2025-12,Wednesday,0
491.0,200,15,2025-10-15,504.88,,0.0,504.88,0.0,307.41,Delivered,Upi,100.98,68.98,Non-Coupon Order,2025-10,Wednesday,0
492.0,294,28,2025-08-23,462.71,8.0,157.43,305.28,55.0,244.86,Delivered,Upi,170.68,-18.75,Coupon Order,2025-08,Saturday,0
493.0,3,17,2025-10-04,268.18,,0.0,268.18,25.0,149.67,Delivered,Upi,78.64,46.64,Non-Coupon Order,2025-10,Saturday,0
494.0,285,11,2025-08-18,603.15,,0.0,603.15,25.0,381.05,Delivered,Wallet,175.79,143.79,Non-Coupon Order,2025-08,Monday,0
495.0,136,9,2025-04-13,309.34,,0.0,309.34,35.0,197.26,Delivered,Cash,90.68,58.68,Non-Coupon Order,2025-04,Sunday,0
496.0,96,17,2025-07-01,327.79,,0.0,327.79,35.0,187.26,Delivered,Upi,100.56,68.56,Non-Coupon Order,2025-07,Tuesday,0
497.0,183,2,2025-12-24,816.47,,0.0,816.47,25.0,458.84,Delivered,Cash,171.96,139.96,Non-Coupon Order,2025-12,Wednesday,0
498.0,204,8,2025-02-14,774.42,,0.0,774.42,55.0,404.43,Delivered,Wallet,209.88,177.88,Non-Coupon Order,2025-02,Friday,0
499.0,88,24,2025-03-18,484.04,,0.0,484.04,25.0,280.02,Delivered,Cash,121.81,89.81,Non-Coupon Order,2025-03,Tuesday,0
502.0,153,16,2025-08-28,739.76,,0.0,739.76,25.0,418.76,Delivered,Card,172.95,140.95,Non-Coupon Order,2025-08,Thursday,0
503.0,27,26,2025-05-09,856.86,,0.0,856.86,35.0,486.9,Delivered,Card,249.22,217.22,Non-Coupon Order,2025-05,Friday,0
504.0,85,18,2025-05-26,667.5,,0.0,667.5,25.0,355.67,Delivered,Cash,145.15,113.15,Non-Coupon Order,2025-05,Monday,0
505.0,78,19,2025-04-08,699.81,,0.0,699.81,0.0,368.81,Delivered,Cash,153.96,121.96,Non-Coupon Order,2025-04,Tuesday,0
506.0,229,27,2025-01-28,306.6,,0.0,306.6,35.0,189.07,Delivered,Wallet,102.45,70.45,Non-Coupon Order,2025-01,Tuesday,0
507.0,221,4,2025-01-04,287.81,,0.0,287.81,0.0,176.5,Delivered,Card,51.81,19.81,Non-Coupon Order,2025-01,Saturday,0
508.0,185,3,2025-07-13,497.02,,0.0,497.02,25.0,276.41,Delivered,Card,149.26,117.26,Non-Coupon Order,2025-07,Sunday,0
509.0,15,1,2025-01-29,341.32,,0.0,341.32,25.0,178.37,Delivered,Card,100.09,68.09,Non-Coupon Order,2025-01,Wednesday,0
510.0,114,1,2025-04-26,303.74,,0.0,303.74,35.0,187.15,Delivered,Wallet,101.82,69.82,Non-Coupon Order,2025-04,Saturday,0
511.0,224,29,2025-08-28,294.31,,0.0,294.31,45.0,166.26,Delivered,Upi,109.75,77.75,Non-Coupon Order,2025-08,Thursday,0
512.0,137,17,2025-07-04,2352.11,,0.0,2352.11,0.0,1270.21,Delivered,Upi,470.42,438.42,Non-Coupon Order,2025-07,Friday,0
513.0,299,26,2025-08-31,466.56,,0.0,466.56,45.0,259.5,Delivered,Cash,161.64,129.64,Non-Coupon Order,2025-08,Sunday,0
514.0,262,19,2025-08-19,538.83,,0.0,538.83,0.0,338.51,Delivered,Wallet,118.54,86.54,Non-Coupon Order,2025-08,Tuesday,0
515.0,159,19,2025-02-06,503.73,,0.0,503.73,45.0,306.3,Delivered,Wallet,155.82,123.82,Non-Coupon Order,2025-02,Thursday,0
516.0,235,23,2025-03-31,256.48,,0.0,256.48,25.0,146.73,Delivered,Cash,71.17,39.17,Non-Coupon Order,2025-03,Monday,0
517.0,78,20,2025-07-18,936.68,,0.0,936.68,25.0,525.55,Delivered,Cash,212.34,180.34,Non-Coupon Order,2025-07,Friday,0
518.0,19,13,2025-11-04,516.99,1.0,150.0,366.99,0.0,274.83,Delivered,Wallet,113.74,-68.26,Coupon Order,2025-11,Tuesday,0
519.0,120,5,2025-01-05,225.17,,0.0,225.17,35.0,143.56,Delivered,Card,80.03,48.03,Non-Coupon Order,2025-01,Sunday,0
520.0,157,7,2025-11-15,764.75,,0.0,764.75,35.0,454.28,Delivered,Card,187.95,155.95,Non-Coupon Order,2025-11,Saturday,0
521.0,105,22,2025-11-09,1302.29,7.0,250.0,1052.29,45.0,787.32,Delivered,Card,370.57,88.57,Coupon Order,2025-11,Sunday,0
522.0,114,26,2025-04-02,614.73,,0.0,614.73,0.0,369.49,Delivered,Cash,153.68,121.68,Non-Coupon Order,2025-04,Wednesday,0
523.0,185,30,2025-08-13,410.17,,0.0,410.17,45.0,232.45,Delivered,Wallet,127.03,95.03,Non-Coupon Order,2025-08,Wednesday,0
524.0,225,20,2025-05-07,530.62,,0.0,530.62,45.0,301.02,Delivered,Wallet,151.12,119.12,Non-Coupon Order,2025-05,Wednesday,0
525.0,173,3,2025-10-09,539.77,,0.0,539.77,25.0,281.48,Delivered,Wallet,159.94,127.94,Non-Coupon Order,2025-10,Thursday,0
526.0,40,12,2025-04-23,403.93,,0.0,403.93,55.0,216.59,Delivered,Card,155.98,123.98,Non-Coupon Order,2025-04,Wednesday,0
527.0,137,19,2025-11-14,254.96,,0.0,254.96,35.0,154.89,Delivered,Card,91.09,59.09,Non-Coupon Order,2025-11,Friday,0
528.0,154,19,2025-11-19,1416.75,,0.0,1416.75,35.0,802.9,Delivered,Card,346.69,314.69,Non-Coupon Order,2025-11,Wednesday,0
529.0,241,18,2025-12-18,648.3,,0.0,648.3,25.0,403.54,Delivered,Card,141.69,109.69,Non-Coupon Order,2025-12,Thursday,0
530.0,37,4,2025-05-06,526.05,,0.0,526.05,45.0,312.47,Delivered,Card,139.69,107.69,Non-Coupon Order,2025-05,Tuesday,0
532.0,134,13,2025-07-15,701.56,,0.0,701.56,55.0,407.43,Delivered,Cash,209.34,177.34,Non-Coupon Order,2025-07,Tuesday,0
533.0,27,3,2025-01-14,1404.48,,0.0,1404.48,45.0,823.3,Delivered,Upi,396.12,364.12,Non-Coupon Order,2025-01,Tuesday,0
534.0,122,14,2025-06-07,727.93,,0.0,727.93,55.0,407.1,Delivered,Card,236.98,204.98,Non-Coupon Order,2025-06,Saturday,0
535.0,120,14,2025-09-13,334.23,,0.0,334.23,0.0,178.73,Delivered,Card,83.56,51.56,Non-Coupon Order,2025-09,Saturday,0
536.0,64,23,2025-01-28,280.94,,0.0,280.94,45.0,150.8,Delivered,Card,95.57,63.57,Non-Coupon Order,2025-01,Tuesday,0
537.0,10,16,2025-11-08,382.13,,0.0,382.13,55.0,208.17,Delivered,Wallet,131.43,99.43,Non-Coupon Order,2025-11,Saturday,0
538.0,112,14,2025-10-25,721.81,,0.0,721.81,35.0,446.36,Delivered,Upi,215.45,183.45,Non-Coupon Order,2025-10,Saturday,0
539.0,51,21,2025-08-27,433.14,,0.0,433.14,25.0,254.0,Delivered,Card,102.97,70.97,Non-Coupon Order,2025-08,Wednesday,0
540.0,26,18,2025-04-04,647.37,,0.0,647.37,45.0,368.31,Delivered,Card,161.53,129.53,Non-Coupon Order,2025-04,Friday,0
541.0,63,23,2025-03-31,404.57,,0.0,404.57,35.0,254.39,Delivered,Upi,107.82,75.82,Non-Coupon Order,2025-03,Monday,0
542.0,16,27,2025-11-06,654.23,,0.0,654.23,35.0,343.43,Delivered,Wallet,178.93,146.93,Non-Coupon Order,2025-11,Thursday,0
544.0,63,2,2025-11-28,620.11,3.0,120.0,500.11,25.0,355.45,Delivered,Card,136.62,-15.38,Coupon Order,2025-11,Friday,0
545.0,191,11,2025-09-16,294.66,,0.0,294.66,35.0,154.5,Delivered,Upi,108.67,76.67,Non-Coupon Order,2025-09,Tuesday,0
546.0,294,25,2025-06-21,374.5,,0.0,374.5,25.0,220.09,Delivered,Card,107.39,75.39,Non-Coupon Order,2025-06,Saturday,0
547.0,177,13,2025-02-24,690.77,,0.0,690.77,0.0,375.39,Delivered,Card,151.97,119.97,Non-Coupon Order,2025-02,Monday,0
548.0,12,17,2025-08-01,372.63,,0.0,372.63,45.0,214.29,Delivered,Upi,119.53,87.53,Non-Coupon Order,2025-08,Friday,0
549.0,163,14,2025-10-29,1022.01,7.0,250.0,772.01,55.0,533.14,Delivered,Upi,310.5,28.5,Coupon Order,2025-10,Wednesday,0
550.0,150,27,2025-09-20,553.96,,0.0,553.96,0.0,299.91,Delivered,Wallet,121.87,89.87,Non-Coupon Order,2025-09,Saturday,0
551.0,78,3,2025-10-12,423.77,,0.0,423.77,0.0,255.01,Delivered,Cash,105.94,73.94,Non-Coupon Order,2025-10,Sunday,0
553.0,123,17,2025-09-18,800.26,,0.0,800.26,0.0,470.62,Delivered,Card,160.05,128.05,Non-Coupon Order,2025-09,Thursday,0
554.0,291,20,2025-11-07,348.37,,0.0,348.37,55.0,196.0,Delivered,Card,124.67,92.67,Non-Coupon Order,2025-11,Friday,0
556.0,169,25,2025-11-15,623.15,,0.0,623.15,25.0,377.64,Delivered,Cash,162.09,130.09,Non-Coupon Order,2025-11,Saturday,0
557.0,85,2,2025-07-04,378.67,,0.0,378.67,45.0,219.4,Delivered,Upi,113.16,81.16,Non-Coupon Order,2025-07,Friday,0
558.0,138,17,2025-12-29,356.14,,0.0,356.14,35.0,200.21,Delivered,Upi,106.23,74.23,Non-Coupon Order,2025-12,Monday,0
559.0,264,9,2025-10-22,599.03,,0.0,599.03,35.0,341.47,Delivered,Wallet,142.83,110.83,Non-Coupon Order,2025-10,Wednesday,0
560.0,207,9,2025-08-12,420.64,,0.0,420.64,55.0,225.84,Delivered,Card,130.72,98.72,Non-Coupon Order,2025-08,Tuesday,0
562.0,227,23,2025-03-22,543.71,,0.0,543.71,35.0,289.74,Delivered,Upi,132.87,100.87,Non-Coupon Order,2025-03,Saturday,0
563.0,59,13,2025-09-12,304.95,,0.0,304.95,0.0,162.17,Delivered,Card,67.09,35.09,Non-Coupon Order,2025-09,Friday,0
564.0,200,30,2025-02-01,292.67,,0.0,292.67,35.0,154.52,Delivered,Card,93.53,61.53,Non-Coupon Order,2025-02,Saturday,0
565.0,157,16,2025-07-06,834.36,,0.0,834.36,0.0,494.53,Delivered,Cash,166.87,134.87,Non-Coupon Order,2025-07,Sunday,0
566.0,265,17,2025-07-26,397.7,,0.0,397.7,25.0,240.15,Delivered,Cash,104.54,72.54,Non-Coupon Order,2025-07,Saturday,0
567.0,35,9,2025-04-19,398.76,,0.0,398.76,45.0,219.08,Delivered,Cash,116.78,84.78,Non-Coupon Order,2025-04,Saturday,0
568.0,58,13,2025-11-03,402.96,,0.0,402.96,55.0,219.54,Delivered,Upi,143.65,111.65,Non-Coupon Order,2025-11,Monday,0
569.0,209,15,2025-05-11,1486.23,,0.0,1486.23,55.0,905.57,Delivered,Cash,352.25,320.25,Non-Coupon Order,2025-05,Sunday,0
570.0,259,12,2025-10-25,665.69,,0.0,665.69,55.0,366.81,Delivered,Cash,221.42,189.42,Non-Coupon Order,2025-10,Saturday,0
572.0,104,3,2025-11-30,523.04,,0.0,523.04,55.0,280.53,Delivered,Wallet,185.76,153.76,Non-Coupon Order,2025-11,Sunday,0
573.0,153,25,2025-03-17,587.45,,0.0,587.45,45.0,314.48,Delivered,Upi,174.24,142.24,Non-Coupon Order,2025-03,Monday,0
574.0,174,1,2025-06-14,298.36,,0.0,298.36,0.0,179.58,Delivered,Upi,65.64,33.64,Non-Coupon Order,2025-06,Saturday,0
575.0,142,13,2025-11-24,408.72,,0.0,408.72,0.0,218.0,Delivered,Card,89.92,57.92,Non-Coupon Order,2025-11,Monday,0
576.0,54,21,2025-07-25,845.63,,0.0,845.63,55.0,494.79,Delivered,Card,207.21,175.21,Non-Coupon Order,2025-07,Friday,0
577.0,89,20,2025-04-17,511.83,,0.0,511.83,0.0,312.83,Delivered,Wallet,102.37,70.37,Non-Coupon Order,2025-04,Thursday,0
578.0,44,22,2025-12-26,820.75,,0.0,820.75,35.0,482.87,Delivered,Card,240.19,208.19,Non-Coupon Order,2025-12,Friday,0
579.0,172,26,2025-06-25,345.79,,0.0,345.79,45.0,203.42,Delivered,Card,131.45,99.45,Non-Coupon Order,2025-06,Wednesday,0
580.0,86,21,2025-07-24,397.65,,0.0,397.65,45.0,237.68,Delivered,Cash,116.58,84.58,Non-Coupon Order,2025-07,Thursday,0
581.0,142,22,2025-12-24,425.79,,0.0,425.79,45.0,243.71,Delivered,Upi,151.45,119.45,Non-Coupon Order,2025-12,Wednesday,0
582.0,189,15,2025-09-08,446.02,,0.0,446.02,0.0,276.71,Delivered,Card,89.2,57.2,Non-Coupon Order,2025-09,Monday,0
584.0,17,3,2025-07-21,351.62,,0.0,351.62,0.0,188.8,Delivered,Upi,87.91,55.91,Non-Coupon Order,2025-07,Monday,0
585.0,202,6,2025-06-28,423.35,,0.0,423.35,35.0,245.84,Delivered,Upi,119.67,87.67,Non-Coupon Order,2025-06,Saturday,0
586.0,169,20,2025-11-30,321.21,,0.0,321.21,55.0,200.13,Delivered,Cash,119.24,87.24,Non-Coupon Order,2025-11,Sunday,0
587.0,208,23,2025-06-12,692.6,,0.0,692.6,25.0,370.97,Delivered,Cash,149.67,117.67,Non-Coupon Order,2025-06,Thursday,0
589.0,84,5,2025-07-26,531.56,,0.0,531.56,0.0,301.66,Delivered,Upi,106.31,74.31,Non-Coupon Order,2025-07,Saturday,0
590.0,46,27,2025-09-12,381.92,,0.0,381.92,0.0,213.22,Delivered,Wallet,84.02,52.02,Non-Coupon Order,2025-09,Friday,0
591.0,268,25,2025-09-27,252.37,,0.0,252.37,0.0,148.84,Delivered,Upi,55.52,23.52,Non-Coupon Order,2025-09,Saturday,0
592.0,34,4,2025-01-10,282.04,,0.0,282.04,45.0,159.3,Delivered,Upi,95.77,63.77,Non-Coupon Order,2025-01,Friday,0
595.0,126,10,2025-11-25,315.8,,0.0,315.8,25.0,179.07,Delivered,Cash,81.84,49.84,Non-Coupon Order,2025-11,Tuesday,0
596.0,121,28,2025-12-07,467.7,,0.0,467.7,55.0,285.19,Delivered,Wallet,171.93,139.93,Non-Coupon Order,2025-12,Sunday,0
597.0,180,7,2025-08-26,625.69,,0.0,625.69,25.0,385.51,Delivered,Upi,150.14,118.14,Non-Coupon Order,2025-08,Tuesday,0
598.0,210,9,2025-12-05,720.49,,0.0,720.49,45.0,423.45,Delivered,Cash,174.69,142.69,Non-Coupon Order,2025-12,Friday,0
599.0,37,8,2025-02-27,360.8,,0.0,360.8,55.0,191.71,Delivered,Upi,127.16,95.16,Non-Coupon Order,2025-02,Thursday,0
600.0,113,23,2025-01-02,243.21,,0.0,243.21,25.0,152.53,Delivered,Upi,68.78,36.78,Non-Coupon Order,2025-01,Thursday,0
601.0,213,17,2025-12-14,437.15,,0.0,437.15,25.0,233.47,Delivered,Upi,112.43,80.43,Non-Coupon Order,2025-12,Sunday,0
602.0,33,15,2025-09-07,1318.65,,0.0,1318.65,35.0,781.92,Delivered,Upi,298.73,266.73,Non-Coupon Order,2025-09,Sunday,0
603.0,171,1,2025-04-03,870.3,,0.0,870.3,55.0,528.4,Delivered,Wallet,246.47,214.47,Non-Coupon Order,2025-04,Thursday,0
604.0,215,6,2025-01-30,536.86,,0.0,536.86,0.0,279.38,Delivered,Wallet,107.37,75.37,Non-Coupon Order,2025-01,Thursday,0
605.0,212,15,2025-10-08,281.28,,0.0,281.28,0.0,166.66,Delivered,Wallet,56.26,24.26,Non-Coupon Order,2025-10,Wednesday,0
606.0,142,28,2025-09-17,1436.72,,0.0,1436.72,35.0,851.11,Delivered,Card,394.18,362.18,Non-Coupon Order,2025-09,Wednesday,0
607.0,74,26,2025-07-11,526.41,,0.0,526.41,25.0,278.25,Delivered,Cash,156.6,124.6,Non-Coupon Order,2025-07,Friday,0
608.0,127,8,2025-04-22,445.24,,0.0,445.24,45.0,283.73,Delivered,Card,134.05,102.05,Non-Coupon Order,2025-04,Tuesday,0
609.0,220,28,2025-08-31,452.43,,0.0,452.43,45.0,272.7,Delivered,Cash,158.11,126.11,Non-Coupon Order,2025-08,Sunday,0
610.0,131,19,2025-03-19,460.23,,0.0,460.23,35.0,273.69,Delivered,Card,136.25,104.25,Non-Coupon Order,2025-03,Wednesday,0
611.0,218,8,2025-10-31,840.93,7.0,213.74,627.19,0.0,463.79,Delivered,Cash,168.19,-77.55,Coupon Order,2025-10,Friday,0
612.0,150,4,2025-06-01,683.95,,0.0,683.95,45.0,368.35,Delivered,Cash,168.11,136.11,Non-Coupon Order,2025-06,Sunday,0
613.0,138,24,2025-11-03,301.96,,0.0,301.96,0.0,174.51,Delivered,Upi,60.39,28.39,Non-Coupon Order,2025-11,Monday,0
614.0,56,24,2025-02-24,389.9,,0.0,389.9,25.0,236.29,Delivered,Upi,102.98,70.98,Non-Coupon Order,2025-02,Monday,0
615.0,287,19,2025-01-22,263.49,,0.0,263.49,45.0,137.05,Delivered,Card,102.97,70.97,Non-Coupon Order,2025-01,Wednesday,0
616.0,175,25,2025-08-16,388.37,,0.0,388.37,45.0,235.04,Delivered,Card,130.44,98.44,Non-Coupon Order,2025-08,Saturday,0
617.0,144,23,2025-06-21,372.18,,0.0,372.18,0.0,230.0,Delivered,Cash,66.99,34.99,Non-Coupon Order,2025-06,Saturday,0
618.0,18,16,2025-10-23,441.49,,0.0,441.49,55.0,233.6,Delivered,Card,143.3,111.3,Non-Coupon Order,2025-10,Thursday,0
619.0,124,9,2025-04-14,450.31,,0.0,450.31,45.0,235.13,Delivered,Wallet,126.06,94.06,Non-Coupon Order,2025-04,Monday,0
620.0,103,5,2025-08-10,892.46,6.0,75.0,817.46,55.0,533.82,Delivered,Card,233.49,126.49,Coupon Order,2025-08,Sunday,0
621.0,11,24,2025-09-25,391.57,,0.0,391.57,35.0,233.66,Delivered,Cash,113.31,81.31,Non-Coupon Order,2025-09,Thursday,0
622.0,277,12,2025-06-29,465.96,,0.0,465.96,55.0,264.35,Delivered,Cash,171.49,139.49,Non-Coupon Order,2025-06,Sunday,0
623.0,162,5,2025-04-07,319.85,,0.0,319.85,55.0,169.31,Delivered,Wallet,118.97,86.97,Non-Coupon Order,2025-04,Monday,0
624.0,39,18,2025-08-31,728.3,5.0,156.32,571.98,55.0,420.57,Delivered,Card,186.09,-2.23,Coupon Order,2025-08,Sunday,0
626.0,56,7,2025-12-17,284.99,,0.0,284.99,35.0,169.86,Delivered,Upi,92.0,60.0,Non-Coupon Order,2025-12,Wednesday,0
627.0,34,22,2025-02-02,405.04,,0.0,405.04,0.0,223.54,Delivered,Wallet,101.26,69.26,Non-Coupon Order,2025-02,Sunday,0
629.0,207,29,2025-01-06,656.7,,0.0,656.7,45.0,348.94,Delivered,Wallet,189.47,157.47,Non-Coupon Order,2025-01,Monday,0
631.0,299,6,2025-09-18,785.48,,0.0,785.48,45.0,479.85,Delivered,Card,202.1,170.1,Non-Coupon Order,2025-09,Thursday,0
632.0,34,20,2025-04-04,798.42,,0.0,798.42,25.0,464.7,Delivered,Upi,184.68,152.68,Non-Coupon Order,2025-04,Friday,0
633.0,115,9,2025-06-09,684.32,2.0,100.0,584.32,55.0,430.83,Delivered,Wallet,178.18,46.18,Coupon Order,2025-06,Monday,0
634.0,205,2,2025-09-28,233.69,,0.0,233.69,0.0,132.41,Delivered,Upi,42.06,10.06,Non-Coupon Order,2025-09,Sunday,0
635.0,293,2,2025-08-06,309.59,,0.0,309.59,25.0,181.73,Delivered,Card,80.73,48.73,Non-Coupon Order,2025-08,Wednesday,0
636.0,20,21,2025-11-25,688.41,,0.0,688.41,45.0,381.56,Delivered,Card,168.91,136.91,Non-Coupon Order,2025-11,Tuesday,0
637.0,212,14,2025-02-14,364.92,,0.0,364.92,25.0,196.62,Delivered,Card,116.23,84.23,Non-Coupon Order,2025-02,Friday,0
638.0,294,22,2025-12-22,310.25,,0.0,310.25,55.0,185.77,Delivered,Cash,132.56,100.56,Non-Coupon Order,2025-12,Monday,0
639.0,201,20,2025-02-13,320.09,,0.0,320.09,55.0,201.17,Delivered,Upi,119.02,87.02,Non-Coupon Order,2025-02,Thursday,0
641.0,187,11,2025-10-24,485.46,,0.0,485.46,55.0,290.0,Delivered,Cash,176.37,144.37,Non-Coupon Order,2025-10,Friday,0
642.0,67,10,2025-08-19,535.44,,0.0,535.44,25.0,281.63,Delivered,Upi,121.38,89.38,Non-Coupon Order,2025-08,Tuesday,0
643.0,32,25,2025-08-16,1092.11,,0.0,1092.11,25.0,625.02,Delivered,Card,265.26,233.26,Non-Coupon Order,2025-08,Saturday,0
644.0,119,13,2025-06-11,1271.61,,0.0,1271.61,35.0,787.31,Delivered,Upi,314.75,282.75,Non-Coupon Order,2025-06,Wednesday,0
645.0,151,26,2025-09-23,379.84,,0.0,379.84,0.0,202.47,Delivered,Upi,94.96,62.96,Non-Coupon Order,2025-09,Tuesday,0
646.0,276,20,2025-10-03,426.79,,0.0,426.79,0.0,258.28,Delivered,Cash,85.36,53.36,Non-Coupon Order,2025-10,Friday,0
647.0,33,16,2025-08-18,566.96,,0.0,566.96,55.0,351.36,Delivered,Cash,168.39,136.39,Non-Coupon Order,2025-08,Monday,0
648.0,132,15,2025-01-24,515.8,,0.0,515.8,55.0,283.55,Delivered,Upi,158.16,126.16,Non-Coupon Order,2025-01,Friday,0
649.0,56,30,2025-09-16,405.66,,0.0,405.66,45.0,247.04,Delivered,Cash,126.13,94.13,Non-Coupon Order,2025-09,Tuesday,0
650.0,225,1,2025-05-31,865.23,,0.0,865.23,35.0,505.75,Delivered,Upi,225.35,193.35,Non-Coupon Order,2025-05,Saturday,0
651.0,107,24,2025-09-26,296.56,,0.0,296.56,0.0,159.86,Delivered,Upi,59.31,27.31,Non-Coupon Order,2025-09,Friday,0
652.0,222,2,2025-11-23,632.9,,0.0,632.9,25.0,342.48,Delivered,Upi,138.92,106.92,Non-Coupon Order,2025-11,Sunday,0
653.0,139,22,2025-02-21,744.34,,0.0,744.34,35.0,393.83,Delivered,Wallet,221.09,189.09,Non-Coupon Order,2025-02,Friday,0
654.0,243,24,2025-05-10,994.44,,0.0,994.44,0.0,578.91,Delivered,Cash,198.89,166.89,Non-Coupon Order,2025-05,Saturday,0
655.0,204,28,2025-03-18,301.51,,0.0,301.51,55.0,181.88,Delivered,Card,130.38,98.38,Non-Coupon Order,2025-03,Tuesday,0
656.0,239,20,2025-08-01,688.19,,0.0,688.19,35.0,429.26,Delivered,Cash,172.64,140.64,Non-Coupon Order,2025-08,Friday,0
657.0,275,22,2025-11-10,384.49,,0.0,384.49,35.0,203.28,Delivered,Card,131.12,99.12,Non-Coupon Order,2025-11,Monday,0
658.0,1,18,2025-09-07,1344.84,,0.0,1344.84,0.0,785.49,Delivered,Cash,242.07,210.07,Non-Coupon Order,2025-09,Sunday,0
659.0,285,1,2025-10-06,808.75,,0.0,808.75,55.0,471.03,Delivered,Card,232.93,200.93,Non-Coupon Order,2025-10,Monday,0
660.0,102,4,2025-05-05,510.21,,0.0,510.21,35.0,271.99,Delivered,Wallet,126.84,94.84,Non-Coupon Order,2025-05,Monday,0
661.0,158,9,2025-09-30,352.82,,0.0,352.82,0.0,183.47,Delivered,Wallet,63.51,31.51,Non-Coupon Order,2025-09,Tuesday,0
662.0,82,22,2025-12-27,416.04,,0.0,416.04,0.0,235.82,Delivered,Cash,104.01,72.01,Non-Coupon Order,2025-12,Saturday,0
663.0,288,27,2025-05-29,590.16,,0.0,590.16,25.0,371.64,Delivered,Cash,154.84,122.84,Non-Coupon Order,2025-05,Thursday,0
664.0,109,22,2025-05-27,901.35,,0.0,901.35,25.0,538.68,Delivered,Wallet,250.34,218.34,Non-Coupon Order,2025-05,Tuesday,0
665.0,288,22,2025-03-17,933.23,,0.0,933.23,0.0,503.9,Delivered,Upi,233.31,201.31,Non-Coupon Order,2025-03,Monday,0
666.0,254,20,2025-09-29,488.04,,0.0,488.04,25.0,293.69,Delivered,Card,122.61,90.61,Non-Coupon Order,2025-09,Monday,0
667.0,53,13,2025-07-11,665.81,,0.0,665.81,45.0,383.14,Delivered,Upi,191.48,159.48,Non-Coupon Order,2025-07,Friday,0
668.0,111,19,2025-12-17,586.94,,0.0,586.94,0.0,319.41,Delivered,Wallet,129.13,97.13,Non-Coupon Order,2025-12,Wednesday,0
669.0,229,22,2025-08-27,483.05,,0.0,483.05,55.0,271.78,Delivered,Cash,175.76,143.76,Non-Coupon Order,2025-08,Wednesday,0
670.0,190,6,2025-09-02,391.51,,0.0,391.51,45.0,249.27,Delivered,Upi,123.3,91.3,Non-Coupon Order,2025-09,Tuesday,0
671.0,55,14,2025-10-22,726.18,,0.0,726.18,55.0,395.79,Delivered,Upi,236.55,204.55,Non-Coupon Order,2025-10,Wednesday,0
672.0,114,11,2025-06-18,671.3,,0.0,671.3,0.0,428.6,Delivered,Cash,167.83,135.83,Non-Coupon Order,2025-06,Wednesday,0
673.0,45,5,2025-09-18,540.46,,0.0,540.46,45.0,299.23,Delivered,Wallet,153.09,121.09,Non-Coupon Order,2025-09,Thursday,0
674.0,177,22,2025-07-03,667.78,,0.0,667.78,35.0,383.08,Delivered,Card,201.95,169.95,Non-Coupon Order,2025-07,Thursday,0
675.0,197,18,2025-01-15,458.98,,0.0,458.98,45.0,264.0,Delivered,Wallet,127.62,95.62,Non-Coupon Order,2025-01,Wednesday,0
676.0,206,22,2025-06-16,349.96,,0.0,349.96,45.0,219.03,Delivered,Cash,132.49,100.49,Non-Coupon Order,2025-06,Monday,0
677.0,271,7,2025-09-08,444.63,,0.0,444.63,35.0,258.04,Delivered,Cash,123.93,91.93,Non-Coupon Order,2025-09,Monday,0
678.0,283,5,2025-05-15,1197.35,,0.0,1197.35,45.0,766.26,Delivered,Card,284.47,252.47,Non-Coupon Order,2025-05,Thursday,0
679.0,113,7,2025-10-12,1075.28,,0.0,1075.28,55.0,623.36,Delivered,Cash,270.06,238.06,Non-Coupon Order,2025-10,Sunday,0
680.0,8,28,2025-05-12,254.36,,0.0,254.36,25.0,158.45,Delivered,Cash,88.59,56.59,Non-Coupon Order,2025-05,Monday,0
681.0,150,6,2025-07-10,914.77,,0.0,914.77,35.0,512.36,Delivered,Card,217.95,185.95,Non-Coupon Order,2025-07,Thursday,0
682.0,96,22,2025-10-23,318.97,,0.0,318.97,25.0,184.69,Delivered,Wallet,104.74,72.74,Non-Coupon Order,2025-10,Thursday,0
683.0,47,4,2025-03-05,472.76,,0.0,472.76,0.0,289.88,Delivered,Upi,85.1,53.1,Non-Coupon Order,2025-03,Wednesday,0
684.0,240,20,2025-04-10,308.93,,0.0,308.93,0.0,168.53,Delivered,Card,61.79,29.79,Non-Coupon Order,2025-04,Thursday,0
685.0,286,28,2025-11-28,1520.38,,0.0,1520.38,55.0,860.97,Delivered,Cash,435.1,403.1,Non-Coupon Order,2025-11,Friday,0
686.0,140,17,2025-08-29,1193.75,,0.0,1193.75,25.0,633.56,Delivered,Cash,263.75,231.75,Non-Coupon Order,2025-08,Friday,0
687.0,141,17,2025-03-18,778.12,,0.0,778.12,0.0,419.13,Delivered,Cash,155.62,123.62,Non-Coupon Order,2025-03,Tuesday,0
688.0,260,15,2025-01-26,584.2,,0.0,584.2,35.0,314.05,Delivered,Upi,151.84,119.84,Non-Coupon Order,2025-01,Sunday,0
689.0,186,16,2025-03-06,690.2,,0.0,690.2,55.0,422.29,Delivered,Card,193.04,161.04,Non-Coupon Order,2025-03,Thursday,0
690.0,225,10,2025-08-02,1442.9,8.0,180.0,1262.9,35.0,767.58,Delivered,Upi,294.72,82.72,Coupon Order,2025-08,Saturday,0
691.0,272,12,2025-06-11,322.94,,0.0,322.94,35.0,176.86,Delivered,Cash,115.74,83.74,Non-Coupon Order,2025-06,Wednesday,0
692.0,52,29,2025-08-21,955.96,,0.0,955.96,45.0,592.21,Delivered,Upi,255.31,223.31,Non-Coupon Order,2025-08,Thursday,0
693.0,27,17,2025-11-28,482.94,,0.0,482.94,55.0,267.48,Delivered,Upi,151.59,119.59,Non-Coupon Order,2025-11,Friday,0
694.0,181,3,2025-03-18,577.18,,0.0,577.18,25.0,317.74,Delivered,Wallet,169.3,137.3,Non-Coupon Order,2025-03,Tuesday,0
695.0,224,28,2025-05-11,250.89,,0.0,250.89,45.0,154.58,Delivered,Cash,107.72,75.72,Non-Coupon Order,2025-05,Sunday,0
696.0,245,24,2025-05-19,501.28,,0.0,501.28,55.0,281.88,Delivered,Wallet,155.26,123.26,Non-Coupon Order,2025-05,Monday,0
697.0,78,15,2025-04-16,360.3,,0.0,360.3,35.0,196.95,Delivered,Wallet,107.06,75.06,Non-Coupon Order,2025-04,Wednesday,0
698.0,52,17,2025-09-23,906.97,,0.0,906.97,45.0,564.82,Delivered,Cash,226.39,194.39,Non-Coupon Order,2025-09,Tuesday,0
699.0,265,22,2025-12-31,1682.61,,0.0,1682.61,35.0,888.96,Delivered,Wallet,455.65,423.65,Non-Coupon Order,2025-12,Wednesday,0
700.0,47,28,2025-01-02,508.6,,0.0,508.6,55.0,294.5,Delivered,Upi,182.15,150.15,Non-Coupon Order,2025-01,Thursday,0
701.0,51,15,2025-09-25,905.74,,0.0,905.74,55.0,497.63,Delivered,Card,236.15,204.15,Non-Coupon Order,2025-09,Thursday,0
702.0,42,16,2025-12-18,441.44,,0.0,441.44,0.0,260.93,Delivered,Upi,88.29,56.29,Non-Coupon Order,2025-12,Thursday,0
703.0,177,9,2025-12-13,229.12,,0.0,229.12,35.0,141.14,Delivered,Upi,76.24,44.24,Non-Coupon Order,2025-12,Saturday,0
704.0,89,9,2025-02-26,508.37,,0.0,508.37,55.0,278.1,Delivered,Cash,146.51,114.51,Non-Coupon Order,2025-02,Wednesday,0
705.0,278,10,2025-10-16,1004.78,,0.0,1004.78,35.0,638.33,Delivered,Cash,215.86,183.86,Non-Coupon Order,2025-10,Thursday,0
706.0,196,14,2025-06-26,660.29,,0.0,660.29,55.0,365.26,Delivered,Upi,220.07,188.07,Non-Coupon Order,2025-06,Thursday,0
707.0,82,22,2025-07-20,1085.93,,0.0,1085.93,55.0,592.46,Delivered,Upi,326.48,294.48,Non-Coupon Order,2025-07,Sunday,0
708.0,75,19,2025-05-23,368.06,,0.0,368.06,25.0,202.01,Delivered,Wallet,105.97,73.97,Non-Coupon Order,2025-05,Friday,0
709.0,282,6,2025-06-10,3786.1,,0.0,3786.1,35.0,2412.7,Delivered,Wallet,792.22,760.22,Non-Coupon Order,2025-06,Tuesday,0
710.0,122,11,2025-03-01,643.04,,0.0,643.04,45.0,409.61,Delivered,Card,205.76,173.76,Non-Coupon Order,2025-03,Saturday,0
711.0,232,24,2025-02-18,390.15,,0.0,390.15,55.0,229.29,Delivered,Upi,133.03,101.03,Non-Coupon Order,2025-02,Tuesday,0
712.0,42,20,2025-02-18,356.95,,0.0,356.95,25.0,221.38,Delivered,Upi,96.39,64.39,Non-Coupon Order,2025-02,Tuesday,0
713.0,55,12,2025-11-06,1186.87,7.0,250.0,936.87,55.0,718.92,Delivered,Card,351.72,69.72,Coupon Order,2025-11,Thursday,0
715.0,125,9,2025-04-05,449.38,,0.0,449.38,25.0,277.5,Delivered,Card,105.89,73.89,Non-Coupon Order,2025-04,Saturday,0
716.0,185,3,2025-08-14,244.36,,0.0,244.36,25.0,150.32,Delivered,Cash,86.09,54.09,Non-Coupon Order,2025-08,Thursday,0
717.0,174,2,2025-09-25,951.75,,0.0,951.75,25.0,560.2,Delivered,Card,196.32,164.32,Non-Coupon Order,2025-09,Thursday,0
718.0,255,27,2025-11-07,645.78,3.0,120.0,525.78,35.0,393.97,Delivered,Upi,177.07,25.07,Coupon Order,2025-11,Friday,0
719.0,189,10,2025-03-11,246.4,,0.0,246.4,0.0,152.65,Delivered,Card,44.35,12.35,Non-Coupon Order,2025-03,Tuesday,0
720.0,134,1,2025-04-21,505.46,,0.0,505.46,25.0,265.0,Delivered,Cash,136.2,104.2,Non-Coupon Order,2025-04,Monday,0
721.0,84,21,2025-05-28,428.73,,0.0,428.73,55.0,262.29,Delivered,Wallet,132.17,100.17,Non-Coupon Order,2025-05,Wednesday,0
722.0,276,17,2025-12-12,733.54,1.0,150.0,583.54,0.0,406.5,Delivered,Upi,146.71,-35.29,Coupon Order,2025-12,Friday,0
723.0,5,1,2025-08-17,335.3,,0.0,335.3,35.0,192.01,Delivered,Card,108.77,76.77,Non-Coupon Order,2025-08,Sunday,0
724.0,82,21,2025-07-21,2340.46,,0.0,2340.46,25.0,1261.82,Delivered,Card,446.28,414.28,Non-Coupon Order,2025-07,Monday,0
725.0,91,27,2025-12-28,1242.96,,0.0,1242.96,25.0,776.63,Delivered,Cash,298.45,266.45,Non-Coupon Order,2025-12,Sunday,0
726.0,208,7,2025-11-06,220.91,,0.0,220.91,35.0,116.23,Delivered,Card,79.18,47.18,Non-Coupon Order,2025-11,Thursday,0
727.0,123,25,2025-08-20,761.98,,0.0,761.98,0.0,407.76,Delivered,Card,167.64,135.64,Non-Coupon Order,2025-08,Wednesday,0
728.0,132,20,2025-01-25,878.01,,0.0,878.01,0.0,526.76,Delivered,Wallet,175.6,143.6,Non-Coupon Order,2025-01,Saturday,0
729.0,13,18,2025-03-25,1036.98,,0.0,1036.98,25.0,660.8,Delivered,Cash,211.66,179.66,Non-Coupon Order,2025-03,Tuesday,0
730.0,268,9,2025-11-10,974.39,,0.0,974.39,55.0,536.16,Delivered,Cash,230.39,198.39,Non-Coupon Order,2025-11,Monday,0
732.0,73,19,2025-03-19,359.95,,0.0,359.95,35.0,200.39,Delivered,Wallet,114.19,82.19,Non-Coupon Order,2025-03,Wednesday,0
733.0,21,18,2025-07-28,2446.63,,0.0,2446.63,45.0,1541.19,Delivered,Card,485.39,453.39,Non-Coupon Order,2025-07,Monday,0
734.0,73,6,2025-04-20,557.97,,0.0,557.97,25.0,318.39,Delivered,Wallet,136.59,104.59,Non-Coupon Order,2025-04,Sunday,0
735.0,181,21,2025-10-25,981.24,,0.0,981.24,45.0,522.76,Delivered,Card,221.62,189.62,Non-Coupon Order,2025-10,Saturday,0
736.0,277,25,2025-09-02,1008.2,,0.0,1008.2,35.0,615.65,Delivered,Upi,256.8,224.8,Non-Coupon Order,2025-09,Tuesday,0
737.0,166,27,2025-01-01,302.13,,0.0,302.13,45.0,163.48,Delivered,Wallet,111.47,79.47,Non-Coupon Order,2025-01,Wednesday,0
738.0,152,8,2025-07-07,1359.9,,0.0,1359.9,45.0,733.41,Delivered,Cash,316.98,284.98,Non-Coupon Order,2025-07,Monday,0
740.0,25,19,2025-12-16,477.34,,0.0,477.34,35.0,299.04,Delivered,Cash,140.01,108.01,Non-Coupon Order,2025-12,Tuesday,0
741.0,37,15,2025-04-04,332.24,,0.0,332.24,0.0,177.53,Delivered,Wallet,66.45,34.45,Non-Coupon Order,2025-04,Friday,0
742.0,64,15,2025-03-28,261.0,,0.0,261.0,0.0,165.11,Delivered,Upi,52.2,20.2,Non-Coupon Order,2025-03,Friday,0
744.0,179,8,2025-02-16,463.0,,0.0,463.0,35.0,243.76,Delivered,Wallet,127.6,95.6,Non-Coupon Order,2025-02,Sunday,0
745.0,49,16,2025-06-07,325.32,,0.0,325.32,0.0,208.03,Delivered,Upi,65.06,33.06,Non-Coupon Order,2025-06,Saturday,0
746.0,153,30,2025-11-27,655.78,,0.0,655.78,35.0,361.7,Delivered,Card,166.16,134.16,Non-Coupon Order,2025-11,Thursday,0
747.0,52,19,2025-07-25,732.32,,0.0,732.32,35.0,416.6,Delivered,Cash,196.11,164.11,Non-Coupon Order,2025-07,Friday,0
748.0,15,23,2025-12-05,857.25,,0.0,857.25,0.0,522.19,Delivered,Wallet,154.31,122.31,Non-Coupon Order,2025-12,Friday,0
749.0,291,11,2025-06-05,510.14,,0.0,510.14,35.0,312.49,Delivered,Upi,162.54,130.54,Non-Coupon Order,2025-06,Thursday,0
750.0,94,3,2025-05-09,885.1,,0.0,885.1,35.0,478.05,Delivered,Wallet,256.27,224.27,Non-Coupon Order,2025-05,Friday,0
751.0,208,15,2025-05-15,502.8,,0.0,502.8,35.0,281.29,Delivered,Card,135.56,103.56,Non-Coupon Order,2025-05,Thursday,0
752.0,220,15,2025-08-07,434.69,,0.0,434.69,25.0,270.24,Delivered,Wallet,111.94,79.94,Non-Coupon Order,2025-08,Thursday,0
753.0,64,9,2025-08-11,319.42,,0.0,319.42,0.0,201.08,Delivered,Upi,57.5,25.5,Non-Coupon Order,2025-08,Monday,0
754.0,70,28,2025-05-11,580.21,,0.0,580.21,35.0,346.54,Delivered,Card,180.05,148.05,Non-Coupon Order,2025-05,Sunday,0
755.0,262,4,2025-06-16,778.34,,0.0,778.34,45.0,408.55,Delivered,Wallet,185.1,153.1,Non-Coupon Order,2025-06,Monday,0
756.0,58,28,2025-03-18,247.44,,0.0,247.44,25.0,149.34,Delivered,Wallet,86.86,54.86,Non-Coupon Order,2025-03,Tuesday,0
757.0,252,18,2025-02-05,569.23,,0.0,569.23,25.0,351.11,Delivered,Wallet,127.46,95.46,Non-Coupon Order,2025-02,Wednesday,0
758.0,207,6,2025-09-14,526.43,,0.0,526.43,45.0,305.06,Delivered,Wallet,150.29,118.29,Non-Coupon Order,2025-09,Sunday,0
759.0,95,17,2025-12-12,605.18,,0.0,605.18,55.0,347.16,Delivered,Card,176.04,144.04,Non-Coupon Order,2025-12,Friday,0
760.0,79,25,2025-08-10,423.4,,0.0,423.4,25.0,256.21,Delivered,Upi,118.15,86.15,Non-Coupon Order,2025-08,Sunday,0
761.0,196,6,2025-05-16,445.53,,0.0,445.53,55.0,266.01,Delivered,Card,144.11,112.11,Non-Coupon Order,2025-05,Friday,0
762.0,277,4,2025-11-09,473.58,,0.0,473.58,45.0,259.71,Delivered,Cash,130.24,98.24,Non-Coupon Order,2025-11,Sunday,0
763.0,283,4,2025-09-01,336.95,,0.0,336.95,0.0,193.01,Delivered,Wallet,60.65,28.65,Non-Coupon Order,2025-09,Monday,0
764.0,96,5,2025-01-29,1002.41,,0.0,1002.41,35.0,600.39,Delivered,Upi,235.48,203.48,Non-Coupon Order,2025-01,Wednesday,0
765.0,107,12,2025-04-02,658.19,,0.0,658.19,25.0,372.18,Delivered,Card,189.55,157.55,Non-Coupon Order,2025-04,Wednesday,0
766.0,295,21,2025-08-22,431.6,,0.0,431.6,55.0,257.47,Delivered,Card,132.69,100.69,Non-Coupon Order,2025-08,Friday,0
767.0,99,15,2025-11-12,909.78,,0.0,909.78,45.0,544.28,Delivered,Upi,226.96,194.96,Non-Coupon Order,2025-11,Wednesday,0
768.0,83,18,2025-01-16,722.04,,0.0,722.04,45.0,396.85,Delivered,Card,174.97,142.97,Non-Coupon Order,2025-01,Thursday,0
769.0,139,4,2025-11-02,594.41,,0.0,594.41,25.0,337.01,Delivered,Card,131.99,99.99,Non-Coupon Order,2025-11,Sunday,0
770.0,3,7,2025-10-17,974.8,,0.0,974.8,45.0,535.4,Delivered,Card,239.96,207.96,Non-Coupon Order,2025-10,Friday,0
771.0,50,9,2025-04-04,1186.08,,0.0,1186.08,0.0,637.56,Delivered,Card,213.49,181.49,Non-Coupon Order,2025-04,Friday,0
772.0,71,19,2025-10-05,658.7,,0.0,658.7,45.0,383.43,Delivered,Card,189.91,157.91,Non-Coupon Order,2025-10,Sunday,0
773.0,128,8,2025-12-11,616.65,,0.0,616.65,35.0,343.51,Delivered,Wallet,158.33,126.33,Non-Coupon Order,2025-12,Thursday,0
774.0,229,29,2025-01-16,1228.86,,0.0,1228.86,25.0,641.96,Delivered,Upi,295.35,263.35,Non-Coupon Order,2025-01,Thursday,0
775.0,13,22,2025-12-07,259.05,,0.0,259.05,55.0,143.43,Delivered,Card,119.76,87.76,Non-Coupon Order,2025-12,Sunday,0
776.0,266,8,2025-10-01,260.93,,0.0,260.93,45.0,166.77,Delivered,Wallet,97.19,65.19,Non-Coupon Order,2025-10,Wednesday,0
777.0,248,6,2025-01-23,468.59,,0.0,468.59,0.0,269.36,Delivered,Upi,93.72,61.72,Non-Coupon Order,2025-01,Thursday,0
778.0,178,30,2025-11-04,479.94,,0.0,479.94,35.0,286.55,Delivered,Cash,130.99,98.99,Non-Coupon Order,2025-11,Tuesday,0
779.0,252,21,2025-03-13,569.68,,0.0,569.68,25.0,345.47,Delivered,Card,127.54,95.54,Non-Coupon Order,2025-03,Thursday,0
780.0,204,30,2025-09-07,266.78,,0.0,266.78,25.0,153.44,Delivered,Card,78.36,46.36,Non-Coupon Order,2025-09,Sunday,0
781.0,184,28,2025-10-14,222.77,,0.0,222.77,35.0,123.67,Delivered,Wallet,90.69,58.69,Non-Coupon Order,2025-10,Tuesday,0
782.0,50,26,2025-02-22,335.36,,0.0,335.36,35.0,179.18,Delivered,Cash,118.84,86.84,Non-Coupon Order,2025-02,Saturday,0
783.0,126,8,2025-09-27,250.48,,0.0,250.48,0.0,137.34,Delivered,Cash,50.1,18.1,Non-Coupon Order,2025-09,Saturday,0
784.0,130,14,2025-06-20,241.94,,0.0,241.94,25.0,128.22,Delivered,Card,85.49,53.49,Non-Coupon Order,2025-06,Friday,0
785.0,8,17,2025-07-18,740.16,,0.0,740.16,35.0,417.72,Delivered,Wallet,183.03,151.03,Non-Coupon Order,2025-07,Friday,0
786.0,80,22,2025-07-17,432.88,,0.0,432.88,45.0,263.48,Delivered,Upi,153.22,121.22,Non-Coupon Order,2025-07,Thursday,0
787.0,89,14,2025-11-24,877.19,,0.0,877.19,55.0,480.68,Delivered,Wallet,274.3,242.3,Non-Coupon Order,2025-11,Monday,0
788.0,158,26,2025-06-18,420.51,,0.0,420.51,0.0,243.92,Delivered,Upi,105.13,73.13,Non-Coupon Order,2025-06,Wednesday,0
789.0,135,10,2025-01-08,416.76,,0.0,416.76,25.0,223.35,Delivered,Upi,100.02,68.02,Non-Coupon Order,2025-01,Wednesday,0
790.0,236,22,2025-12-21,586.27,,0.0,586.27,25.0,368.73,Delivered,Cash,171.57,139.57,Non-Coupon Order,2025-12,Sunday,0
791.0,48,25,2025-11-07,531.51,,0.0,531.51,55.0,323.39,Delivered,Wallet,171.93,139.93,Non-Coupon Order,2025-11,Friday,0
792.0,271,23,2025-07-12,298.87,,0.0,298.87,0.0,166.28,Delivered,Wallet,53.8,21.8,Non-Coupon Order,2025-07,Saturday,0
793.0,164,23,2025-04-09,510.16,,0.0,510.16,25.0,312.71,Delivered,Card,116.83,84.83,Non-Coupon Order,2025-04,Wednesday,0
794.0,92,11,2025-08-16,662.78,,0.0,662.78,0.0,370.92,Delivered,Upi,165.7,133.7,Non-Coupon Order,2025-08,Saturday,0
795.0,260,21,2025-01-29,650.41,,0.0,650.41,0.0,377.06,Delivered,Upi,117.07,85.07,Non-Coupon Order,2025-01,Wednesday,0
796.0,148,27,2025-07-30,997.43,1.0,150.0,847.43,35.0,566.78,Delivered,Wallet,254.43,72.43,Coupon Order,2025-07,Wednesday,0
797.0,209,29,2025-04-25,302.34,,0.0,302.34,25.0,176.15,Delivered,Card,91.51,59.51,Non-Coupon Order,2025-04,Friday,0
798.0,135,20,2025-09-08,224.49,,0.0,224.49,0.0,140.87,Delivered,Cash,44.9,12.9,Non-Coupon Order,2025-09,Monday,0
800.0,243,9,2025-01-15,650.13,,0.0,650.13,55.0,373.91,Delivered,Wallet,172.02,140.02,Non-Coupon Order,2025-01,Wednesday,0
801.0,10,4,2025-11-13,331.07,,0.0,331.07,55.0,189.51,Delivered,Card,114.59,82.59,Non-Coupon Order,2025-11,Thursday,0
803.0,112,30,2025-09-03,1377.81,6.0,75.0,1302.81,0.0,820.5,Delivered,Wallet,275.56,168.56,Coupon Order,2025-09,Wednesday,0
804.0,43,25,2025-06-21,517.2,,0.0,517.2,55.0,288.4,Delivered,Card,168.78,136.78,Non-Coupon Order,2025-06,Saturday,0
805.0,58,30,2025-07-23,434.38,,0.0,434.38,35.0,262.13,Delivered,Wallet,121.88,89.88,Non-Coupon Order,2025-07,Wednesday,0
806.0,220,15,2025-05-20,616.55,3.0,120.0,496.55,25.0,382.39,Delivered,Upi,148.31,-3.69,Coupon Order,2025-05,Tuesday,0
807.0,250,9,2025-06-01,1087.65,,0.0,1087.65,55.0,581.97,Delivered,Cash,250.78,218.78,Non-Coupon Order,2025-06,Sunday,0
808.0,100,16,2025-03-24,471.17,,0.0,471.17,45.0,256.71,Delivered,Card,139.23,107.23,Non-Coupon Order,2025-03,Monday,0
809.0,37,19,2025-06-04,255.93,,0.0,255.93,55.0,138.32,Delivered,Cash,111.3,79.3,Non-Coupon Order,2025-06,Wednesday,0
810.0,21,13,2025-05-10,251.52,,0.0,251.52,25.0,135.58,Delivered,Card,80.33,48.33,Non-Coupon Order,2025-05,Saturday,0
811.0,23,14,2025-05-02,413.78,,0.0,413.78,0.0,264.4,Delivered,Wallet,103.45,71.45,Non-Coupon Order,2025-05,Friday,0
812.0,10,12,2025-01-27,565.31,,0.0,565.31,35.0,352.04,Delivered,Upi,176.33,144.33,Non-Coupon Order,2025-01,Monday,0
813.0,98,26,2025-02-23,587.91,,0.0,587.91,35.0,309.89,Delivered,Upi,181.98,149.98,Non-Coupon Order,2025-02,Sunday,0
814.0,278,9,2025-07-07,663.79,,0.0,663.79,45.0,412.16,Delivered,Card,164.48,132.48,Non-Coupon Order,2025-07,Monday,0
815.0,10,15,2025-02-18,431.17,,0.0,431.17,35.0,237.25,Delivered,Wallet,121.23,89.23,Non-Coupon Order,2025-02,Tuesday,0
816.0,82,4,2025-08-09,241.68,,0.0,241.68,45.0,128.38,Delivered,Cash,88.5,56.5,Non-Coupon Order,2025-08,Saturday,0
817.0,142,24,2025-11-23,864.69,,0.0,864.69,35.0,544.88,Delivered,Card,207.94,175.94,Non-Coupon Order,2025-11,Sunday,0
818.0,295,12,2025-02-16,1410.88,,0.0,1410.88,25.0,749.7,Delivered,Wallet,377.72,345.72,Non-Coupon Order,2025-02,Sunday,0
819.0,173,14,2025-06-03,248.19,,0.0,248.19,25.0,156.96,Delivered,Cash,87.05,55.05,Non-Coupon Order,2025-06,Tuesday,0
820.0,271,12,2025-10-19,367.46,,0.0,367.46,25.0,230.31,Delivered,Cash,116.87,84.87,Non-Coupon Order,2025-10,Sunday,0
821.0,152,14,2025-02-27,513.87,,0.0,513.87,45.0,315.54,Delivered,Cash,173.47,141.47,Non-Coupon Order,2025-02,Thursday,0
823.0,66,22,2025-01-25,658.37,,0.0,658.37,45.0,389.02,Delivered,Wallet,209.59,177.59,Non-Coupon Order,2025-01,Saturday,0
824.0,273,21,2025-05-30,463.31,,0.0,463.31,35.0,253.78,Delivered,Card,118.4,86.4,Non-Coupon Order,2025-05,Friday,0
825.0,5,4,2025-09-10,1366.08,5.0,200.0,1166.08,55.0,785.16,Delivered,Wallet,300.89,68.89,Coupon Order,2025-09,Wednesday,0
826.0,263,2,2025-12-18,308.05,,0.0,308.05,0.0,160.77,Delivered,Upi,55.45,23.45,Non-Coupon Order,2025-12,Thursday,0
827.0,142,19,2025-07-19,499.49,,0.0,499.49,35.0,286.36,Delivered,Wallet,144.89,112.89,Non-Coupon Order,2025-07,Saturday,0
828.0,137,25,2025-12-28,259.75,,0.0,259.75,0.0,147.91,Delivered,Cash,57.15,25.15,Non-Coupon Order,2025-12,Sunday,0
829.0,72,2,2025-01-10,315.07,,0.0,315.07,25.0,188.89,Delivered,Cash,81.71,49.71,Non-Coupon Order,2025-01,Friday,0
830.0,253,28,2025-05-05,545.53,,0.0,545.53,35.0,307.73,Delivered,Card,171.38,139.38,Non-Coupon Order,2025-05,Monday,0
831.0,194,30,2025-05-08,477.64,,0.0,477.64,0.0,293.65,Delivered,Cash,95.53,63.53,Non-Coupon Order,2025-05,Thursday,0
832.0,288,27,2025-04-03,484.94,,0.0,484.94,55.0,267.65,Delivered,Wallet,161.69,129.69,Non-Coupon Order,2025-04,Thursday,0
833.0,110,10,2025-06-09,454.85,,0.0,454.85,45.0,263.47,Delivered,Wallet,126.87,94.87,Non-Coupon Order,2025-06,Monday,0
834.0,278,5,2025-02-28,530.56,,0.0,530.56,35.0,284.62,Delivered,Wallet,141.11,109.11,Non-Coupon Order,2025-02,Friday,0
835.0,48,18,2025-07-26,649.19,,0.0,649.19,0.0,395.45,Delivered,Cash,116.85,84.85,Non-Coupon Order,2025-07,Saturday,0
836.0,256,16,2025-01-01,525.93,,0.0,525.93,45.0,334.58,Delivered,Card,150.19,118.19,Non-Coupon Order,2025-01,Wednesday,0
837.0,207,20,2025-08-30,256.36,,0.0,256.36,35.0,137.04,Delivered,Wallet,86.27,54.27,Non-Coupon Order,2025-08,Saturday,0
838.0,198,29,2025-07-12,426.61,,0.0,426.61,0.0,222.7,Delivered,Wallet,93.85,61.85,Non-Coupon Order,2025-07,Saturday,0
839.0,100,3,2025-08-19,979.89,,0.0,979.89,35.0,603.91,Delivered,Wallet,279.97,247.97,Non-Coupon Order,2025-08,Tuesday,0
840.0,275,19,2025-04-30,250.8,,0.0,250.8,55.0,157.4,Delivered,Upi,110.18,78.18,Non-Coupon Order,2025-04,Wednesday,0
841.0,277,21,2025-08-14,434.47,,0.0,434.47,45.0,250.35,Delivered,Cash,123.2,91.2,Non-Coupon Order,2025-08,Thursday,0
843.0,17,17,2025-07-27,318.68,,0.0,318.68,55.0,186.3,Delivered,Wallet,118.74,86.74,Non-Coupon Order,2025-07,Sunday,0
844.0,197,19,2025-09-27,497.37,,0.0,497.37,55.0,281.56,Delivered,Cash,164.42,132.42,Non-Coupon Order,2025-09,Saturday,0
845.0,273,1,2025-03-09,280.87,,0.0,280.87,45.0,159.78,Delivered,Wallet,106.79,74.79,Non-Coupon Order,2025-03,Sunday,0
846.0,122,22,2025-01-19,440.37,,0.0,440.37,45.0,268.67,Delivered,Upi,155.09,123.09,Non-Coupon Order,2025-01,Sunday,0
847.0,283,29,2025-05-11,609.36,,0.0,609.36,55.0,336.49,Delivered,Upi,189.06,157.06,Non-Coupon Order,2025-05,Sunday,0
848.0,222,15,2025-12-11,562.89,,0.0,562.89,35.0,309.15,Delivered,Upi,147.58,115.58,Non-Coupon Order,2025-12,Thursday,0
849.0,75,26,2025-06-15,369.65,,0.0,369.65,0.0,199.96,Delivered,Card,92.41,60.41,Non-Coupon Order,2025-06,Sunday,0
850.0,154,4,2025-06-02,406.29,,0.0,406.29,25.0,241.44,Delivered,Wallet,98.13,66.13,Non-Coupon Order,2025-06,Monday,0
851.0,27,30,2025-05-16,252.58,,0.0,252.58,55.0,134.43,Delivered,Cash,105.52,73.52,Non-Coupon Order,2025-05,Friday,0
852.0,163,27,2025-01-14,1121.03,,0.0,1121.03,35.0,594.76,Delivered,Cash,281.63,249.63,Non-Coupon Order,2025-01,Tuesday,0
854.0,53,9,2025-12-24,958.3,,0.0,958.3,0.0,541.8,Delivered,Upi,172.49,140.49,Non-Coupon Order,2025-12,Wednesday,0
855.0,221,11,2025-04-10,341.55,,0.0,341.55,25.0,215.09,Delivered,Wallet,110.39,78.39,Non-Coupon Order,2025-04,Thursday,0
856.0,252,16,2025-02-16,444.8,,0.0,444.8,45.0,237.29,Delivered,Upi,133.96,101.96,Non-Coupon Order,2025-02,Sunday,0
857.0,90,9,2025-01-28,689.19,,0.0,689.19,25.0,368.65,Delivered,Cash,149.05,117.05,Non-Coupon Order,2025-01,Tuesday,0
858.0,203,4,2025-08-24,659.49,,0.0,659.49,25.0,343.31,Delivered,Card,143.71,111.71,Non-Coupon Order,2025-08,Sunday,0
859.0,77,30,2025-06-03,228.05,,0.0,228.05,25.0,140.22,Delivered,Upi,70.61,38.61,Non-Coupon Order,2025-06,Tuesday,0
860.0,104,29,2025-07-10,1107.55,,0.0,1107.55,35.0,608.15,Delivered,Upi,278.66,246.66,Non-Coupon Order,2025-07,Thursday,0
861.0,211,9,2025-12-23,524.81,,0.0,524.81,45.0,283.75,Delivered,Upi,139.47,107.47,Non-Coupon Order,2025-12,Tuesday,0
862.0,140,22,2025-11-19,507.33,,0.0,507.33,55.0,264.8,Delivered,Card,181.83,149.83,Non-Coupon Order,2025-11,Wednesday,0
863.0,130,1,2025-10-21,315.55,,0.0,315.55,55.0,195.67,Delivered,Card,124.42,92.42,Non-Coupon Order,2025-10,Tuesday,0
864.0,263,27,2025-08-26,717.97,,0.0,717.97,25.0,422.65,Delivered,Wallet,182.95,150.95,Non-Coupon Order,2025-08,Tuesday,0
865.0,198,7,2025-11-09,275.68,,0.0,275.68,45.0,162.78,Delivered,Cash,100.14,68.14,Non-Coupon Order,2025-11,Sunday,0
866.0,122,9,2025-12-13,498.93,,0.0,498.93,25.0,305.71,Delivered,Cash,114.81,82.81,Non-Coupon Order,2025-12,Saturday,0
869.0,204,25,2025-09-17,353.05,,0.0,353.05,35.0,207.94,Delivered,Cash,112.67,80.67,Non-Coupon Order,2025-09,Wednesday,0
870.0,102,17,2025-03-01,460.68,,0.0,460.68,55.0,250.28,Delivered,Cash,147.14,115.14,Non-Coupon Order,2025-03,Saturday,0
871.0,286,8,2025-01-02,232.56,,0.0,232.56,25.0,148.05,Delivered,Card,71.51,39.51,Non-Coupon Order,2025-01,Thursday,0
872.0,220,5,2025-02-18,332.42,,0.0,332.42,55.0,180.74,Delivered,Upi,121.48,89.48,Non-Coupon Order,2025-02,Tuesday,0
873.0,5,11,2025-10-18,254.71,,0.0,254.71,25.0,133.69,Delivered,Wallet,88.68,56.68,Non-Coupon Order,2025-10,Saturday,0
874.0,148,1,2025-09-19,225.24,,0.0,225.24,45.0,128.62,Delivered,Cash,94.55,62.55,Non-Coupon Order,2025-09,Friday,0
875.0,265,13,2025-01-12,337.51,,0.0,337.51,35.0,208.49,Delivered,Card,109.25,77.25,Non-Coupon Order,2025-01,Sunday,0
877.0,168,17,2025-04-30,409.49,,0.0,409.49,0.0,248.2,Delivered,Cash,81.9,49.9,Non-Coupon Order,2025-04,Wednesday,0
878.0,274,4,2025-06-21,376.01,,0.0,376.01,55.0,201.22,Delivered,Cash,122.68,90.68,Non-Coupon Order,2025-06,Saturday,0
879.0,247,27,2025-05-06,456.56,,0.0,456.56,55.0,244.46,Delivered,Cash,155.44,123.44,Non-Coupon Order,2025-05,Tuesday,0
880.0,267,11,2025-07-19,1005.66,,0.0,1005.66,45.0,574.34,Delivered,Wallet,296.41,264.41,Non-Coupon Order,2025-07,Saturday,0
881.0,297,20,2025-10-28,704.9,,0.0,704.9,25.0,394.13,Delivered,Upi,165.98,133.98,Non-Coupon Order,2025-10,Tuesday,0
882.0,198,1,2025-12-12,267.96,,0.0,267.96,35.0,171.2,Delivered,Card,93.95,61.95,Non-Coupon Order,2025-12,Friday,0
883.0,204,15,2025-02-10,378.21,,0.0,378.21,35.0,224.07,Delivered,Cash,110.64,78.64,Non-Coupon Order,2025-02,Monday,0
884.0,45,8,2025-03-20,474.74,,0.0,474.74,0.0,303.15,Delivered,Wallet,94.95,62.95,Non-Coupon Order,2025-03,Thursday,0
885.0,14,17,2025-02-10,1321.14,,0.0,1321.14,55.0,836.18,Delivered,Cash,319.23,287.23,Non-Coupon Order,2025-02,Monday,0
886.0,37,30,2025-09-05,281.55,,0.0,281.55,0.0,157.35,Delivered,Wallet,56.31,24.31,Non-Coupon Order,2025-09,Friday,0
887.0,102,12,2025-05-17,762.32,,0.0,762.32,55.0,461.58,Delivered,Wallet,245.58,213.58,Non-Coupon Order,2025-05,Saturday,0
888.0,237,5,2025-11-20,1126.57,,0.0,1126.57,45.0,671.78,Delivered,Wallet,270.31,238.31,Non-Coupon Order,2025-11,Thursday,0
889.0,183,23,2025-02-17,269.35,,0.0,269.35,35.0,163.15,Delivered,Cash,83.48,51.48,Non-Coupon Order,2025-02,Monday,0
890.0,162,11,2025-05-18,586.78,,0.0,586.78,35.0,370.16,Delivered,Upi,181.7,149.7,Non-Coupon Order,2025-05,Sunday,0
891.0,224,2,2025-09-18,715.42,,0.0,715.42,35.0,401.68,Delivered,Cash,163.78,131.78,Non-Coupon Order,2025-09,Thursday,0
892.0,49,2,2025-11-09,429.17,,0.0,429.17,0.0,239.13,Delivered,Upi,77.25,45.25,Non-Coupon Order,2025-11,Sunday,0
893.0,231,29,2025-05-09,428.6,,0.0,428.6,0.0,225.94,Delivered,Card,94.29,62.29,Non-Coupon Order,2025-05,Friday,0
894.0,25,19,2025-09-07,759.57,,0.0,759.57,45.0,458.54,Delivered,Cash,212.11,180.11,Non-Coupon Order,2025-09,Sunday,0
896.0,259,19,2025-07-09,666.27,,0.0,666.27,55.0,386.14,Delivered,Cash,201.58,169.58,Non-Coupon Order,2025-07,Wednesday,0
897.0,265,10,2025-01-19,364.17,,0.0,364.17,35.0,204.57,Delivered,Wallet,100.55,68.55,Non-Coupon Order,2025-01,Sunday,0
899.0,104,27,2025-02-26,1162.94,,0.0,1162.94,25.0,640.04,Delivered,Wallet,280.85,248.85,Non-Coupon Order,2025-02,Wednesday,0
900.0,209,30,2025-02-08,805.34,,0.0,805.34,0.0,469.05,Delivered,Cash,161.07,129.07,Non-Coupon Order,2025-02,Saturday,0
901.0,210,20,2025-07-22,297.2,,0.0,297.2,25.0,157.76,Delivered,Card,84.44,52.44,Non-Coupon Order,2025-07,Tuesday,0
902.0,62,27,2025-04-06,533.9,,0.0,533.9,25.0,322.29,Delivered,Upi,142.46,110.46,Non-Coupon Order,2025-04,Sunday,0
903.0,269,9,2025-10-02,306.85,,0.0,306.85,25.0,167.19,Delivered,Cash,80.23,48.23,Non-Coupon Order,2025-10,Thursday,0
904.0,240,22,2025-02-14,224.18,,0.0,224.18,45.0,138.47,Delivered,Upi,101.05,69.05,Non-Coupon Order,2025-02,Friday,0
905.0,194,26,2025-02-20,246.87,,0.0,246.87,35.0,143.4,Delivered,Wallet,96.72,64.72,Non-Coupon Order,2025-02,Thursday,0
906.0,277,20,2025-03-03,548.95,,0.0,548.95,0.0,313.29,Delivered,Upi,109.79,77.79,Non-Coupon Order,2025-03,Monday,0
907.0,125,10,2025-01-14,545.06,,0.0,545.06,45.0,303.6,Delivered,Upi,143.11,111.11,Non-Coupon Order,2025-01,Tuesday,0
908.0,196,1,2025-06-19,2066.16,,0.0,2066.16,55.0,1159.42,Delivered,Cash,509.56,477.56,Non-Coupon Order,2025-06,Thursday,0
910.0,43,10,2025-01-21,1436.55,,0.0,1436.55,55.0,892.67,Delivered,Wallet,313.58,281.58,Non-Coupon Order,2025-01,Tuesday,0
911.0,103,27,2025-05-10,834.88,,0.0,834.88,55.0,441.04,Delivered,Card,238.67,206.67,Non-Coupon Order,2025-05,Saturday,0
912.0,180,19,2025-11-25,597.83,,0.0,597.83,25.0,356.02,Delivered,Upi,156.52,124.52,Non-Coupon Order,2025-11,Tuesday,0
913.0,77,30,2025-03-31,504.09,,0.0,504.09,35.0,307.44,Delivered,Card,135.82,103.82,Non-Coupon Order,2025-03,Monday,0
915.0,207,21,2025-09-01,511.03,,0.0,511.03,0.0,304.17,Delivered,Card,91.99,59.99,Non-Coupon Order,2025-09,Monday,0
916.0,210,10,2025-08-22,330.63,,0.0,330.63,55.0,193.25,Delivered,Upi,114.51,82.51,Non-Coupon Order,2025-08,Friday,0
917.0,292,7,2025-11-18,1549.02,,0.0,1549.02,35.0,861.62,Delivered,Upi,344.8,312.8,Non-Coupon Order,2025-11,Tuesday,0
918.0,173,21,2025-10-06,439.21,6.0,75.0,364.21,55.0,255.55,Delivered,Cash,134.06,27.06,Coupon Order,2025-10,Monday,0
919.0,54,21,2025-11-25,250.9,,0.0,250.9,25.0,145.99,Delivered,Card,70.16,38.16,Non-Coupon Order,2025-11,Tuesday,0
920.0,68,8,2025-01-25,489.99,,0.0,489.99,25.0,262.26,Delivered,Wallet,123.0,91.0,Non-Coupon Order,2025-01,Saturday,0
921.0,208,5,2025-02-04,501.82,,0.0,501.82,35.0,269.46,Delivered,Wallet,135.36,103.36,Non-Coupon Order,2025-02,Tuesday,0
922.0,114,19,2025-01-27,334.53,,0.0,334.53,0.0,186.84,Delivered,Wallet,73.6,41.6,Non-Coupon Order,2025-01,Monday,0
923.0,62,21,2025-07-15,380.29,,0.0,380.29,55.0,217.78,Delivered,Cash,123.45,91.45,Non-Coupon Order,2025-07,Tuesday,0
925.0,292,10,2025-05-06,1134.09,,0.0,1134.09,0.0,599.35,Delivered,Wallet,204.14,172.14,Non-Coupon Order,2025-05,Tuesday,0
926.0,244,26,2025-08-13,494.14,,0.0,494.14,45.0,312.11,Delivered,Upi,168.54,136.54,Non-Coupon Order,2025-08,Wednesday,0
927.0,156,3,2025-09-05,709.31,,0.0,709.31,0.0,427.46,Delivered,Upi,177.33,145.33,Non-Coupon Order,2025-09,Friday,0
928.0,256,1,2025-04-18,624.55,,0.0,624.55,25.0,379.28,Delivered,Upi,162.4,130.4,Non-Coupon Order,2025-04,Friday,0
929.0,141,22,2025-01-15,903.37,,0.0,903.37,55.0,496.5,Delivered,Wallet,280.84,248.84,Non-Coupon Order,2025-01,Wednesday,0
930.0,222,15,2025-08-22,510.88,,0.0,510.88,55.0,302.17,Delivered,Card,157.18,125.18,Non-Coupon Order,2025-08,Friday,0
931.0,56,18,2025-04-03,363.12,,0.0,363.12,35.0,204.23,Delivered,Cash,100.36,68.36,Non-Coupon Order,2025-04,Thursday,0
932.0,225,5,2025-06-15,467.02,,0.0,467.02,25.0,245.18,Delivered,Card,118.4,86.4,Non-Coupon Order,2025-06,Sunday,0
933.0,96,15,2025-05-29,392.21,,0.0,392.21,35.0,204.81,Delivered,Wallet,113.44,81.44,Non-Coupon Order,2025-05,Thursday,0
934.0,6,13,2025-11-06,569.23,,0.0,569.23,55.0,312.73,Delivered,Card,180.23,148.23,Non-Coupon Order,2025-11,Thursday,0
935.0,79,5,2025-04-04,615.5,,0.0,615.5,25.0,362.06,Delivered,Upi,148.1,116.1,Non-Coupon Order,2025-04,Friday,0
936.0,177,16,2025-05-28,794.46,,0.0,794.46,25.0,419.61,Delivered,Card,183.89,151.89,Non-Coupon Order,2025-05,Wednesday,0
938.0,144,9,2025-05-07,580.85,,0.0,580.85,25.0,342.29,Delivered,Cash,129.55,97.55,Non-Coupon Order,2025-05,Wednesday,0
940.0,293,18,2025-04-13,495.12,,0.0,495.12,55.0,263.76,Delivered,Cash,144.12,112.12,Non-Coupon Order,2025-04,Sunday,0
941.0,273,24,2025-09-02,227.21,,0.0,227.21,55.0,131.41,Delivered,Upi,100.44,68.44,Non-Coupon Order,2025-09,Tuesday,0
942.0,209,8,2025-02-15,504.47,,0.0,504.47,25.0,318.55,Delivered,Wallet,125.89,93.89,Non-Coupon Order,2025-02,Saturday,0
943.0,126,29,2025-06-02,657.01,6.0,75.0,582.01,25.0,385.0,Delivered,Wallet,169.54,62.54,Coupon Order,2025-06,Monday,0
944.0,266,5,2025-04-04,313.6,,0.0,313.6,35.0,169.14,Delivered,Wallet,97.72,65.72,Non-Coupon Order,2025-04,Friday,0
945.0,188,20,2025-01-27,533.48,,0.0,533.48,0.0,285.1,Delivered,Upi,106.7,74.7,Non-Coupon Order,2025-01,Monday,0
946.0,88,7,2025-11-12,584.41,,0.0,584.41,0.0,332.09,Delivered,Cash,116.88,84.88,Non-Coupon Order,2025-11,Wednesday,0
947.0,145,1,2025-07-10,221.39,,0.0,221.39,45.0,125.67,Delivered,Card,93.71,61.71,Non-Coupon Order,2025-07,Thursday,0
948.0,110,28,2025-02-09,328.68,,0.0,328.68,25.0,192.83,Delivered,Cash,107.17,75.17,Non-Coupon Order,2025-02,Sunday,0
949.0,216,4,2025-01-05,967.67,,0.0,967.67,0.0,585.01,Delivered,Card,174.18,142.18,Non-Coupon Order,2025-01,Sunday,0
950.0,298,7,2025-09-16,342.46,,0.0,342.46,55.0,208.64,Delivered,Upi,123.49,91.49,Non-Coupon Order,2025-09,Tuesday,0
951.0,203,25,2025-09-13,580.38,,0.0,580.38,25.0,370.27,Delivered,Wallet,152.68,120.68,Non-Coupon Order,2025-09,Saturday,0
952.0,116,21,2025-12-27,1897.99,,0.0,1897.99,35.0,1054.13,Delivered,Card,376.64,344.64,Non-Coupon Order,2025-12,Saturday,0
953.0,91,8,2025-05-26,474.45,,0.0,474.45,35.0,250.99,Delivered,Cash,129.89,97.89,Non-Coupon Order,2025-05,Monday,0
954.0,265,6,2025-09-08,246.93,,0.0,246.93,35.0,128.98,Delivered,Cash,84.39,52.39,Non-Coupon Order,2025-09,Monday,0
955.0,275,22,2025-06-24,221.28,,0.0,221.28,0.0,133.95,Delivered,Card,55.32,23.32,Non-Coupon Order,2025-06,Tuesday,0
956.0,256,14,2025-01-03,1022.77,,0.0,1022.77,25.0,534.43,Delivered,Cash,280.69,248.69,Non-Coupon Order,2025-01,Friday,0
957.0,151,27,2025-09-05,804.1,,0.0,804.1,45.0,449.15,Delivered,Card,221.9,189.9,Non-Coupon Order,2025-09,Friday,0
958.0,297,3,2025-06-07,1537.42,,0.0,1537.42,0.0,893.61,Delivered,Cash,384.36,352.36,Non-Coupon Order,2025-06,Saturday,0
960.0,191,14,2025-07-15,361.41,,0.0,361.41,25.0,214.67,Delivered,Cash,115.35,83.35,Non-Coupon Order,2025-07,Tuesday,0
961.0,250,16,2025-02-24,249.99,,0.0,249.99,55.0,146.93,Delivered,Cash,105.0,73.0,Non-Coupon Order,2025-02,Monday,0
962.0,27,30,2025-10-18,421.45,,0.0,421.45,25.0,259.2,Delivered,Cash,109.29,77.29,Non-Coupon Order,2025-10,Saturday,0
963.0,87,3,2025-05-22,503.45,,0.0,503.45,55.0,314.92,Delivered,Wallet,180.86,148.86,Non-Coupon Order,2025-05,Thursday,0
964.0,23,13,2025-06-29,390.83,,0.0,390.83,25.0,206.41,Delivered,Cash,110.98,78.98,Non-Coupon Order,2025-06,Sunday,0
965.0,138,2,2025-01-01,575.53,,0.0,575.53,45.0,309.51,Delivered,Card,148.6,116.6,Non-Coupon Order,2025-01,Wednesday,0
966.0,65,3,2025-12-17,1137.3,,0.0,1137.3,0.0,640.81,Delivered,Cash,284.33,252.33,Non-Coupon Order,2025-12,Wednesday,0
967.0,19,28,2025-02-15,646.21,,0.0,646.21,0.0,397.51,Delivered,Upi,161.55,129.55,Non-Coupon Order,2025-02,Saturday,0
968.0,8,27,2025-05-14,242.08,,0.0,242.08,25.0,127.12,Delivered,Wallet,78.26,46.26,Non-Coupon Order,2025-05,Wednesday,0
969.0,188,21,2025-03-10,383.79,,0.0,383.79,35.0,200.19,Delivered,Card,104.08,72.08,Non-Coupon Order,2025-03,Monday,0
970.0,12,21,2025-10-19,294.64,,0.0,294.64,45.0,177.25,Delivered,Upi,98.04,66.04,Non-Coupon Order,2025-10,Sunday,0
971.0,100,25,2025-06-20,577.16,,0.0,577.16,35.0,328.72,Delivered,Card,161.98,129.98,Non-Coupon Order,2025-06,Friday,0
972.0,216,29,2025-05-18,1413.7,,0.0,1413.7,55.0,749.21,Delivered,Card,366.01,334.01,Non-Coupon Order,2025-05,Sunday,0
973.0,298,18,2025-06-04,736.62,,0.0,736.62,35.0,386.43,Delivered,Upi,167.59,135.59,Non-Coupon Order,2025-06,Wednesday,0
974.0,265,24,2025-07-30,1248.61,,0.0,1248.61,55.0,747.04,Delivered,Card,304.72,272.72,Non-Coupon Order,2025-07,Wednesday,0
975.0,124,18,2025-08-06,221.67,,0.0,221.67,25.0,116.14,Delivered,Upi,64.9,32.9,Non-Coupon Order,2025-08,Wednesday,0
976.0,21,1,2025-02-16,1138.42,,0.0,1138.42,45.0,714.53,Delivered,Card,295.45,263.45,Non-Coupon Order,2025-02,Sunday,0
977.0,196,16,2025-06-01,228.02,,0.0,228.02,55.0,145.05,Delivered,Card,100.6,68.6,Non-Coupon Order,2025-06,Sunday,0
978.0,102,15,2025-01-09,485.43,,0.0,485.43,25.0,263.37,Delivered,Cash,122.09,90.09,Non-Coupon Order,2025-01,Thursday,0
979.0,67,2,2025-07-08,351.15,,0.0,351.15,25.0,217.1,Delivered,Cash,88.21,56.21,Non-Coupon Order,2025-07,Tuesday,0
980.0,144,8,2025-11-10,632.64,3.0,120.0,512.64,45.0,337.34,Delivered,Cash,171.53,19.53,Coupon Order,2025-11,Monday,0
981.0,252,6,2025-07-03,557.55,3.0,111.51,446.04,55.0,327.94,Delivered,Card,166.51,23.0,Coupon Order,2025-07,Thursday,0
982.0,14,8,2025-04-22,869.79,,0.0,869.79,55.0,459.04,Delivered,Wallet,228.96,196.96,Non-Coupon Order,2025-04,Tuesday,0
983.0,87,19,2025-05-22,388.26,,0.0,388.26,45.0,241.99,Delivered,Card,130.42,98.42,Non-Coupon Order,2025-05,Thursday,0
984.0,232,9,2025-09-02,794.25,1.0,150.0,644.25,45.0,453.89,Delivered,Wallet,187.97,5.97,Coupon Order,2025-09,Tuesday,0
985.0,181,10,2025-06-19,327.92,,0.0,327.92,25.0,174.93,Delivered,Cash,84.03,52.03,Non-Coupon Order,2025-06,Thursday,0
986.0,300,4,2025-08-04,391.3,,0.0,391.3,25.0,204.71,Delivered,Cash,95.43,63.43,Non-Coupon Order,2025-08,Monday,0
987.0,102,10,2025-11-26,730.94,,0.0,730.94,25.0,415.14,Delivered,Cash,156.57,124.57,Non-Coupon Order,2025-11,Wednesday,0
988.0,290,8,2025-10-27,436.79,,0.0,436.79,0.0,270.53,Delivered,Card,87.36,55.36,Non-Coupon Order,2025-10,Monday,0
989.0,276,24,2025-11-28,269.99,,0.0,269.99,55.0,142.97,Delivered,Wallet,109.0,77.0,Non-Coupon Order,2025-11,Friday,0
990.0,25,8,2025-06-10,257.65,,0.0,257.65,35.0,152.4,Delivered,Card,86.53,54.53,Non-Coupon Order,2025-06,Tuesday,0
991.0,94,10,2025-02-21,596.89,,0.0,596.89,45.0,375.02,Delivered,Upi,152.44,120.44,Non-Coupon Order,2025-02,Friday,0
992.0,73,5,2025-05-20,669.56,,0.0,669.56,55.0,348.2,Delivered,Card,188.91,156.91,Non-Coupon Order,2025-05,Tuesday,0
993.0,218,22,2025-11-30,752.34,,0.0,752.34,25.0,440.3,Delivered,Upi,213.09,181.09,Non-Coupon Order,2025-11,Sunday,0
994.0,208,12,2025-02-09,754.77,,0.0,754.77,25.0,459.49,Delivered,Upi,213.69,181.69,Non-Coupon Order,2025-02,Sunday,0
995.0,90,1,2025-01-11,239.04,,0.0,239.04,45.0,126.1,Delivered,Card,97.59,65.59,Non-Coupon Order,2025-01,Saturday,0
996.0,126,7,2025-04-16,299.21,,0.0,299.21,55.0,183.54,Delivered,Card,114.84,82.84,Non-Coupon Order,2025-04,Wednesday,0
997.0,128,17,2025-09-25,499.52,,0.0,499.52,45.0,276.66,Delivered,Wallet,144.9,112.9,Non-Coupon Order,2025-09,Thursday,0
998.0,91,1,2025-12-08,806.25,,0.0,806.25,25.0,443.37,Delivered,Card,202.38,170.38,Non-Coupon Order,2025-12,Monday,0
999.0,14,10,2025-07-07,315.23,,0.0,315.23,0.0,186.57,Delivered,Card,56.74,24.74,Non-Coupon Order,2025-07,Monday,0
1000.0,126,12,2025-03-24,238.71,,0.0,238.71,35.0,131.79,Delivered,Cash,94.68,62.68,Non-Coupon Order,2025-03,Monday,0
1001.0,290,1,2025-12-03,253.56,,0.0,253.56,55.0,156.14,Delivered,Wallet,110.78,78.78,Non-Coupon Order,2025-12,Wednesday,0
1002.0,114,7,2025-04-14,319.85,,0.0,319.85,45.0,194.77,Delivered,Card,108.97,76.97,Non-Coupon Order,2025-04,Monday,0
1003.0,51,5,2025-05-19,772.47,,0.0,772.47,25.0,481.93,Delivered,Card,179.49,147.49,Non-Coupon Order,2025-05,Monday,0
1004.0,187,21,2025-01-10,460.21,,0.0,460.21,45.0,249.58,Delivered,Card,127.84,95.84,Non-Coupon Order,2025-01,Friday,0
1005.0,38,5,2025-12-28,360.36,,0.0,360.36,45.0,221.94,Delivered,Wallet,117.07,85.07,Non-Coupon Order,2025-12,Sunday,0
1006.0,220,11,2025-12-16,242.67,,0.0,242.67,35.0,141.78,Delivered,Cash,95.67,63.67,Non-Coupon Order,2025-12,Tuesday,0
1007.0,34,10,2025-05-12,362.69,,0.0,362.69,25.0,221.24,Delivered,Card,90.28,58.28,Non-Coupon Order,2025-05,Monday,0
1008.0,295,25,2025-09-03,304.76,,0.0,304.76,55.0,173.11,Delivered,Cash,122.05,90.05,Non-Coupon Order,2025-09,Wednesday,0
1010.0,208,9,2025-08-27,293.33,,0.0,293.33,0.0,177.64,Delivered,Upi,52.8,20.8,Non-Coupon Order,2025-08,Wednesday,0
1011.0,9,15,2025-11-04,640.54,,0.0,640.54,55.0,406.65,Delivered,Cash,183.11,151.11,Non-Coupon Order,2025-11,Tuesday,0
1012.0,211,18,2025-10-28,480.02,,0.0,480.02,25.0,278.49,Delivered,Upi,111.4,79.4,Non-Coupon Order,2025-10,Tuesday,0
1013.0,4,4,2025-03-03,709.73,,0.0,709.73,0.0,453.76,Delivered,Wallet,127.75,95.75,Non-Coupon Order,2025-03,Monday,0
1014.0,228,12,2025-04-01,368.58,,0.0,368.58,25.0,234.33,Delivered,Cash,117.15,85.15,Non-Coupon Order,2025-04,Tuesday,0
1015.0,278,9,2025-10-20,664.37,,0.0,664.37,55.0,422.47,Delivered,Upi,174.59,142.59,Non-Coupon Order,2025-10,Monday,0
1016.0,74,17,2025-05-15,832.9,,0.0,832.9,25.0,472.19,Delivered,Wallet,191.58,159.58,Non-Coupon Order,2025-05,Thursday,0
1017.0,247,11,2025-11-20,792.63,,0.0,792.63,45.0,445.54,Delivered,Card,243.16,211.16,Non-Coupon Order,2025-11,Thursday,0
1018.0,105,23,2025-05-06,732.76,,0.0,732.76,45.0,434.84,Delivered,Card,176.9,144.9,Non-Coupon Order,2025-05,Tuesday,0
1019.0,264,23,2025-07-03,571.69,,0.0,571.69,45.0,338.38,Delivered,Upi,147.9,115.9,Non-Coupon Order,2025-07,Thursday,0
1020.0,43,18,2025-09-08,506.69,,0.0,506.69,45.0,291.46,Delivered,Wallet,136.2,104.2,Non-Coupon Order,2025-09,Monday,0
1021.0,136,12,2025-08-13,1648.3,,0.0,1648.3,35.0,895.17,Delivered,Cash,447.08,415.08,Non-Coupon Order,2025-08,Wednesday,0
1022.0,44,1,2025-05-01,632.08,,0.0,632.08,0.0,391.8,Delivered,Wallet,139.06,107.06,Non-Coupon Order,2025-05,Thursday,0
1023.0,184,9,2025-02-24,1001.52,,0.0,1001.52,45.0,605.76,Delivered,Cash,225.27,193.27,Non-Coupon Order,2025-02,Monday,0
1024.0,264,17,2025-09-14,421.95,,0.0,421.95,45.0,257.39,Delivered,Upi,129.39,97.39,Non-Coupon Order,2025-09,Sunday,0
1025.0,220,19,2025-01-15,336.33,,0.0,336.33,55.0,210.27,Delivered,Card,128.99,96.99,Non-Coupon Order,2025-01,Wednesday,0
1026.0,133,22,2025-10-09,428.06,,0.0,428.06,45.0,244.39,Delivered,Card,152.01,120.01,Non-Coupon Order,2025-10,Thursday,0
1027.0,8,7,2025-04-21,714.28,,0.0,714.28,45.0,427.54,Delivered,Cash,187.86,155.86,Non-Coupon Order,2025-04,Monday,0
1028.0,21,7,2025-02-12,425.46,,0.0,425.46,35.0,237.43,Delivered,Upi,120.09,88.09,Non-Coupon Order,2025-02,Wednesday,0
1029.0,39,25,2025-02-07,348.75,,0.0,348.75,0.0,192.93,Delivered,Upi,76.72,44.72,Non-Coupon Order,2025-02,Friday,0
1030.0,206,11,2025-12-28,2239.38,,0.0,2239.38,55.0,1219.1,Delivered,Cash,614.85,582.85,Non-Coupon Order,2025-12,Sunday,0
1031.0,197,9,2025-10-20,420.12,,0.0,420.12,0.0,234.76,Delivered,Cash,75.62,43.62,Non-Coupon Order,2025-10,Monday,0
1032.0,144,6,2025-05-22,230.51,,0.0,230.51,25.0,126.34,Delivered,Card,71.1,39.1,Non-Coupon Order,2025-05,Thursday,0
1033.0,227,3,2025-01-10,236.88,,0.0,236.88,35.0,145.39,Delivered,Upi,94.22,62.22,Non-Coupon Order,2025-01,Friday,0
1034.0,136,3,2025-02-01,413.18,,0.0,413.18,0.0,264.38,Delivered,Wallet,103.3,71.3,Non-Coupon Order,2025-02,Saturday,0
1035.0,204,14,2025-09-27,279.93,,0.0,279.93,35.0,145.69,Delivered,Wallet,104.98,72.98,Non-Coupon Order,2025-09,Saturday,0
1036.0,223,26,2025-02-18,386.43,,0.0,386.43,35.0,217.3,Delivered,Wallet,131.61,99.61,Non-Coupon Order,2025-02,Tuesday,0
1038.0,207,20,2025-08-28,327.52,,0.0,327.52,55.0,189.19,Delivered,Upi,120.5,88.5,Non-Coupon Order,2025-08,Thursday,0
1039.0,50,18,2025-12-04,357.49,,0.0,357.49,45.0,193.3,Delivered,Upi,109.35,77.35,Non-Coupon Order,2025-12,Thursday,0
1040.0,131,16,2025-06-26,838.71,,0.0,838.71,25.0,500.06,Delivered,Cash,192.74,160.74,Non-Coupon Order,2025-06,Thursday,0
1041.0,213,29,2025-03-28,261.74,,0.0,261.74,35.0,139.51,Delivered,Cash,92.58,60.58,Non-Coupon Order,2025-03,Friday,0
1042.0,45,18,2025-01-15,247.96,,0.0,247.96,55.0,148.4,Delivered,Upi,99.63,67.63,Non-Coupon Order,2025-01,Wednesday,0
1043.0,48,3,2025-03-14,855.48,,0.0,855.48,45.0,504.85,Delivered,Card,258.87,226.87,Non-Coupon Order,2025-03,Friday,0
1044.0,137,2,2025-02-27,570.5,,0.0,570.5,0.0,360.1,Delivered,Card,102.69,70.69,Non-Coupon Order,2025-02,Thursday,0
1046.0,298,1,2025-12-03,451.45,,0.0,451.45,45.0,287.86,Delivered,Cash,144.32,112.32,Non-Coupon Order,2025-12,Wednesday,0
1047.0,113,27,2025-12-02,388.57,,0.0,388.57,25.0,227.17,Delivered,Wallet,110.49,78.49,Non-Coupon Order,2025-12,Tuesday,0
1048.0,178,12,2025-03-22,433.89,,0.0,433.89,25.0,239.55,Delivered,Upi,133.47,101.47,Non-Coupon Order,2025-03,Saturday,0
1049.0,195,21,2025-07-23,340.4,,0.0,340.4,0.0,193.21,Delivered,Cash,61.27,29.27,Non-Coupon Order,2025-07,Wednesday,0
1050.0,162,16,2025-08-05,630.94,,0.0,630.94,0.0,337.96,Delivered,Card,126.19,94.19,Non-Coupon Order,2025-08,Tuesday,0
1051.0,186,13,2025-12-18,308.27,,0.0,308.27,25.0,190.95,Delivered,Upi,92.82,60.82,Non-Coupon Order,2025-12,Thursday,0
1052.0,94,21,2025-02-04,1139.88,,0.0,1139.88,55.0,592.96,Delivered,Upi,260.18,228.18,Non-Coupon Order,2025-02,Tuesday,0
1053.0,34,18,2025-11-15,356.13,,0.0,356.13,25.0,190.18,Delivered,Cash,89.1,57.1,Non-Coupon Order,2025-11,Saturday,0
1055.0,180,24,2025-10-04,737.33,,0.0,737.33,35.0,414.76,Delivered,Card,182.47,150.47,Non-Coupon Order,2025-10,Saturday,0
1056.0,30,4,2025-02-14,413.61,,0.0,413.61,55.0,256.26,Delivered,Upi,129.45,97.45,Non-Coupon Order,2025-02,Friday,0
1057.0,161,23,2025-08-20,535.63,,0.0,535.63,25.0,320.99,Delivered,Wallet,121.41,89.41,Non-Coupon Order,2025-08,Wednesday,0
1058.0,176,19,2025-11-14,1814.57,,0.0,1814.57,35.0,1094.97,Delivered,Cash,434.21,402.21,Non-Coupon Order,2025-11,Friday,0
1059.0,141,27,2025-11-09,302.52,,0.0,302.52,55.0,175.8,Delivered,Wallet,121.55,89.55,Non-Coupon Order,2025-11,Sunday,0
1060.0,258,4,2025-01-20,533.88,,0.0,533.88,55.0,297.69,Delivered,Upi,151.1,119.1,Non-Coupon Order,2025-01,Monday,0
1061.0,2,27,2025-03-23,1036.17,,0.0,1036.17,55.0,546.0,Delivered,Cash,282.96,250.96,Non-Coupon Order,2025-03,Sunday,0
1062.0,146,27,2025-08-14,361.03,,0.0,361.03,35.0,209.18,Delivered,Cash,114.43,82.43,Non-Coupon Order,2025-08,Thursday,0
1063.0,81,20,2025-05-28,602.04,,0.0,602.04,25.0,313.32,Delivered,Upi,145.41,113.41,Non-Coupon Order,2025-05,Wednesday,0
1064.0,95,24,2025-10-02,783.24,,0.0,783.24,0.0,444.86,Delivered,Wallet,156.65,124.65,Non-Coupon Order,2025-10,Thursday,0
1065.0,196,4,2025-04-12,238.75,,0.0,238.75,25.0,145.64,Delivered,Cash,67.97,35.97,Non-Coupon Order,2025-04,Saturday,0
1066.0,297,25,2025-06-22,446.95,,0.0,446.95,25.0,252.44,Delivered,Wallet,123.33,91.33,Non-Coupon Order,2025-06,Sunday,0
1067.0,22,25,2025-06-20,539.67,,0.0,539.67,25.0,323.39,Delivered,Cash,143.73,111.73,Non-Coupon Order,2025-06,Friday,0
1068.0,76,27,2025-09-07,387.01,,0.0,387.01,25.0,235.95,Delivered,Cash,110.14,78.14,Non-Coupon Order,2025-09,Sunday,0
1069.0,183,25,2025-09-28,277.72,,0.0,277.72,0.0,159.49,Delivered,Card,61.1,29.1,Non-Coupon Order,2025-09,Sunday,0
1070.0,227,18,2025-04-13,928.8,,0.0,928.8,35.0,512.16,Delivered,Card,202.18,170.18,Non-Coupon Order,2025-04,Sunday,0
1071.0,175,4,2025-03-05,474.32,,0.0,474.32,25.0,266.78,Delivered,Wallet,110.38,78.38,Non-Coupon Order,2025-03,Wednesday,0
1072.0,199,29,2025-11-19,340.88,,0.0,340.88,45.0,194.64,Delivered,Upi,119.99,87.99,Non-Coupon Order,2025-11,Wednesday,0
1073.0,76,27,2025-02-11,478.8,6.0,75.0,403.8,45.0,292.18,Delivered,Wallet,150.34,43.34,Coupon Order,2025-02,Tuesday,0
1074.0,89,1,2025-05-09,518.05,,0.0,518.05,45.0,282.4,Delivered,Cash,158.97,126.97,Non-Coupon Order,2025-05,Friday,0
1075.0,44,8,2025-09-30,1497.07,,0.0,1497.07,55.0,810.53,Delivered,Cash,354.41,322.41,Non-Coupon Order,2025-09,Tuesday,0
1076.0,143,29,2025-07-31,468.82,1.0,150.0,318.82,35.0,282.55,Delivered,Wallet,138.14,-43.86,Coupon Order,2025-07,Thursday,0
1077.0,282,15,2025-02-04,1163.56,,0.0,1163.56,0.0,742.35,Delivered,Upi,232.71,200.71,Non-Coupon Order,2025-02,Tuesday,0
1078.0,14,7,2025-07-24,388.56,,0.0,388.56,55.0,242.41,Delivered,Upi,132.71,100.71,Non-Coupon Order,2025-07,Thursday,0
1079.0,181,26,2025-05-23,812.26,,0.0,812.26,0.0,478.46,Delivered,Card,203.07,171.07,Non-Coupon Order,2025-05,Friday,0
1080.0,287,5,2025-12-03,641.18,,0.0,641.18,0.0,383.09,Delivered,Card,128.24,96.24,Non-Coupon Order,2025-12,Wednesday,0
1081.0,62,12,2025-01-28,425.62,,0.0,425.62,0.0,236.0,Delivered,Wallet,106.41,74.41,Non-Coupon Order,2025-01,Tuesday,0
1082.0,68,21,2025-08-16,451.35,,0.0,451.35,25.0,239.4,Delivered,Card,106.24,74.24,Non-Coupon Order,2025-08,Saturday,0
1083.0,152,23,2025-10-22,353.51,,0.0,353.51,25.0,184.47,Delivered,Upi,88.63,56.63,Non-Coupon Order,2025-10,Wednesday,0
1084.0,239,19,2025-04-03,258.48,,0.0,258.48,45.0,157.71,Delivered,Upi,101.87,69.87,Non-Coupon Order,2025-04,Thursday,0
1085.0,175,10,2025-03-13,935.02,,0.0,935.02,0.0,521.63,Delivered,Wallet,168.3,136.3,Non-Coupon Order,2025-03,Thursday,0
1086.0,103,23,2025-01-08,495.48,,0.0,495.48,35.0,258.76,Delivered,Cash,124.19,92.19,Non-Coupon Order,2025-01,Wednesday,0
1087.0,197,21,2025-02-15,688.71,,0.0,688.71,35.0,417.59,Delivered,Wallet,158.97,126.97,Non-Coupon Order,2025-02,Saturday,0
1088.0,25,15,2025-01-24,242.62,,0.0,242.62,0.0,137.77,Delivered,Upi,48.52,16.52,Non-Coupon Order,2025-01,Friday,0
1089.0,268,13,2025-01-22,224.85,,0.0,224.85,55.0,132.72,Delivered,Card,104.47,72.47,Non-Coupon Order,2025-01,Wednesday,0
1090.0,227,21,2025-12-31,227.4,,0.0,227.4,55.0,124.43,Delivered,Card,95.93,63.93,Non-Coupon Order,2025-12,Wednesday,0
1091.0,108,25,2025-06-13,315.34,,0.0,315.34,45.0,186.61,Delivered,Cash,114.37,82.37,Non-Coupon Order,2025-06,Friday,0
1092.0,8,6,2025-01-02,237.7,,0.0,237.7,0.0,128.27,Delivered,Card,47.54,15.54,Non-Coupon Order,2025-01,Thursday,0
1093.0,180,28,2025-12-11,512.97,,0.0,512.97,0.0,318.63,Delivered,Card,128.24,96.24,Non-Coupon Order,2025-12,Thursday,0
1094.0,198,4,2025-01-26,277.32,,0.0,277.32,55.0,164.13,Delivered,Upi,104.92,72.92,Non-Coupon Order,2025-01,Sunday,0
1095.0,259,14,2025-06-14,733.87,,0.0,733.87,35.0,455.43,Delivered,Card,218.47,186.47,Non-Coupon Order,2025-06,Saturday,0
1096.0,188,24,2025-12-22,1123.03,4.0,25.0,1098.03,0.0,594.37,Delivered,Wallet,224.61,167.61,Coupon Order,2025-12,Monday,0
1097.0,221,19,2025-05-22,804.93,,0.0,804.93,45.0,455.24,Delivered,Card,222.08,190.08,Non-Coupon Order,2025-05,Thursday,0
1098.0,56,12,2025-04-17,282.32,,0.0,282.32,25.0,157.3,Delivered,Upi,95.58,63.58,Non-Coupon Order,2025-04,Thursday,0
1099.0,49,27,2025-06-15,340.98,,0.0,340.98,55.0,178.18,Delivered,Cash,130.02,98.02,Non-Coupon Order,2025-06,Sunday,0
1100.0,114,21,2025-04-07,606.11,,0.0,606.11,45.0,366.67,Delivered,Card,154.1,122.1,Non-Coupon Order,2025-04,Monday,0
1101.0,179,26,2025-12-14,421.99,,0.0,421.99,55.0,257.68,Delivered,Cash,160.5,128.5,Non-Coupon Order,2025-12,Sunday,0
1102.0,134,21,2025-08-02,499.27,,0.0,499.27,35.0,270.55,Delivered,Cash,124.87,92.87,Non-Coupon Order,2025-08,Saturday,0
1103.0,55,5,2025-01-04,1333.47,,0.0,1333.47,25.0,810.75,Delivered,Cash,291.69,259.69,Non-Coupon Order,2025-01,Saturday,0
1104.0,38,1,2025-02-21,238.79,,0.0,238.79,45.0,127.01,Delivered,Wallet,97.53,65.53,Non-Coupon Order,2025-02,Friday,0
1105.0,289,21,2025-06-26,271.6,,0.0,271.6,0.0,147.75,Delivered,Wallet,48.89,16.89,Non-Coupon Order,2025-06,Thursday,0
1106.0,186,14,2025-09-07,353.43,,0.0,353.43,0.0,206.33,Delivered,Cash,88.36,56.36,Non-Coupon Order,2025-09,Sunday,0
1107.0,202,29,2025-02-26,361.09,,0.0,361.09,35.0,212.58,Delivered,Card,114.44,82.44,Non-Coupon Order,2025-02,Wednesday,0
1108.0,104,30,2025-10-10,618.14,,0.0,618.14,25.0,340.49,Delivered,Wallet,148.63,116.63,Non-Coupon Order,2025-10,Friday,0
1109.0,14,24,2025-08-21,396.98,,0.0,396.98,0.0,250.51,Delivered,Card,79.4,47.4,Non-Coupon Order,2025-08,Thursday,0
1110.0,63,26,2025-10-09,490.15,,0.0,490.15,0.0,266.38,Delivered,Card,122.54,90.54,Non-Coupon Order,2025-10,Thursday,0
1111.0,231,14,2025-06-25,536.86,,0.0,536.86,25.0,307.12,Delivered,Cash,159.22,127.22,Non-Coupon Order,2025-06,Wednesday,0
1112.0,159,10,2025-02-04,558.24,,0.0,558.24,0.0,291.66,Delivered,Upi,100.48,68.48,Non-Coupon Order,2025-02,Tuesday,0
1113.0,166,4,2025-09-24,1255.58,,0.0,1255.58,45.0,670.4,Delivered,Upi,271.0,239.0,Non-Coupon Order,2025-09,Wednesday,0
1114.0,179,16,2025-12-07,481.56,,0.0,481.56,35.0,288.38,Delivered,Upi,131.31,99.31,Non-Coupon Order,2025-12,Sunday,0
1116.0,163,28,2025-01-26,496.72,,0.0,496.72,45.0,279.02,Delivered,Upi,169.18,137.18,Non-Coupon Order,2025-01,Sunday,0
1117.0,14,5,2025-02-23,318.46,,0.0,318.46,25.0,187.31,Delivered,Cash,88.69,56.69,Non-Coupon Order,2025-02,Sunday,0
1118.0,101,2,2025-06-07,309.12,,0.0,309.12,25.0,162.62,Delivered,Wallet,80.64,48.64,Non-Coupon Order,2025-06,Saturday,0
1119.0,300,29,2025-08-11,399.48,,0.0,399.48,45.0,253.62,Delivered,Card,132.89,100.89,Non-Coupon Order,2025-08,Monday,0
1120.0,17,23,2025-11-19,285.01,,0.0,285.01,45.0,156.84,Delivered,Upi,96.3,64.3,Non-Coupon Order,2025-11,Wednesday,0
1121.0,256,15,2025-07-01,255.81,,0.0,255.81,0.0,144.82,Delivered,Upi,51.16,19.16,Non-Coupon Order,2025-07,Tuesday,0
1122.0,72,29,2025-01-25,413.57,,0.0,413.57,0.0,253.78,Delivered,Card,90.99,58.99,Non-Coupon Order,2025-01,Saturday,0
1123.0,31,4,2025-10-01,443.27,,0.0,443.27,0.0,276.52,Delivered,Upi,79.79,47.79,Non-Coupon Order,2025-10,Wednesday,0
1124.0,299,6,2025-02-09,580.32,,0.0,580.32,45.0,312.05,Delivered,Upi,161.06,129.06,Non-Coupon Order,2025-02,Sunday,0
1125.0,116,9,2025-08-12,461.61,,0.0,461.61,35.0,250.64,Delivered,Cash,118.09,86.09,Non-Coupon Order,2025-08,Tuesday,0
1126.0,254,21,2025-08-05,289.71,,0.0,289.71,45.0,172.41,Delivered,Card,97.15,65.15,Non-Coupon Order,2025-08,Tuesday,0
1127.0,258,15,2025-11-19,773.85,,0.0,773.85,0.0,406.75,Delivered,Wallet,154.77,122.77,Non-Coupon Order,2025-11,Wednesday,0
1128.0,251,28,2025-07-03,289.62,,0.0,289.62,45.0,174.77,Delivered,Cash,117.41,85.41,Non-Coupon Order,2025-07,Thursday,0
1129.0,230,2,2025-11-11,499.12,,0.0,499.12,25.0,288.64,Delivered,Wallet,114.84,82.84,Non-Coupon Order,2025-11,Tuesday,0
1130.0,22,10,2025-05-23,262.62,,0.0,262.62,55.0,138.63,Delivered,Wallet,102.27,70.27,Non-Coupon Order,2025-05,Friday,0
1131.0,178,2,2025-08-20,931.59,,0.0,931.59,55.0,553.09,Delivered,Wallet,222.69,190.69,Non-Coupon Order,2025-08,Wednesday,0
1132.0,231,12,2025-11-14,615.39,,0.0,615.39,55.0,380.67,Delivered,Wallet,208.85,176.85,Non-Coupon Order,2025-11,Friday,0
1133.0,56,6,2025-05-07,550.0,,0.0,550.0,0.0,342.3,Delivered,Card,110.0,78.0,Non-Coupon Order,2025-05,Wednesday,0
1134.0,251,8,2025-10-27,275.88,,0.0,275.88,45.0,166.51,Delivered,Card,100.18,68.18,Non-Coupon Order,2025-10,Monday,0
1135.0,186,22,2025-09-29,292.68,,0.0,292.68,35.0,171.11,Delivered,Wallet,108.17,76.17,Non-Coupon Order,2025-09,Monday,0
1136.0,228,2,2025-09-22,405.32,,0.0,405.32,45.0,238.89,Delivered,Card,117.96,85.96,Non-Coupon Order,2025-09,Monday,0
1137.0,142,22,2025-03-28,542.72,,0.0,542.72,55.0,344.0,Delivered,Upi,190.68,158.68,Non-Coupon Order,2025-03,Friday,0
1138.0,61,30,2025-08-16,494.24,,0.0,494.24,25.0,267.34,Delivered,Card,123.85,91.85,Non-Coupon Order,2025-08,Saturday,0
1139.0,127,26,2025-06-10,481.0,,0.0,481.0,35.0,289.85,Delivered,Wallet,155.25,123.25,Non-Coupon Order,2025-06,Tuesday,0
1140.0,40,4,2025-12-26,239.79,,0.0,239.79,45.0,150.96,Delivered,Card,88.16,56.16,Non-Coupon Order,2025-12,Friday,0
1141.0,114,8,2025-06-08,1059.94,,0.0,1059.94,35.0,665.85,Delivered,Card,246.99,214.99,Non-Coupon Order,2025-06,Sunday,0
1142.0,258,10,2025-06-28,641.67,,0.0,641.67,0.0,375.57,Delivered,Cash,115.5,83.5,Non-Coupon Order,2025-06,Saturday,0
1143.0,171,11,2025-08-21,435.31,,0.0,435.31,25.0,243.85,Delivered,Cash,133.83,101.83,Non-Coupon Order,2025-08,Thursday,0
1144.0,158,25,2025-12-07,625.08,,0.0,625.08,0.0,377.68,Delivered,Cash,137.52,105.52,Non-Coupon Order,2025-12,Sunday,0
1145.0,169,25,2025-05-15,268.73,,0.0,268.73,25.0,168.75,Delivered,Card,84.12,52.12,Non-Coupon Order,2025-05,Thursday,0
1146.0,48,28,2025-10-18,750.87,,0.0,750.87,35.0,432.39,Delivered,Upi,222.72,190.72,Non-Coupon Order,2025-10,Saturday,0
1147.0,108,8,2025-05-29,493.61,,0.0,493.61,0.0,270.6,Delivered,Card,98.72,66.72,Non-Coupon Order,2025-05,Thursday,0
1148.0,223,25,2025-10-18,252.47,,0.0,252.47,45.0,150.97,Delivered,Card,100.54,68.54,Non-Coupon Order,2025-10,Saturday,0
1149.0,37,17,2025-05-12,717.73,,0.0,717.73,25.0,456.22,Delivered,Card,168.55,136.55,Non-Coupon Order,2025-05,Monday,0
1150.0,114,14,2025-09-06,374.78,,0.0,374.78,0.0,201.39,Delivered,Wallet,93.7,61.7,Non-Coupon Order,2025-09,Saturday,0
1151.0,156,7,2025-02-17,1003.93,,0.0,1003.93,35.0,558.18,Delivered,Wallet,235.79,203.79,Non-Coupon Order,2025-02,Monday,0
1152.0,27,21,2025-05-26,781.66,,0.0,781.66,35.0,463.04,Delivered,Upi,175.7,143.7,Non-Coupon Order,2025-05,Monday,0
1153.0,283,27,2025-01-03,607.06,,0.0,607.06,0.0,344.56,Delivered,Cash,133.55,101.55,Non-Coupon Order,2025-01,Friday,0
1154.0,214,10,2025-10-26,302.88,,0.0,302.88,25.0,179.6,Delivered,Wallet,79.52,47.52,Non-Coupon Order,2025-10,Sunday,0
1156.0,56,19,2025-06-05,300.94,,0.0,300.94,45.0,178.39,Delivered,Wallet,111.21,79.21,Non-Coupon Order,2025-06,Thursday,0
1157.0,283,21,2025-08-07,462.83,,0.0,462.83,45.0,243.56,Delivered,Card,128.31,96.31,Non-Coupon Order,2025-08,Thursday,0
1159.0,115,2,2025-08-21,389.22,,0.0,389.22,25.0,226.23,Delivered,Cash,95.06,63.06,Non-Coupon Order,2025-08,Thursday,0
1160.0,205,24,2025-02-05,479.3,,0.0,479.3,0.0,284.7,Delivered,Cash,95.86,63.86,Non-Coupon Order,2025-02,Wednesday,0
1161.0,264,10,2025-07-01,671.24,,0.0,671.24,25.0,367.9,Delivered,Card,145.82,113.82,Non-Coupon Order,2025-07,Tuesday,0
1163.0,223,24,2025-12-07,1253.76,,0.0,1253.76,0.0,670.25,Delivered,Wallet,250.75,218.75,Non-Coupon Order,2025-12,Sunday,0
1164.0,182,4,2025-08-31,296.6,,0.0,296.6,35.0,180.96,Delivered,Upi,88.39,56.39,Non-Coupon Order,2025-08,Sunday,0
1165.0,96,12,2025-06-11,446.0,,0.0,446.0,55.0,253.07,Delivered,Card,166.5,134.5,Non-Coupon Order,2025-06,Wednesday,0
1166.0,201,24,2025-04-05,223.31,,0.0,223.31,55.0,130.45,Delivered,Card,99.66,67.66,Non-Coupon Order,2025-04,Saturday,0
1167.0,193,18,2025-11-17,321.44,,0.0,321.44,45.0,202.9,Delivered,Wallet,102.86,70.86,Non-Coupon Order,2025-11,Monday,0
1168.0,202,4,2025-02-03,274.45,,0.0,274.45,35.0,158.8,Delivered,Upi,84.4,52.4,Non-Coupon Order,2025-02,Monday,0
1169.0,2,21,2025-03-31,323.55,,0.0,323.55,55.0,176.34,Delivered,Wallet,113.24,81.24,Non-Coupon Order,2025-03,Monday,0
1170.0,223,18,2025-01-10,592.34,,0.0,592.34,35.0,313.11,Delivered,Wallet,141.62,109.62,Non-Coupon Order,2025-01,Friday,0
1171.0,191,21,2025-02-25,273.38,,0.0,273.38,0.0,145.68,Delivered,Wallet,49.21,17.21,Non-Coupon Order,2025-02,Tuesday,0
1172.0,271,11,2025-01-08,635.25,,0.0,635.25,25.0,333.08,Delivered,Card,183.81,151.81,Non-Coupon Order,2025-01,Wednesday,0
1174.0,150,27,2025-08-02,1248.77,,0.0,1248.77,45.0,694.39,Delivered,Cash,319.73,287.73,Non-Coupon Order,2025-08,Saturday,0
1175.0,39,2,2025-09-19,400.51,,0.0,400.51,0.0,221.25,Delivered,Upi,72.09,40.09,Non-Coupon Order,2025-09,Friday,0
1176.0,17,17,2025-02-04,335.95,,0.0,335.95,45.0,211.2,Delivered,Wallet,112.19,80.19,Non-Coupon Order,2025-02,Tuesday,0
1177.0,18,7,2025-06-15,290.12,,0.0,290.12,35.0,177.85,Delivered,Upi,93.02,61.02,Non-Coupon Order,2025-06,Sunday,0
1178.0,59,13,2025-04-27,734.74,,0.0,734.74,35.0,406.24,Delivered,Wallet,196.64,164.64,Non-Coupon Order,2025-04,Sunday,0
1179.0,238,9,2025-08-30,319.24,,0.0,319.24,35.0,168.1,Delivered,Cash,92.46,60.46,Non-Coupon Order,2025-08,Saturday,0
1180.0,122,24,2025-12-20,338.79,,0.0,338.79,25.0,187.18,Delivered,Cash,92.76,60.76,Non-Coupon Order,2025-12,Saturday,0
1181.0,26,5,2025-03-03,1192.37,,0.0,1192.37,55.0,710.93,Delivered,Cash,293.47,261.47,Non-Coupon Order,2025-03,Monday,0
1182.0,280,13,2025-04-27,841.65,,0.0,841.65,0.0,466.76,Delivered,Upi,185.16,153.16,Non-Coupon Order,2025-04,Sunday,0
1184.0,139,12,2025-06-01,417.12,,0.0,417.12,45.0,219.9,Delivered,Wallet,149.28,117.28,Non-Coupon Order,2025-06,Sunday,0
1185.0,51,17,2025-12-24,675.9,,0.0,675.9,0.0,406.51,Delivered,Card,135.18,103.18,Non-Coupon Order,2025-12,Wednesday,0
1186.0,297,26,2025-10-07,504.6,,0.0,504.6,25.0,272.68,Delivered,Upi,151.15,119.15,Non-Coupon Order,2025-10,Tuesday,0
1187.0,292,2,2025-03-02,239.36,,0.0,239.36,55.0,134.69,Delivered,Upi,98.08,66.08,Non-Coupon Order,2025-03,Sunday,0
1188.0,205,16,2025-04-13,242.38,,0.0,242.38,25.0,138.95,Delivered,Card,73.48,41.48,Non-Coupon Order,2025-04,Sunday,0
1189.0,93,29,2025-12-03,875.4,,0.0,875.4,55.0,517.79,Delivered,Upi,247.59,215.59,Non-Coupon Order,2025-12,Wednesday,0
1190.0,191,5,2025-05-13,384.54,,0.0,384.54,25.0,207.57,Delivered,Cash,101.91,69.91,Non-Coupon Order,2025-05,Tuesday,0
1191.0,278,25,2025-01-14,391.33,,0.0,391.33,55.0,223.18,Delivered,Upi,141.09,109.09,Non-Coupon Order,2025-01,Tuesday,0
1192.0,237,13,2025-05-02,705.02,,0.0,705.02,25.0,393.7,Delivered,Upi,180.1,148.1,Non-Coupon Order,2025-05,Friday,0
1193.0,137,30,2025-04-20,249.93,,0.0,249.93,55.0,151.3,Delivered,Upi,104.99,72.99,Non-Coupon Order,2025-04,Sunday,0
1195.0,285,25,2025-08-05,567.86,,0.0,567.86,25.0,317.77,Delivered,Cash,149.93,117.93,Non-Coupon Order,2025-08,Tuesday,0
1196.0,103,2,2025-05-05,333.32,,0.0,333.32,35.0,182.92,Delivered,Upi,95.0,63.0,Non-Coupon Order,2025-05,Monday,0
1197.0,158,4,2025-11-07,272.74,,0.0,272.74,0.0,168.72,Delivered,Wallet,49.09,17.09,Non-Coupon Order,2025-11,Friday,0
1198.0,113,2,2025-04-05,271.46,,0.0,271.46,45.0,152.99,Delivered,Cash,93.86,61.86,Non-Coupon Order,2025-04,Saturday,0
1199.0,282,13,2025-02-12,1876.67,,0.0,1876.67,0.0,1084.9,Delivered,Upi,412.87,380.87,Non-Coupon Order,2025-02,Wednesday,0
1200.0,246,13,2025-09-25,554.44,,0.0,554.44,0.0,339.11,Delivered,Upi,121.98,89.98,Non-Coupon Order,2025-09,Thursday,0
1201.0,42,8,2025-08-07,363.08,,0.0,363.08,45.0,207.47,Delivered,Cash,117.62,85.62,Non-Coupon Order,2025-08,Thursday,0
1202.0,18,2,2025-11-02,372.17,,0.0,372.17,0.0,198.31,Delivered,Card,66.99,34.99,Non-Coupon Order,2025-11,Sunday,0
1203.0,253,19,2025-10-01,319.56,,0.0,319.56,35.0,190.79,Delivered,Upi,105.3,73.3,Non-Coupon Order,2025-10,Wednesday,0
1204.0,155,30,2025-05-30,1295.75,2.0,100.0,1195.75,35.0,684.81,Delivered,Upi,294.15,162.15,Coupon Order,2025-05,Friday,0
1205.0,96,3,2025-09-24,1206.37,,0.0,1206.37,0.0,659.5,Delivered,Cash,301.59,269.59,Non-Coupon Order,2025-09,Wednesday,0
1206.0,38,8,2025-08-22,240.18,,0.0,240.18,55.0,146.4,Delivered,Upi,103.04,71.04,Non-Coupon Order,2025-08,Friday,0
1207.0,124,10,2025-08-01,532.46,,0.0,532.46,35.0,300.49,Delivered,Cash,130.84,98.84,Non-Coupon Order,2025-08,Friday,0
1208.0,163,13,2025-12-10,474.44,,0.0,474.44,35.0,259.64,Delivered,Upi,139.38,107.38,Non-Coupon Order,2025-12,Wednesday,0
1209.0,169,18,2025-07-28,573.61,,0.0,573.61,25.0,358.68,Delivered,Card,128.25,96.25,Non-Coupon Order,2025-07,Monday,0
1210.0,53,18,2025-11-08,574.96,,0.0,574.96,25.0,359.98,Delivered,Wallet,128.49,96.49,Non-Coupon Order,2025-11,Saturday,0
1211.0,235,6,2025-04-15,699.12,,0.0,699.12,0.0,443.82,Delivered,Cash,139.82,107.82,Non-Coupon Order,2025-04,Tuesday,0
1212.0,168,17,2025-09-08,627.69,,0.0,627.69,25.0,375.98,Delivered,Card,150.54,118.54,Non-Coupon Order,2025-09,Monday,0
1213.0,191,4,2025-11-24,684.29,,0.0,684.29,35.0,410.88,Delivered,Card,158.17,126.17,Non-Coupon Order,2025-11,Monday,0
1214.0,91,20,2025-02-12,1188.4,,0.0,1188.4,35.0,707.07,Delivered,Card,272.68,240.68,Non-Coupon Order,2025-02,Wednesday,0
1215.0,91,25,2025-09-23,978.88,,0.0,978.88,55.0,567.27,Delivered,Card,270.35,238.35,Non-Coupon Order,2025-09,Tuesday,0
1216.0,49,19,2025-10-01,414.74,,0.0,414.74,0.0,244.94,Delivered,Cash,91.24,59.24,Non-Coupon Order,2025-10,Wednesday,0
1217.0,275,25,2025-03-21,384.3,,0.0,384.3,0.0,219.25,Delivered,Upi,84.55,52.55,Non-Coupon Order,2025-03,Friday,0
1218.0,86,21,2025-09-09,228.56,,0.0,228.56,55.0,133.38,Delivered,Upi,96.14,64.14,Non-Coupon Order,2025-09,Tuesday,0
1219.0,46,14,2025-10-10,237.05,,0.0,237.05,55.0,132.28,Delivered,Card,114.26,82.26,Non-Coupon Order,2025-10,Friday,0
1220.0,26,15,2025-02-28,314.43,,0.0,314.43,25.0,177.31,Delivered,Upi,87.89,55.89,Non-Coupon Order,2025-02,Friday,0
1221.0,237,2,2025-07-31,600.3,,0.0,600.3,35.0,340.2,Delivered,Cash,143.05,111.05,Non-Coupon Order,2025-07,Thursday,0
1222.0,216,8,2025-02-09,1166.93,,0.0,1166.93,0.0,663.97,Delivered,Upi,233.39,201.39,Non-Coupon Order,2025-02,Sunday,0
1223.0,114,7,2025-03-05,431.48,,0.0,431.48,35.0,237.51,Delivered,Upi,121.3,89.3,Non-Coupon Order,2025-03,Wednesday,0
1224.0,163,8,2025-12-16,307.53,,0.0,307.53,25.0,177.43,Delivered,Wallet,86.51,54.51,Non-Coupon Order,2025-12,Tuesday,0
1225.0,218,13,2025-08-02,221.65,,0.0,221.65,55.0,123.46,Delivered,Card,103.76,71.76,Non-Coupon Order,2025-08,Saturday,0
1226.0,75,27,2025-05-20,625.18,,0.0,625.18,25.0,378.68,Delivered,Card,162.54,130.54,Non-Coupon Order,2025-05,Tuesday,0
1227.0,256,5,2025-03-09,521.59,,0.0,521.59,45.0,300.56,Delivered,Card,149.32,117.32,Non-Coupon Order,2025-03,Sunday,0
1229.0,265,15,2025-01-15,280.58,,0.0,280.58,35.0,153.6,Delivered,Cash,91.12,59.12,Non-Coupon Order,2025-01,Wednesday,0
1230.0,64,11,2025-01-10,544.1,,0.0,544.1,55.0,322.8,Delivered,Upi,191.03,159.03,Non-Coupon Order,2025-01,Friday,0
1231.0,174,17,2025-12-16,672.24,,0.0,672.24,55.0,360.32,Delivered,Cash,189.45,157.45,Non-Coupon Order,2025-12,Tuesday,0
1232.0,189,5,2025-09-23,454.42,6.0,75.0,379.42,0.0,268.88,Delivered,Cash,90.88,-16.12,Coupon Order,2025-09,Tuesday,0
1233.0,169,7,2025-09-16,709.8,,0.0,709.8,0.0,371.45,Delivered,Cash,141.96,109.96,Non-Coupon Order,2025-09,Tuesday,0
1234.0,274,6,2025-06-27,363.6,,0.0,363.6,35.0,211.72,Delivered,Card,107.72,75.72,Non-Coupon Order,2025-06,Friday,0
1235.0,187,29,2025-09-23,234.62,,0.0,234.62,0.0,134.77,Delivered,Card,51.62,19.62,Non-Coupon Order,2025-09,Tuesday,0
1236.0,41,17,2025-12-11,483.57,,0.0,483.57,35.0,298.93,Delivered,Cash,131.71,99.71,Non-Coupon Order,2025-12,Thursday,0
1237.0,90,24,2025-11-30,417.02,,0.0,417.02,35.0,252.44,Delivered,Card,118.4,86.4,Non-Coupon Order,2025-11,Sunday,0
1238.0,54,11,2025-01-13,704.9,,0.0,704.9,45.0,395.2,Delivered,Upi,221.23,189.23,Non-Coupon Order,2025-01,Monday,0
1239.0,191,21,2025-09-23,307.97,,0.0,307.97,45.0,169.13,Delivered,Wallet,100.43,68.43,Non-Coupon Order,2025-09,Tuesday,0
1240.0,31,28,2025-07-20,590.39,,0.0,590.39,25.0,331.54,Delivered,Upi,172.6,140.6,Non-Coupon Order,2025-07,Sunday,0
1241.0,58,24,2025-07-01,348.79,,0.0,348.79,25.0,215.05,Delivered,Card,94.76,62.76,Non-Coupon Order,2025-07,Tuesday,0
1242.0,147,13,2025-04-25,514.85,,0.0,514.85,55.0,282.42,Delivered,Cash,168.27,136.27,Non-Coupon Order,2025-04,Friday,0
1243.0,91,10,2025-12-28,432.23,,0.0,432.23,25.0,266.62,Delivered,Card,102.8,70.8,Non-Coupon Order,2025-12,Sunday,0
1244.0,261,13,2025-10-15,836.05,7.0,230.14,605.91,55.0,514.45,Delivered,Upi,238.93,-23.21,Coupon Order,2025-10,Wednesday,0
1245.0,43,18,2025-11-25,354.91,,0.0,354.91,0.0,186.84,Delivered,Wallet,63.88,31.88,Non-Coupon Order,2025-11,Tuesday,0
1246.0,9,21,2025-08-01,376.82,,0.0,376.82,45.0,207.03,Delivered,Card,112.83,80.83,Non-Coupon Order,2025-08,Friday,0
1247.0,7,3,2025-03-15,664.43,,0.0,664.43,45.0,370.88,Delivered,Wallet,211.11,179.11,Non-Coupon Order,2025-03,Saturday,0
1248.0,157,17,2025-02-18,1377.14,,0.0,1377.14,0.0,788.74,Delivered,Card,275.43,243.43,Non-Coupon Order,2025-02,Tuesday,0
1249.0,91,4,2025-02-02,256.81,,0.0,256.81,0.0,153.94,Delivered,Card,46.23,14.23,Non-Coupon Order,2025-02,Sunday,0
1250.0,52,23,2025-01-23,481.56,,0.0,481.56,25.0,271.71,Delivered,Upi,111.68,79.68,Non-Coupon Order,2025-01,Thursday,0
1251.0,113,3,2025-07-21,525.1,,0.0,525.1,55.0,325.32,Delivered,Wallet,186.28,154.28,Non-Coupon Order,2025-07,Monday,0
1252.0,202,12,2025-10-14,573.62,,0.0,573.62,25.0,337.51,Delivered,Card,168.41,136.41,Non-Coupon Order,2025-10,Tuesday,0
1253.0,215,18,2025-09-24,281.66,,0.0,281.66,0.0,165.13,Delivered,Cash,50.7,18.7,Non-Coupon Order,2025-09,Wednesday,0
1254.0,228,7,2025-12-08,292.35,,0.0,292.35,0.0,158.03,Delivered,Cash,58.47,26.47,Non-Coupon Order,2025-12,Monday,0
1255.0,196,21,2025-03-08,501.28,,0.0,501.28,55.0,264.19,Delivered,Upi,145.23,113.23,Non-Coupon Order,2025-03,Saturday,0
1256.0,53,13,2025-12-15,1303.86,,0.0,1303.86,35.0,788.18,Delivered,Upi,321.85,289.85,Non-Coupon Order,2025-12,Monday,0
1257.0,201,3,2025-09-13,291.26,,0.0,291.26,0.0,185.75,Delivered,Wallet,72.82,40.82,Non-Coupon Order,2025-09,Saturday,0
1258.0,286,28,2025-10-25,1561.8,,0.0,1561.8,35.0,948.58,Delivered,Upi,425.45,393.45,Non-Coupon Order,2025-10,Saturday,0
1259.0,35,13,2025-01-08,404.63,,0.0,404.63,45.0,252.44,Delivered,Card,134.02,102.02,Non-Coupon Order,2025-01,Wednesday,0
1260.0,120,3,2025-01-10,660.57,,0.0,660.57,35.0,389.11,Delivered,Wallet,200.14,168.14,Non-Coupon Order,2025-01,Friday,0
1261.0,37,8,2025-02-01,534.79,,0.0,534.79,0.0,307.63,Delivered,Wallet,106.96,74.96,Non-Coupon Order,2025-02,Saturday,0
1262.0,49,29,2025-07-19,361.24,1.0,150.0,211.24,25.0,228.74,Delivered,Card,104.47,-77.53,Coupon Order,2025-07,Saturday,0
1263.0,52,12,2025-05-12,726.77,,0.0,726.77,55.0,385.28,Delivered,Upi,236.69,204.69,Non-Coupon Order,2025-05,Monday,0
1264.0,172,12,2025-08-25,391.91,,0.0,391.91,0.0,227.15,Delivered,Cash,97.98,65.98,Non-Coupon Order,2025-08,Monday,0
1265.0,10,15,2025-02-03,913.2,,0.0,913.2,25.0,494.49,Delivered,Cash,207.64,175.64,Non-Coupon Order,2025-02,Monday,0
1266.0,2,17,2025-06-19,558.65,,0.0,558.65,35.0,290.97,Delivered,Card,146.73,114.73,Non-Coupon Order,2025-06,Thursday,0
1267.0,214,18,2025-07-09,1158.44,,0.0,1158.44,0.0,691.27,Delivered,Wallet,208.52,176.52,Non-Coupon Order,2025-07,Wednesday,0
1268.0,239,2,2025-10-15,495.6,,0.0,495.6,25.0,303.72,Delivered,Upi,114.21,82.21,Non-Coupon Order,2025-10,Wednesday,0
1269.0,141,21,2025-01-21,950.79,,0.0,950.79,45.0,504.2,Delivered,Wallet,216.14,184.14,Non-Coupon Order,2025-01,Tuesday,0
1270.0,71,13,2025-03-01,557.78,,0.0,557.78,35.0,324.12,Delivered,Upi,157.71,125.71,Non-Coupon Order,2025-03,Saturday,0
1271.0,70,23,2025-07-14,276.26,,0.0,276.26,0.0,166.76,Delivered,Wallet,49.73,17.73,Non-Coupon Order,2025-07,Monday,0
1272.0,266,25,2025-07-04,1014.93,8.0,180.0,834.93,0.0,625.39,Delivered,Wallet,223.28,11.28,Coupon Order,2025-07,Friday,0
1273.0,129,8,2025-08-15,1107.63,,0.0,1107.63,35.0,673.65,Delivered,Wallet,256.53,224.53,Non-Coupon Order,2025-08,Friday,0
1274.0,282,23,2025-07-10,936.08,,0.0,936.08,35.0,580.9,Delivered,Card,203.49,171.49,Non-Coupon Order,2025-07,Thursday,0
1275.0,86,17,2025-12-30,874.01,,0.0,874.01,0.0,477.44,Delivered,Upi,174.8,142.8,Non-Coupon Order,2025-12,Tuesday,0
1277.0,235,13,2025-12-01,701.64,,0.0,701.64,45.0,377.23,Delivered,Card,199.36,167.36,Non-Coupon Order,2025-12,Monday,0
1278.0,101,24,2025-06-19,858.93,,0.0,858.93,55.0,514.05,Delivered,Card,226.79,194.79,Non-Coupon Order,2025-06,Thursday,0
1279.0,194,17,2025-12-03,274.28,,0.0,274.28,45.0,152.99,Delivered,Card,99.86,67.86,Non-Coupon Order,2025-12,Wednesday,0
1280.0,179,16,2025-12-05,448.28,,0.0,448.28,0.0,278.94,Delivered,Upi,89.66,57.66,Non-Coupon Order,2025-12,Friday,0
1281.0,296,7,2025-01-27,649.64,,0.0,649.64,0.0,395.57,Delivered,Card,129.93,97.93,Non-Coupon Order,2025-01,Monday,0
1282.0,283,1,2025-07-29,300.03,,0.0,300.03,45.0,166.12,Delivered,Upi,111.01,79.01,Non-Coupon Order,2025-07,Tuesday,0
1283.0,35,26,2025-04-04,537.04,,0.0,537.04,55.0,342.44,Delivered,Cash,189.26,157.26,Non-Coupon Order,2025-04,Friday,0
1284.0,217,23,2025-10-31,667.32,,0.0,667.32,45.0,367.45,Delivered,Cash,165.12,133.12,Non-Coupon Order,2025-10,Friday,0
1285.0,109,14,2025-07-06,383.28,1.0,150.0,233.28,45.0,207.41,Delivered,Wallet,140.82,-41.18,Coupon Order,2025-07,Sunday,0
1286.0,248,18,2025-05-18,251.25,,0.0,251.25,25.0,140.64,Delivered,Card,70.22,38.22,Non-Coupon Order,2025-05,Sunday,0
1287.0,205,26,2025-06-24,568.86,,0.0,568.86,45.0,316.44,Delivered,Upi,187.22,155.22,Non-Coupon Order,2025-06,Tuesday,0
1288.0,28,17,2025-04-01,579.75,,0.0,579.75,45.0,337.31,Delivered,Wallet,160.95,128.95,Non-Coupon Order,2025-04,Tuesday,0
1289.0,63,28,2025-01-16,630.68,,0.0,630.68,45.0,339.65,Delivered,Card,202.67,170.67,Non-Coupon Order,2025-01,Thursday,0
1290.0,87,20,2025-08-30,471.07,,0.0,471.07,55.0,269.3,Delivered,Wallet,149.21,117.21,Non-Coupon Order,2025-08,Saturday,0
1291.0,274,22,2025-08-28,398.41,,0.0,398.41,25.0,226.76,Delivered,Upi,124.6,92.6,Non-Coupon Order,2025-08,Thursday,0
1292.0,78,29,2025-03-05,546.28,,0.0,546.28,35.0,323.22,Delivered,Card,155.18,123.18,Non-Coupon Order,2025-03,Wednesday,0
1293.0,229,13,2025-09-16,441.24,,0.0,441.24,55.0,270.32,Delivered,Upi,152.07,120.07,Non-Coupon Order,2025-09,Tuesday,0
1294.0,70,17,2025-03-12,513.08,,0.0,513.08,0.0,312.4,Delivered,Upi,102.62,70.62,Non-Coupon Order,2025-03,Wednesday,0
1295.0,101,11,2025-11-18,239.66,,0.0,239.66,55.0,135.93,Delivered,Wallet,114.92,82.92,Non-Coupon Order,2025-11,Tuesday,0
1296.0,255,9,2025-03-18,392.86,,0.0,392.86,55.0,238.93,Delivered,Card,125.71,93.71,Non-Coupon Order,2025-03,Tuesday,0
1297.0,31,5,2025-01-07,651.73,,0.0,651.73,55.0,381.98,Delivered,Upi,185.35,153.35,Non-Coupon Order,2025-01,Tuesday,0
1298.0,158,10,2025-08-14,442.94,,0.0,442.94,55.0,250.84,Delivered,Wallet,134.73,102.73,Non-Coupon Order,2025-08,Thursday,0
1299.0,10,16,2025-03-16,491.92,,0.0,491.92,25.0,305.06,Delivered,Wallet,123.38,91.38,Non-Coupon Order,2025-03,Sunday,0
1301.0,55,29,2025-11-21,672.6,,0.0,672.6,45.0,400.14,Delivered,Cash,192.97,160.97,Non-Coupon Order,2025-11,Friday,0
1302.0,197,16,2025-06-13,724.39,,0.0,724.39,45.0,378.69,Delivered,Cash,189.88,157.88,Non-Coupon Order,2025-06,Friday,0
1303.0,14,6,2025-10-28,244.52,,0.0,244.52,55.0,153.08,Delivered,Wallet,103.9,71.9,Non-Coupon Order,2025-10,Tuesday,0
1304.0,145,2,2025-07-02,632.66,,0.0,632.66,0.0,363.61,Delivered,Cash,113.88,81.88,Non-Coupon Order,2025-07,Wednesday,0
1305.0,99,5,2025-08-18,228.53,,0.0,228.53,25.0,144.03,Delivered,Cash,70.71,38.71,Non-Coupon Order,2025-08,Monday,0
1306.0,205,11,2025-09-28,551.24,,0.0,551.24,55.0,350.6,Delivered,Cash,192.81,160.81,Non-Coupon Order,2025-09,Sunday,0
1307.0,44,9,2025-08-01,904.76,,0.0,904.76,0.0,546.96,Delivered,Upi,162.86,130.86,Non-Coupon Order,2025-08,Friday,0
1308.0,116,3,2025-07-08,384.19,,0.0,384.19,25.0,238.31,Delivered,Cash,121.05,89.05,Non-Coupon Order,2025-07,Tuesday,0
1309.0,47,5,2025-11-27,449.25,,0.0,449.25,25.0,245.72,Delivered,Wallet,114.85,82.85,Non-Coupon Order,2025-11,Thursday,0
1310.0,280,5,2025-06-29,462.06,,0.0,462.06,55.0,241.09,Delivered,Wallet,147.41,115.41,Non-Coupon Order,2025-06,Sunday,0
1311.0,14,29,2025-02-23,316.66,,0.0,316.66,35.0,185.94,Delivered,Card,104.67,72.67,Non-Coupon Order,2025-02,Sunday,0
1312.0,41,9,2025-06-25,370.47,,0.0,370.47,25.0,200.17,Delivered,Cash,91.68,59.68,Non-Coupon Order,2025-06,Wednesday,0
1313.0,272,25,2025-03-29,1091.98,,0.0,1091.98,55.0,654.72,Delivered,Wallet,295.24,263.24,Non-Coupon Order,2025-03,Saturday,0
1314.0,60,24,2025-07-04,461.04,,0.0,461.04,25.0,280.83,Delivered,Card,117.21,85.21,Non-Coupon Order,2025-07,Friday,0
1315.0,113,10,2025-09-25,339.7,,0.0,339.7,25.0,183.64,Delivered,Cash,86.15,54.15,Non-Coupon Order,2025-09,Thursday,0
1316.0,6,11,2025-08-04,777.0,,0.0,777.0,45.0,475.8,Delivered,Wallet,239.25,207.25,Non-Coupon Order,2025-08,Monday,0
1317.0,281,20,2025-08-06,442.6,3.0,88.52,354.08,0.0,256.07,Delivered,Card,88.52,-32.0,Coupon Order,2025-08,Wednesday,0
1318.0,178,21,2025-01-03,602.58,,0.0,602.58,45.0,329.64,Delivered,Cash,153.46,121.46,Non-Coupon Order,2025-01,Friday,0
1319.0,6,4,2025-03-20,417.85,,0.0,417.85,25.0,258.75,Delivered,Card,100.21,68.21,Non-Coupon Order,2025-03,Thursday,0
1320.0,1,9,2025-02-11,1301.11,,0.0,1301.11,0.0,715.57,Delivered,Upi,234.2,202.2,Non-Coupon Order,2025-02,Tuesday,0
1321.0,256,16,2025-11-28,776.62,,0.0,776.62,45.0,454.28,Delivered,Wallet,200.32,168.32,Non-Coupon Order,2025-11,Friday,0
1322.0,54,9,2025-10-02,786.39,6.0,75.0,711.39,55.0,503.21,Delivered,Wallet,196.55,89.55,Coupon Order,2025-10,Thursday,0
1324.0,210,28,2025-08-21,278.27,,0.0,278.27,0.0,166.06,Delivered,Card,69.57,37.57,Non-Coupon Order,2025-08,Thursday,0
1325.0,7,16,2025-08-21,301.24,,0.0,301.24,25.0,186.71,Delivered,Cash,85.25,53.25,Non-Coupon Order,2025-08,Thursday,0
1327.0,250,24,2025-11-14,371.49,,0.0,371.49,25.0,199.51,Delivered,Cash,99.3,67.3,Non-Coupon Order,2025-11,Friday,0
1328.0,10,25,2025-05-25,234.96,,0.0,234.96,35.0,139.06,Delivered,Wallet,86.69,54.69,Non-Coupon Order,2025-05,Sunday,0
1329.0,199,21,2025-07-25,462.6,8.0,154.39,308.21,55.0,263.09,Delivered,Wallet,138.27,-48.12,Coupon Order,2025-07,Friday,0
1330.0,96,26,2025-11-01,398.35,,0.0,398.35,45.0,240.38,Delivered,Card,144.59,112.59,Non-Coupon Order,2025-11,Saturday,0
1331.0,56,1,2025-11-26,629.32,,0.0,629.32,55.0,361.4,Delivered,Upi,193.45,161.45,Non-Coupon Order,2025-11,Wednesday,0
1332.0,250,22,2025-06-28,541.65,,0.0,541.65,25.0,302.81,Delivered,Card,160.41,128.41,Non-Coupon Order,2025-06,Saturday,0
1333.0,243,7,2025-05-22,816.74,,0.0,816.74,45.0,442.13,Delivered,Cash,208.35,176.35,Non-Coupon Order,2025-05,Thursday,0
1334.0,259,27,2025-10-04,1125.0,,0.0,1125.0,45.0,674.79,Delivered,Card,292.5,260.5,Non-Coupon Order,2025-10,Saturday,0
1335.0,280,18,2025-06-23,941.88,,0.0,941.88,55.0,551.37,Delivered,Wallet,224.54,192.54,Non-Coupon Order,2025-06,Monday,0
1336.0,47,1,2025-09-17,923.18,,0.0,923.18,0.0,584.7,Delivered,Card,203.1,171.1,Non-Coupon Order,2025-09,Wednesday,0
1337.0,23,6,2025-03-25,579.12,,0.0,579.12,25.0,314.44,Delivered,Upi,140.82,108.82,Non-Coupon Order,2025-03,Tuesday,0
1338.0,284,11,2025-03-28,1196.79,3.0,120.0,1076.79,0.0,629.82,Delivered,Card,299.2,147.2,Coupon Order,2025-03,Friday,0
1339.0,247,11,2025-05-26,619.29,,0.0,619.29,35.0,332.61,Delivered,Card,189.82,157.82,Non-Coupon Order,2025-05,Monday,0
1340.0,279,20,2025-09-28,424.94,,0.0,424.94,35.0,224.12,Delivered,Wallet,119.99,87.99,Non-Coupon Order,2025-09,Sunday,0
1341.0,240,25,2025-07-23,987.82,,0.0,987.82,25.0,581.49,Delivered,Cash,242.32,210.32,Non-Coupon Order,2025-07,Wednesday,0
1342.0,99,9,2025-05-13,320.3,,0.0,320.3,35.0,175.18,Delivered,Upi,92.65,60.65,Non-Coupon Order,2025-05,Tuesday,0
1343.0,217,8,2025-01-01,343.44,,0.0,343.44,0.0,183.77,Delivered,Cash,68.69,36.69,Non-Coupon Order,2025-01,Wednesday,0
1344.0,145,24,2025-04-23,646.72,,0.0,646.72,35.0,343.4,Delivered,Upi,164.34,132.34,Non-Coupon Order,2025-04,Wednesday,0
1345.0,224,18,2025-07-03,961.66,,0.0,961.66,45.0,541.03,Delivered,Cash,218.1,186.1,Non-Coupon Order,2025-07,Thursday,0
1347.0,209,6,2025-12-03,312.13,,0.0,312.13,45.0,187.16,Delivered,Card,107.43,75.43,Non-Coupon Order,2025-12,Wednesday,0
1348.0,272,17,2025-10-31,674.79,,0.0,674.79,55.0,402.0,Delivered,Card,189.96,157.96,Non-Coupon Order,2025-10,Friday,0
1349.0,298,8,2025-05-14,240.79,,0.0,240.79,55.0,138.34,Delivered,Card,103.16,71.16,Non-Coupon Order,2025-05,Wednesday,0
1350.0,117,20,2025-08-28,571.22,,0.0,571.22,35.0,365.34,Delivered,Wallet,149.24,117.24,Non-Coupon Order,2025-08,Thursday,0
1351.0,19,20,2025-05-15,231.08,,0.0,231.08,25.0,134.94,Delivered,Cash,71.22,39.22,Non-Coupon Order,2025-05,Thursday,0
1352.0,270,20,2025-05-06,913.24,,0.0,913.24,55.0,496.15,Delivered,Wallet,237.65,205.65,Non-Coupon Order,2025-05,Tuesday,0
1353.0,173,30,2025-07-16,394.65,,0.0,394.65,55.0,247.42,Delivered,Upi,133.93,101.93,Non-Coupon Order,2025-07,Wednesday,0
1354.0,266,7,2025-12-18,567.22,,0.0,567.22,45.0,349.84,Delivered,Cash,158.44,126.44,Non-Coupon Order,2025-12,Thursday,0
1355.0,282,16,2025-02-12,583.45,,0.0,583.45,25.0,309.23,Delivered,Card,141.69,109.69,Non-Coupon Order,2025-02,Wednesday,0
1356.0,212,14,2025-06-11,263.45,,0.0,263.45,35.0,155.27,Delivered,Cash,100.86,68.86,Non-Coupon Order,2025-06,Wednesday,0
1357.0,20,27,2025-11-17,244.03,,0.0,244.03,25.0,131.05,Delivered,Card,78.69,46.69,Non-Coupon Order,2025-11,Monday,0
1358.0,152,14,2025-10-10,571.86,,0.0,571.86,25.0,356.46,Delivered,Upi,167.97,135.97,Non-Coupon Order,2025-10,Friday,0
1359.0,101,28,2025-03-20,291.64,,0.0,291.64,0.0,179.48,Delivered,Wallet,72.91,40.91,Non-Coupon Order,2025-03,Thursday,0
1360.0,247,15,2025-06-25,1099.3,8.0,180.0,919.3,45.0,654.24,Delivered,Wallet,264.86,52.86,Coupon Order,2025-06,Wednesday,0
1361.0,217,16,2025-01-26,447.99,,0.0,447.99,0.0,282.27,Delivered,Upi,89.6,57.6,Non-Coupon Order,2025-01,Sunday,0
1362.0,108,23,2025-04-12,894.4,,0.0,894.4,25.0,562.26,Delivered,Upi,185.99,153.99,Non-Coupon Order,2025-04,Saturday,0
1363.0,250,7,2025-12-12,623.51,,0.0,623.51,25.0,333.05,Delivered,Wallet,149.7,117.7,Non-Coupon Order,2025-12,Friday,0
1364.0,143,25,2025-03-19,1372.31,,0.0,1372.31,35.0,727.67,Delivered,Upi,336.91,304.91,Non-Coupon Order,2025-03,Wednesday,0
1365.0,173,20,2025-06-30,1246.06,,0.0,1246.06,45.0,713.28,Delivered,Wallet,294.21,262.21,Non-Coupon Order,2025-06,Monday,0
1366.0,158,4,2025-11-20,343.45,,0.0,343.45,0.0,181.0,Delivered,Cash,61.82,29.82,Non-Coupon Order,2025-11,Thursday,0
1367.0,174,17,2025-08-05,619.54,4.0,55.0,564.54,0.0,332.26,Delivered,Upi,123.91,36.91,Coupon Order,2025-08,Tuesday,0
1368.0,129,11,2025-05-07,324.48,,0.0,324.48,25.0,192.66,Delivered,Upi,106.12,74.12,Non-Coupon Order,2025-05,Wednesday,0
1369.0,114,9,2025-05-07,325.92,,0.0,325.92,25.0,178.84,Delivered,Cash,83.67,51.67,Non-Coupon Order,2025-05,Wednesday,0
1370.0,74,25,2025-01-25,224.11,,0.0,224.11,0.0,124.49,Delivered,Card,49.3,17.3,Non-Coupon Order,2025-01,Saturday,0
1371.0,282,29,2025-04-08,591.85,,0.0,591.85,45.0,313.2,Delivered,Cash,175.21,143.21,Non-Coupon Order,2025-04,Tuesday,0
1372.0,9,12,2025-03-09,233.7,,0.0,233.7,0.0,126.27,Delivered,Card,58.43,26.43,Non-Coupon Order,2025-03,Sunday,0
1373.0,139,21,2025-03-08,322.52,,0.0,322.52,55.0,199.47,Delivered,Cash,113.05,81.05,Non-Coupon Order,2025-03,Saturday,0
1374.0,284,12,2025-10-14,619.51,,0.0,619.51,25.0,375.61,Delivered,Cash,179.88,147.88,Non-Coupon Order,2025-10,Tuesday,0
1375.0,257,14,2025-06-07,455.96,,0.0,455.96,55.0,241.74,Delivered,Wallet,168.99,136.99,Non-Coupon Order,2025-06,Saturday,0
1376.0,271,8,2025-10-13,337.83,,0.0,337.83,35.0,203.81,Delivered,Upi,102.57,70.57,Non-Coupon Order,2025-10,Monday,0
1377.0,4,26,2025-02-01,323.98,,0.0,323.98,25.0,195.83,Delivered,Card,106.0,74.0,Non-Coupon Order,2025-02,Saturday,0
1378.0,86,3,2025-09-29,1067.18,,0.0,1067.18,45.0,619.77,Delivered,Upi,311.8,279.8,Non-Coupon Order,2025-09,Monday,0
1379.0,184,18,2025-12-22,291.18,,0.0,291.18,25.0,185.07,Delivered,Wallet,77.41,45.41,Non-Coupon Order,2025-12,Monday,0
1380.0,5,15,2025-08-20,349.63,,0.0,349.63,35.0,221.2,Delivered,Card,104.93,72.93,Non-Coupon Order,2025-08,Wednesday,0
1381.0,153,6,2025-10-03,1448.7,,0.0,1448.7,0.0,880.57,Delivered,Upi,289.74,257.74,Non-Coupon Order,2025-10,Friday,0
1382.0,37,21,2025-11-15,395.67,,0.0,395.67,0.0,241.74,Delivered,Upi,71.22,39.22,Non-Coupon Order,2025-11,Saturday,0
1383.0,279,24,2025-09-13,435.55,,0.0,435.55,25.0,271.73,Delivered,Upi,112.11,80.11,Non-Coupon Order,2025-09,Saturday,0
1384.0,209,8,2025-01-13,382.93,,0.0,382.93,35.0,241.96,Delivered,Upi,111.59,79.59,Non-Coupon Order,2025-01,Monday,0
1385.0,25,27,2025-01-24,487.22,,0.0,487.22,35.0,262.08,Delivered,Wallet,142.19,110.19,Non-Coupon Order,2025-01,Friday,0
1386.0,4,18,2025-02-11,300.54,,0.0,300.54,0.0,190.97,Delivered,Cash,54.1,22.1,Non-Coupon Order,2025-02,Tuesday,0
1387.0,57,1,2025-12-30,502.59,,0.0,502.59,25.0,318.73,Delivered,Wallet,135.57,103.57,Non-Coupon Order,2025-12,Tuesday,0
1388.0,1,20,2025-09-16,520.79,,0.0,520.79,35.0,273.48,Delivered,Wallet,139.16,107.16,Non-Coupon Order,2025-09,Tuesday,0
1389.0,36,12,2025-03-14,262.29,,0.0,262.29,45.0,166.25,Delivered,Card,110.57,78.57,Non-Coupon Order,2025-03,Friday,0
1390.0,231,16,2025-02-19,500.13,,0.0,500.13,25.0,284.99,Delivered,Wallet,125.03,93.03,Non-Coupon Order,2025-02,Wednesday,0
1391.0,81,29,2025-11-25,694.13,,0.0,694.13,45.0,418.35,Delivered,Card,197.71,165.71,Non-Coupon Order,2025-11,Tuesday,0
1392.0,204,23,2025-06-14,265.28,,0.0,265.28,55.0,154.72,Delivered,Wallet,102.75,70.75,Non-Coupon Order,2025-06,Saturday,0
1393.0,131,28,2025-04-06,1129.36,,0.0,1129.36,35.0,657.32,Delivered,Card,317.34,285.34,Non-Coupon Order,2025-04,Sunday,0
1394.0,252,4,2025-07-18,223.65,,0.0,223.65,0.0,135.5,Delivered,Card,40.26,8.26,Non-Coupon Order,2025-07,Friday,0
1395.0,96,16,2025-10-11,514.85,,0.0,514.85,35.0,304.34,Delivered,Wallet,137.97,105.97,Non-Coupon Order,2025-10,Saturday,0
1397.0,50,16,2025-11-10,924.46,,0.0,924.46,25.0,503.72,Delivered,Upi,209.89,177.89,Non-Coupon Order,2025-11,Monday,0
1398.0,264,11,2025-04-22,555.39,,0.0,555.39,0.0,345.96,Delivered,Cash,138.85,106.85,Non-Coupon Order,2025-04,Tuesday,0
1399.0,176,25,2025-03-02,449.28,,0.0,449.28,55.0,286.28,Delivered,Wallet,153.84,121.84,Non-Coupon Order,2025-03,Sunday,0
1400.0,120,11,2025-06-15,342.22,,0.0,342.22,35.0,207.35,Delivered,Card,120.56,88.56,Non-Coupon Order,2025-06,Sunday,0
1401.0,28,28,2025-12-06,406.09,,0.0,406.09,0.0,253.27,Delivered,Upi,101.52,69.52,Non-Coupon Order,2025-12,Saturday,0
1402.0,53,19,2025-10-03,814.76,,0.0,814.76,0.0,444.59,Delivered,Upi,179.25,147.25,Non-Coupon Order,2025-10,Friday,0
1404.0,121,4,2025-11-11,515.35,,0.0,515.35,25.0,313.98,Delivered,Upi,117.76,85.76,Non-Coupon Order,2025-11,Tuesday,0
1405.0,182,19,2025-05-10,994.88,,0.0,994.88,0.0,556.36,Delivered,Wallet,218.87,186.87,Non-Coupon Order,2025-05,Saturday,0
1407.0,203,15,2025-10-02,403.33,,0.0,403.33,45.0,221.92,Delivered,Cash,125.67,93.67,Non-Coupon Order,2025-10,Thursday,0
1408.0,5,2,2025-03-20,747.85,,0.0,747.85,55.0,450.28,Delivered,Upi,189.61,157.61,Non-Coupon Order,2025-03,Thursday,0
1409.0,82,28,2025-02-24,515.91,,0.0,515.91,25.0,275.25,Delivered,Upi,153.98,121.98,Non-Coupon Order,2025-02,Monday,0
1410.0,22,9,2025-03-26,313.32,,0.0,313.32,35.0,185.69,Delivered,Card,91.4,59.4,Non-Coupon Order,2025-03,Wednesday,0
1411.0,42,22,2025-12-04,574.09,,0.0,574.09,35.0,335.29,Delivered,Card,178.52,146.52,Non-Coupon Order,2025-12,Thursday,0
1412.0,114,8,2025-08-26,265.52,,0.0,265.52,25.0,146.9,Delivered,Card,78.1,46.1,Non-Coupon Order,2025-08,Tuesday,0
1413.0,19,23,2025-07-15,701.23,,0.0,701.23,45.0,406.01,Delivered,Card,171.22,139.22,Non-Coupon Order,2025-07,Tuesday,0
1414.0,7,15,2025-09-10,492.42,,0.0,492.42,25.0,311.53,Delivered,Wallet,123.48,91.48,Non-Coupon Order,2025-09,Wednesday,0
1415.0,284,29,2025-02-03,410.65,,0.0,410.65,25.0,256.84,Delivered,Wallet,115.34,83.34,Non-Coupon Order,2025-02,Monday,0
1416.0,218,11,2025-12-30,788.24,,0.0,788.24,35.0,412.3,Delivered,Wallet,232.06,200.06,Non-Coupon Order,2025-12,Tuesday,0
1417.0,259,28,2025-12-02,597.64,,0.0,597.64,35.0,336.52,Delivered,Wallet,184.41,152.41,Non-Coupon Order,2025-12,Tuesday,0
1418.0,274,7,2025-07-20,693.14,,0.0,693.14,45.0,402.22,Delivered,Upi,183.63,151.63,Non-Coupon Order,2025-07,Sunday,0
1419.0,229,4,2025-03-03,517.91,,0.0,517.91,45.0,302.82,Delivered,Wallet,138.22,106.22,Non-Coupon Order,2025-03,Monday,0
1420.0,192,16,2025-01-31,613.68,,0.0,613.68,45.0,377.56,Delivered,Card,167.74,135.74,Non-Coupon Order,2025-01,Friday,0
1421.0,21,4,2025-10-11,324.4,,0.0,324.4,0.0,192.03,Delivered,Card,58.39,26.39,Non-Coupon Order,2025-10,Saturday,0
1422.0,96,8,2025-11-06,1564.05,,0.0,1564.05,55.0,899.61,Delivered,Cash,367.81,335.81,Non-Coupon Order,2025-11,Thursday,0
1423.0,70,22,2025-01-10,1381.75,,0.0,1381.75,0.0,842.56,Delivered,Wallet,345.44,313.44,Non-Coupon Order,2025-01,Friday,0
1424.0,109,18,2025-04-09,608.29,,0.0,608.29,45.0,381.55,Delivered,Wallet,154.49,122.49,Non-Coupon Order,2025-04,Wednesday,0
1425.0,86,27,2025-06-09,247.08,,0.0,247.08,25.0,156.39,Delivered,Upi,79.36,47.36,Non-Coupon Order,2025-06,Monday,0
1426.0,226,11,2025-01-02,586.98,,0.0,586.98,0.0,356.5,Delivered,Upi,146.75,114.75,Non-Coupon Order,2025-01,Thursday,0
1427.0,20,8,2025-06-03,292.25,,0.0,292.25,55.0,157.02,Delivered,Cash,113.45,81.45,Non-Coupon Order,2025-06,Tuesday,0
1428.0,210,5,2025-03-19,350.5,,0.0,350.5,35.0,186.69,Delivered,Upi,105.1,73.1,Non-Coupon Order,2025-03,Wednesday,0
1429.0,28,11,2025-11-22,656.16,,0.0,656.16,0.0,352.41,Delivered,Upi,164.04,132.04,Non-Coupon Order,2025-11,Saturday,0
1430.0,259,5,2025-03-19,2738.41,,0.0,2738.41,35.0,1657.16,Delivered,Card,582.68,550.68,Non-Coupon Order,2025-03,Wednesday,0
1431.0,289,5,2025-12-03,1052.82,,0.0,1052.82,35.0,564.42,Delivered,Card,245.56,213.56,Non-Coupon Order,2025-12,Wednesday,0
1432.0,268,24,2025-07-23,355.2,,0.0,355.2,55.0,199.74,Delivered,Cash,126.04,94.04,Non-Coupon Order,2025-07,Wednesday,0
1433.0,153,15,2025-09-24,871.05,,0.0,871.05,35.0,490.49,Delivered,Upi,209.21,177.21,Non-Coupon Order,2025-09,Wednesday,0
1434.0,25,27,2025-11-25,717.62,,0.0,717.62,45.0,417.12,Delivered,Wallet,202.88,170.88,Non-Coupon Order,2025-11,Tuesday,0
1435.0,136,29,2025-11-29,619.93,,0.0,619.93,25.0,380.78,Delivered,Card,161.38,129.38,Non-Coupon Order,2025-11,Saturday,0
1436.0,239,17,2025-03-19,757.42,,0.0,757.42,45.0,410.97,Delivered,Card,196.48,164.48,Non-Coupon Order,2025-03,Wednesday,0
1437.0,279,22,2025-05-11,355.26,,0.0,355.26,0.0,222.09,Delivered,Card,88.82,56.82,Non-Coupon Order,2025-05,Sunday,0
1438.0,77,11,2025-12-22,888.82,,0.0,888.82,25.0,541.79,Delivered,Cash,247.21,215.21,Non-Coupon Order,2025-12,Monday,0
1439.0,90,18,2025-08-15,371.38,,0.0,371.38,25.0,223.02,Delivered,Upi,91.85,59.85,Non-Coupon Order,2025-08,Friday,0
1440.0,84,4,2025-06-21,225.02,,0.0,225.02,25.0,142.14,Delivered,Card,65.5,33.5,Non-Coupon Order,2025-06,Saturday,0
1441.0,64,28,2025-08-22,255.43,,0.0,255.43,55.0,162.63,Delivered,Cash,118.86,86.86,Non-Coupon Order,2025-08,Friday,0
1442.0,223,21,2025-04-23,949.6,,0.0,949.6,0.0,603.83,Delivered,Card,170.93,138.93,Non-Coupon Order,2025-04,Wednesday,0
1443.0,148,13,2025-05-24,757.16,,0.0,757.16,0.0,428.02,Delivered,Card,166.58,134.58,Non-Coupon Order,2025-05,Saturday,0
1444.0,275,6,2025-10-11,819.68,,0.0,819.68,55.0,484.35,Delivered,Upi,218.94,186.94,Non-Coupon Order,2025-10,Saturday,0
1445.0,251,11,2025-05-11,314.19,,0.0,314.19,55.0,172.69,Delivered,Card,133.55,101.55,Non-Coupon Order,2025-05,Sunday,0
1446.0,47,3,2025-09-26,1216.5,,0.0,1216.5,0.0,650.8,Delivered,Wallet,304.13,272.13,Non-Coupon Order,2025-09,Friday,0
1447.0,86,14,2025-04-25,288.61,,0.0,288.61,45.0,169.38,Delivered,Card,117.15,85.15,Non-Coupon Order,2025-04,Friday,0
1448.0,137,8,2025-02-18,478.76,,0.0,478.76,45.0,296.49,Delivered,Cash,140.75,108.75,Non-Coupon Order,2025-02,Tuesday,0
1449.0,297,13,2025-09-11,964.08,,0.0,964.08,55.0,551.66,Delivered,Cash,267.1,235.1,Non-Coupon Order,2025-09,Thursday,0
1451.0,249,20,2025-03-17,363.9,,0.0,363.9,35.0,193.11,Delivered,Cash,107.78,75.78,Non-Coupon Order,2025-03,Monday,0
1452.0,246,28,2025-09-28,457.46,,0.0,457.46,35.0,253.89,Delivered,Card,149.37,117.37,Non-Coupon Order,2025-09,Sunday,0
1453.0,95,16,2025-09-11,227.32,,0.0,227.32,35.0,134.36,Delivered,Card,80.46,48.46,Non-Coupon Order,2025-09,Thursday,0
1454.0,271,23,2025-03-26,468.9,,0.0,468.9,25.0,287.08,Delivered,Wallet,109.4,77.4,Non-Coupon Order,2025-03,Wednesday,0
1455.0,87,22,2025-07-16,321.87,,0.0,321.87,35.0,187.65,Delivered,Cash,115.47,83.47,Non-Coupon Order,2025-07,Wednesday,0
1456.0,139,9,2025-08-28,408.3,,0.0,408.3,55.0,252.74,Delivered,Upi,128.49,96.49,Non-Coupon Order,2025-08,Thursday,0
1457.0,33,26,2025-08-21,606.72,,0.0,606.72,55.0,381.64,Delivered,Card,206.68,174.68,Non-Coupon Order,2025-08,Thursday,0
1458.0,95,16,2025-10-26,465.22,,0.0,465.22,45.0,282.45,Delivered,Cash,138.04,106.04,Non-Coupon Order,2025-10,Sunday,0
1459.0,177,9,2025-02-28,265.76,,0.0,265.76,45.0,162.7,Delivered,Cash,92.84,60.84,Non-Coupon Order,2025-02,Friday,0
1460.0,219,18,2025-03-25,240.77,,0.0,240.77,25.0,135.79,Delivered,Upi,68.34,36.34,Non-Coupon Order,2025-03,Tuesday,0
1461.0,103,26,2025-01-18,252.75,,0.0,252.75,45.0,148.15,Delivered,Wallet,108.19,76.19,Non-Coupon Order,2025-01,Saturday,0
1462.0,118,25,2025-06-26,334.47,,0.0,334.47,35.0,193.14,Delivered,Card,108.58,76.58,Non-Coupon Order,2025-06,Thursday,0
1463.0,249,22,2025-03-14,414.3,,0.0,414.3,45.0,236.09,Delivered,Card,148.57,116.57,Non-Coupon Order,2025-03,Friday,0
1464.0,88,6,2025-03-03,876.98,,0.0,876.98,25.0,486.33,Delivered,Card,200.4,168.4,Non-Coupon Order,2025-03,Monday,0
1465.0,254,2,2025-10-08,1400.14,7.0,250.0,1150.14,45.0,728.18,Delivered,Card,297.03,15.03,Coupon Order,2025-10,Wednesday,0
1466.0,157,2,2025-02-16,424.14,,0.0,424.14,45.0,263.14,Delivered,Cash,121.35,89.35,Non-Coupon Order,2025-02,Sunday,0
1467.0,148,4,2025-11-07,1184.31,,0.0,1184.31,25.0,731.34,Delivered,Card,238.18,206.18,Non-Coupon Order,2025-11,Friday,0
1468.0,114,15,2025-08-24,636.14,,0.0,636.14,25.0,376.95,Delivered,Card,152.23,120.23,Non-Coupon Order,2025-08,Sunday,0
1469.0,137,7,2025-10-11,481.62,,0.0,481.62,45.0,259.66,Delivered,Upi,141.32,109.32,Non-Coupon Order,2025-10,Saturday,0
1470.0,109,20,2025-08-17,357.98,,0.0,357.98,0.0,200.95,Delivered,Upi,71.6,39.6,Non-Coupon Order,2025-08,Sunday,0
1471.0,12,12,2025-07-04,316.84,,0.0,316.84,35.0,180.38,Delivered,Cash,114.21,82.21,Non-Coupon Order,2025-07,Friday,0
1472.0,281,3,2025-04-09,661.39,,0.0,661.39,0.0,365.25,Delivered,Wallet,165.35,133.35,Non-Coupon Order,2025-04,Wednesday,0
1473.0,169,25,2025-10-01,291.42,,0.0,291.42,45.0,171.64,Delivered,Cash,109.11,77.11,Non-Coupon Order,2025-10,Wednesday,0
1474.0,101,25,2025-12-30,241.58,,0.0,241.58,55.0,134.28,Delivered,Wallet,108.15,76.15,Non-Coupon Order,2025-12,Tuesday,0
1475.0,261,11,2025-08-16,1261.47,,0.0,1261.47,45.0,763.88,Delivered,Wallet,360.37,328.37,Non-Coupon Order,2025-08,Saturday,0
1476.0,134,8,2025-04-13,727.48,,0.0,727.48,55.0,465.54,Delivered,Upi,200.5,168.5,Non-Coupon Order,2025-04,Sunday,0
1477.0,295,2,2025-06-02,276.34,,0.0,276.34,35.0,173.25,Delivered,Card,84.74,52.74,Non-Coupon Order,2025-06,Monday,0
1478.0,76,11,2025-10-28,909.43,,0.0,909.43,0.0,485.73,Delivered,Wallet,227.36,195.36,Non-Coupon Order,2025-10,Tuesday,0
1479.0,114,21,2025-02-26,338.13,,0.0,338.13,25.0,214.19,Delivered,Upi,85.86,53.86,Non-Coupon Order,2025-02,Wednesday,0
1480.0,53,4,2025-05-12,459.58,,0.0,459.58,45.0,277.87,Delivered,Upi,127.72,95.72,Non-Coupon Order,2025-05,Monday,0
1481.0,124,10,2025-06-08,657.11,,0.0,657.11,25.0,368.16,Delivered,Upi,143.28,111.28,Non-Coupon Order,2025-06,Sunday,0
1482.0,56,5,2025-08-03,626.77,,0.0,626.77,45.0,358.3,Delivered,Wallet,170.35,138.35,Non-Coupon Order,2025-08,Sunday,0
1483.0,177,16,2025-05-21,360.42,,0.0,360.42,25.0,196.85,Delivered,Card,97.08,65.08,Non-Coupon Order,2025-05,Wednesday,0
1484.0,15,30,2025-02-18,445.49,,0.0,445.49,35.0,284.32,Delivered,Cash,124.1,92.1,Non-Coupon Order,2025-02,Tuesday,0
1486.0,135,28,2025-04-01,611.37,,0.0,611.37,25.0,383.14,Delivered,Cash,177.84,145.84,Non-Coupon Order,2025-04,Tuesday,0
1487.0,28,13,2025-03-20,597.83,,0.0,597.83,0.0,347.61,Delivered,Card,131.52,99.52,Non-Coupon Order,2025-03,Thursday,0
1488.0,222,20,2025-11-26,958.01,,0.0,958.01,45.0,558.11,Delivered,Wallet,236.6,204.6,Non-Coupon Order,2025-11,Wednesday,0
1489.0,78,19,2025-01-31,260.03,,0.0,260.03,55.0,135.75,Delivered,Card,112.21,80.21,Non-Coupon Order,2025-01,Friday,0
1490.0,286,6,2025-07-09,318.44,,0.0,318.44,45.0,187.4,Delivered,Wallet,108.69,76.69,Non-Coupon Order,2025-07,Wednesday,0
1491.0,49,23,2025-11-22,337.26,,0.0,337.26,25.0,178.63,Delivered,Card,85.71,53.71,Non-Coupon Order,2025-11,Saturday,0
1492.0,271,24,2025-08-13,532.61,,0.0,532.61,0.0,298.14,Delivered,Cash,106.52,74.52,Non-Coupon Order,2025-08,Wednesday,0
1493.0,194,25,2025-07-13,232.93,,0.0,232.93,0.0,137.63,Delivered,Wallet,51.24,19.24,Non-Coupon Order,2025-07,Sunday,0
1494.0,175,17,2025-10-23,303.6,,0.0,303.6,55.0,167.91,Delivered,Upi,115.72,83.72,Non-Coupon Order,2025-10,Thursday,0
1495.0,17,28,2025-06-12,374.47,,0.0,374.47,25.0,208.13,Delivered,Wallet,118.62,86.62,Non-Coupon Order,2025-06,Thursday,0
1496.0,108,20,2025-03-13,669.47,,0.0,669.47,35.0,418.79,Delivered,Wallet,168.89,136.89,Non-Coupon Order,2025-03,Thursday,0
1497.0,117,17,2025-03-09,400.64,,0.0,400.64,45.0,228.79,Delivered,Cash,125.13,93.13,Non-Coupon Order,2025-03,Sunday,0
1498.0,255,9,2025-07-20,915.41,,0.0,915.41,0.0,527.38,Delivered,Cash,164.77,132.77,Non-Coupon Order,2025-07,Sunday,0
1499.0,3,10,2025-03-09,353.89,,0.0,353.89,25.0,212.22,Delivered,Wallet,88.7,56.7,Non-Coupon Order,2025-03,Sunday,0
1500.0,16,7,2025-07-03,1402.8,,0.0,1402.8,0.0,771.05,Delivered,Wallet,280.56,248.56,Non-Coupon Order,2025-07,Thursday,0
1501.0,38,9,2025-11-15,590.1,,0.0,590.1,25.0,371.89,Delivered,Cash,131.22,99.22,Non-Coupon Order,2025-11,Saturday,0
1502.0,262,4,2025-03-26,410.35,,0.0,410.35,55.0,224.56,Delivered,Wallet,128.86,96.86,Non-Coupon Order,2025-03,Wednesday,0
1503.0,50,5,2025-06-08,1255.61,,0.0,1255.61,35.0,663.61,Delivered,Card,286.12,254.12,Non-Coupon Order,2025-06,Sunday,0
1504.0,221,6,2025-02-20,315.41,,0.0,315.41,25.0,190.24,Delivered,Card,88.08,56.08,Non-Coupon Order,2025-02,Thursday,0
1505.0,180,5,2025-10-14,340.12,,0.0,340.12,55.0,196.01,Delivered,Wallet,123.02,91.02,Non-Coupon Order,2025-10,Tuesday,0
1506.0,129,20,2025-12-26,590.2,,0.0,590.2,45.0,357.62,Delivered,Cash,163.04,131.04,Non-Coupon Order,2025-12,Friday,0
1507.0,19,24,2025-07-03,250.64,,0.0,250.64,55.0,145.89,Delivered,Card,105.13,73.13,Non-Coupon Order,2025-07,Thursday,0
1508.0,192,2,2025-01-28,377.99,,0.0,377.99,0.0,222.91,Delivered,Card,68.04,36.04,Non-Coupon Order,2025-01,Tuesday,0
1509.0,216,27,2025-06-27,262.8,,0.0,262.8,35.0,149.65,Delivered,Card,92.82,60.82,Non-Coupon Order,2025-06,Friday,0
1511.0,278,30,2025-02-05,404.67,,0.0,404.67,35.0,223.03,Delivered,Cash,115.93,83.93,Non-Coupon Order,2025-02,Wednesday,0
1512.0,210,4,2025-04-22,628.21,,0.0,628.21,25.0,387.99,Delivered,Upi,138.08,106.08,Non-Coupon Order,2025-04,Tuesday,0
1513.0,16,21,2025-01-23,741.29,,0.0,741.29,55.0,426.7,Delivered,Card,188.43,156.43,Non-Coupon Order,2025-01,Thursday,0
1514.0,127,24,2025-09-02,960.46,,0.0,960.46,25.0,499.94,Delivered,Card,217.09,185.09,Non-Coupon Order,2025-09,Tuesday,0
1516.0,294,2,2025-12-24,830.14,,0.0,830.14,0.0,488.61,Delivered,Wallet,149.43,117.43,Non-Coupon Order,2025-12,Wednesday,0
1517.0,204,24,2025-11-21,240.95,,0.0,240.95,0.0,126.81,Delivered,Wallet,48.19,16.19,Non-Coupon Order,2025-11,Friday,0
1518.0,161,12,2025-09-24,560.54,,0.0,560.54,45.0,329.78,Delivered,Wallet,185.14,153.14,Non-Coupon Order,2025-09,Wednesday,0
1519.0,244,10,2025-04-03,416.82,4.0,55.0,361.82,0.0,253.38,Delivered,Upi,75.03,-11.97,Coupon Order,2025-04,Thursday,0
1522.0,62,4,2025-03-25,375.83,,0.0,375.83,55.0,209.58,Delivered,Upi,122.65,90.65,Non-Coupon Order,2025-03,Tuesday,0
1523.0,263,11,2025-05-09,584.6,,0.0,584.6,45.0,310.88,Delivered,Wallet,191.15,159.15,Non-Coupon Order,2025-05,Friday,0
1524.0,179,29,2025-09-26,558.82,,0.0,558.82,35.0,303.6,Delivered,Upi,157.94,125.94,Non-Coupon Order,2025-09,Friday,0
1525.0,94,9,2025-12-04,422.58,,0.0,422.58,45.0,246.29,Delivered,Upi,121.06,89.06,Non-Coupon Order,2025-12,Thursday,0
1526.0,285,16,2025-12-17,455.91,,0.0,455.91,0.0,261.99,Delivered,Cash,91.18,59.18,Non-Coupon Order,2025-12,Wednesday,0
1527.0,68,8,2025-03-23,792.36,3.0,120.0,672.36,25.0,457.58,Delivered,Card,183.47,31.47,Coupon Order,2025-03,Sunday,0
1528.0,50,29,2025-01-07,526.66,,0.0,526.66,0.0,303.09,Delivered,Wallet,115.87,83.87,Non-Coupon Order,2025-01,Tuesday,0
1529.0,56,19,2025-06-06,414.57,,0.0,414.57,45.0,218.57,Delivered,Cash,136.21,104.21,Non-Coupon Order,2025-06,Friday,0
1530.0,145,2,2025-01-15,221.72,,0.0,221.72,45.0,131.88,Delivered,Wallet,84.91,52.91,Non-Coupon Order,2025-01,Wednesday,0
1531.0,256,10,2025-05-27,1638.41,,0.0,1638.41,0.0,1021.22,Delivered,Wallet,294.91,262.91,Non-Coupon Order,2025-05,Tuesday,0
1532.0,156,6,2025-12-17,667.81,,0.0,667.81,35.0,360.2,Delivered,Upi,168.56,136.56,Non-Coupon Order,2025-12,Wednesday,0
1533.0,11,17,2025-09-02,741.09,,0.0,741.09,55.0,434.1,Delivered,Card,203.22,171.22,Non-Coupon Order,2025-09,Tuesday,0
1534.0,125,12,2025-07-15,726.39,,0.0,726.39,35.0,429.09,Delivered,Cash,216.6,184.6,Non-Coupon Order,2025-07,Tuesday,0
1535.0,134,24,2025-10-09,405.11,,0.0,405.11,55.0,227.69,Delivered,Card,136.02,104.02,Non-Coupon Order,2025-10,Thursday,0
1536.0,32,7,2025-07-18,349.67,,0.0,349.67,45.0,206.93,Delivered,Card,114.93,82.93,Non-Coupon Order,2025-07,Friday,0
1537.0,82,5,2025-03-08,223.98,,0.0,223.98,35.0,124.04,Delivered,Upi,79.8,47.8,Non-Coupon Order,2025-03,Saturday,0
1538.0,180,8,2025-01-18,851.59,,0.0,851.59,25.0,475.6,Delivered,Upi,195.32,163.32,Non-Coupon Order,2025-01,Saturday,0
1539.0,56,10,2025-09-28,678.97,,0.0,678.97,0.0,411.02,Delivered,Upi,122.21,90.21,Non-Coupon Order,2025-09,Sunday,0
1540.0,27,21,2025-08-08,300.18,,0.0,300.18,35.0,189.98,Delivered,Card,89.03,57.03,Non-Coupon Order,2025-08,Friday,0
1541.0,183,6,2025-07-15,245.35,,0.0,245.35,35.0,148.68,Delivered,Cash,84.07,52.07,Non-Coupon Order,2025-07,Tuesday,0
1542.0,128,22,2025-02-27,491.18,,0.0,491.18,55.0,255.83,Delivered,Upi,177.8,145.8,Non-Coupon Order,2025-02,Thursday,0
1543.0,156,11,2025-03-24,676.24,,0.0,676.24,25.0,383.7,Delivered,Card,194.06,162.06,Non-Coupon Order,2025-03,Monday,0
1544.0,277,3,2025-05-28,768.85,,0.0,768.85,35.0,468.48,Delivered,Upi,227.21,195.21,Non-Coupon Order,2025-05,Wednesday,0
1545.0,81,28,2025-05-06,1125.68,,0.0,1125.68,55.0,609.34,Delivered,Card,336.42,304.42,Non-Coupon Order,2025-05,Tuesday,0
1546.0,51,22,2025-01-22,495.76,,0.0,495.76,25.0,279.65,Delivered,Cash,148.94,116.94,Non-Coupon Order,2025-01,Wednesday,0
1547.0,118,21,2025-08-16,518.98,6.0,75.0,443.98,55.0,322.8,Delivered,Upi,148.42,41.42,Coupon Order,2025-08,Saturday,0
1548.0,57,22,2025-05-25,537.77,,0.0,537.77,25.0,306.78,Delivered,Upi,159.44,127.44,Non-Coupon Order,2025-05,Sunday,0
1549.0,90,12,2025-08-16,225.3,,0.0,225.3,25.0,120.33,Delivered,Cash,81.33,49.33,Non-Coupon Order,2025-08,Saturday,0
1550.0,264,14,2025-08-26,1326.22,,0.0,1326.22,0.0,749.28,Delivered,Card,331.56,299.56,Non-Coupon Order,2025-08,Tuesday,0
1551.0,8,1,2025-10-27,224.45,,0.0,224.45,35.0,125.1,Delivered,Wallet,84.38,52.38,Non-Coupon Order,2025-10,Monday,0
1552.0,228,22,2025-02-16,251.41,,0.0,251.41,25.0,150.59,Delivered,Upi,87.85,55.85,Non-Coupon Order,2025-02,Sunday,0
1553.0,145,24,2025-06-23,258.88,,0.0,258.88,45.0,155.54,Delivered,Wallet,96.78,64.78,Non-Coupon Order,2025-06,Monday,0
1554.0,174,26,2025-11-29,262.84,,0.0,262.84,55.0,136.8,Delivered,Upi,120.71,88.71,Non-Coupon Order,2025-11,Saturday,0
1555.0,298,11,2025-01-03,384.55,,0.0,384.55,55.0,204.93,Delivered,Cash,151.14,119.14,Non-Coupon Order,2025-01,Friday,0
1556.0,252,19,2025-10-26,921.62,,0.0,921.62,35.0,565.92,Delivered,Upi,237.76,205.76,Non-Coupon Order,2025-10,Sunday,0
1558.0,235,28,2025-02-09,879.51,,0.0,879.51,0.0,508.6,Delivered,Cash,219.88,187.88,Non-Coupon Order,2025-02,Sunday,0
1559.0,177,8,2025-01-21,239.71,,0.0,239.71,35.0,136.73,Delivered,Card,82.94,50.94,Non-Coupon Order,2025-01,Tuesday,0
1560.0,278,5,2025-08-29,245.73,,0.0,245.73,55.0,130.41,Delivered,Upi,104.15,72.15,Non-Coupon Order,2025-08,Friday,0
1561.0,100,4,2025-04-07,586.14,,0.0,586.14,35.0,352.89,Delivered,Wallet,140.51,108.51,Non-Coupon Order,2025-04,Monday,0
1562.0,66,22,2025-12-03,351.1,,0.0,351.1,35.0,211.91,Delivered,Card,122.78,90.78,Non-Coupon Order,2025-12,Wednesday,0
1563.0,300,13,2025-05-06,611.08,,0.0,611.08,0.0,335.66,Delivered,Wallet,134.44,102.44,Non-Coupon Order,2025-05,Tuesday,0
1564.0,25,23,2025-10-23,267.23,,0.0,267.23,0.0,144.0,Delivered,Cash,48.1,16.1,Non-Coupon Order,2025-10,Thursday,0
1565.0,64,25,2025-10-31,225.8,,0.0,225.8,45.0,139.84,Delivered,Card,94.68,62.68,Non-Coupon Order,2025-10,Friday,0
1566.0,129,13,2025-09-10,494.43,,0.0,494.43,55.0,306.52,Delivered,Wallet,163.77,131.77,Non-Coupon Order,2025-09,Wednesday,0
1567.0,187,28,2025-05-01,829.32,,0.0,829.32,35.0,514.27,Delivered,Upi,242.33,210.33,Non-Coupon Order,2025-05,Thursday,0
1568.0,207,12,2025-05-26,357.13,,0.0,357.13,55.0,198.18,Delivered,Card,144.28,112.28,Non-Coupon Order,2025-05,Monday,0
1569.0,8,21,2025-02-21,383.33,,0.0,383.33,45.0,244.67,Delivered,Card,114.0,82.0,Non-Coupon Order,2025-02,Friday,0
1570.0,95,29,2025-01-21,224.74,,0.0,224.74,35.0,121.25,Delivered,Cash,84.44,52.44,Non-Coupon Order,2025-01,Tuesday,0
1572.0,162,11,2025-07-09,294.77,,0.0,294.77,55.0,158.68,Delivered,Wallet,128.69,96.69,Non-Coupon Order,2025-07,Wednesday,0
1573.0,8,7,2025-09-16,674.72,,0.0,674.72,25.0,398.82,Delivered,Card,159.94,127.94,Non-Coupon Order,2025-09,Tuesday,0
1575.0,249,3,2025-09-10,399.99,,0.0,399.99,45.0,220.98,Delivered,Upi,145.0,113.0,Non-Coupon Order,2025-09,Wednesday,0
1576.0,152,11,2025-02-16,467.91,,0.0,467.91,25.0,268.96,Delivered,Upi,141.98,109.98,Non-Coupon Order,2025-02,Sunday,0
1577.0,285,24,2025-02-16,1393.76,,0.0,1393.76,25.0,856.66,Delivered,Wallet,303.75,271.75,Non-Coupon Order,2025-02,Sunday,0
1578.0,8,19,2025-09-09,239.92,,0.0,239.92,0.0,150.7,Delivered,Upi,52.78,20.78,Non-Coupon Order,2025-09,Tuesday,0
1579.0,99,15,2025-10-13,446.41,,0.0,446.41,45.0,268.49,Delivered,Cash,134.28,102.28,Non-Coupon Order,2025-10,Monday,0
1580.0,162,22,2025-11-15,447.82,,0.0,447.82,0.0,260.22,Delivered,Upi,111.96,79.96,Non-Coupon Order,2025-11,Saturday,0
1581.0,79,18,2025-09-14,447.94,,0.0,447.94,45.0,285.36,Delivered,Wallet,125.63,93.63,Non-Coupon Order,2025-09,Sunday,0
1582.0,127,29,2025-12-14,789.1,,0.0,789.1,35.0,441.15,Delivered,Wallet,208.6,176.6,Non-Coupon Order,2025-12,Sunday,0
1583.0,151,13,2025-01-21,425.07,,0.0,425.07,0.0,246.24,Delivered,Card,93.52,61.52,Non-Coupon Order,2025-01,Tuesday,0
1584.0,156,9,2025-01-29,692.08,,0.0,692.08,35.0,398.55,Delivered,Upi,159.57,127.57,Non-Coupon Order,2025-01,Wednesday,0
1585.0,59,13,2025-04-13,466.35,,0.0,466.35,45.0,285.26,Delivered,Card,147.6,115.6,Non-Coupon Order,2025-04,Sunday,0
1586.0,44,15,2025-12-01,799.04,,0.0,799.04,35.0,477.94,Delivered,Wallet,194.81,162.81,Non-Coupon Order,2025-12,Monday,0
1587.0,234,13,2025-10-24,318.34,,0.0,318.34,35.0,174.3,Delivered,Upi,105.03,73.03,Non-Coupon Order,2025-10,Friday,0
1588.0,98,9,2025-12-01,918.62,,0.0,918.62,25.0,513.46,Delivered,Upi,190.35,158.35,Non-Coupon Order,2025-12,Monday,0
1589.0,157,8,2025-06-09,1016.72,,0.0,1016.72,25.0,627.01,Delivered,Upi,228.34,196.34,Non-Coupon Order,2025-06,Monday,0
1590.0,54,29,2025-11-06,534.37,,0.0,534.37,55.0,341.15,Delivered,Card,172.56,140.56,Non-Coupon Order,2025-11,Thursday,0
1591.0,260,10,2025-06-14,501.12,,0.0,501.12,55.0,310.96,Delivered,Wallet,145.2,113.2,Non-Coupon Order,2025-06,Saturday,0
1592.0,263,5,2025-09-26,554.79,,0.0,554.79,25.0,289.29,Delivered,Wallet,135.96,103.96,Non-Coupon Order,2025-09,Friday,0
1593.0,156,2,2025-07-28,828.2,,0.0,828.2,25.0,498.52,Delivered,Upi,174.08,142.08,Non-Coupon Order,2025-07,Monday,0
1594.0,221,3,2025-03-11,450.07,,0.0,450.07,55.0,244.51,Delivered,Card,167.52,135.52,Non-Coupon Order,2025-03,Tuesday,0
1595.0,298,25,2025-01-04,415.61,,0.0,415.61,45.0,242.22,Delivered,Wallet,136.43,104.43,Non-Coupon Order,2025-01,Saturday,0
1596.0,160,9,2025-03-26,514.48,,0.0,514.48,0.0,301.94,Delivered,Upi,92.61,60.61,Non-Coupon Order,2025-03,Wednesday,0
1597.0,272,29,2025-04-16,271.79,,0.0,271.79,45.0,147.19,Delivered,Cash,104.79,72.79,Non-Coupon Order,2025-04,Wednesday,0
1598.0,245,26,2025-02-01,519.45,,0.0,519.45,45.0,280.77,Delivered,Wallet,174.86,142.86,Non-Coupon Order,2025-02,Saturday,0
1599.0,92,25,2025-01-19,512.92,,0.0,512.92,55.0,323.48,Delivered,Upi,167.84,135.84,Non-Coupon Order,2025-01,Sunday,0
1600.0,65,16,2025-01-06,253.22,,0.0,253.22,25.0,160.85,Delivered,Upi,75.64,43.64,Non-Coupon Order,2025-01,Monday,0
1601.0,296,29,2025-11-17,328.13,,0.0,328.13,45.0,181.82,Delivered,Wallet,117.19,85.19,Non-Coupon Order,2025-11,Monday,0
1602.0,227,18,2025-02-14,235.83,,0.0,235.83,35.0,144.84,Delivered,Wallet,77.45,45.45,Non-Coupon Order,2025-02,Friday,0
1603.0,29,27,2025-02-11,317.6,,0.0,317.6,55.0,171.73,Delivered,Upi,124.87,92.87,Non-Coupon Order,2025-02,Tuesday,0
1604.0,48,14,2025-06-11,629.17,,0.0,629.17,55.0,389.01,Delivered,Cash,212.29,180.29,Non-Coupon Order,2025-06,Wednesday,0
1605.0,234,2,2025-08-14,284.52,,0.0,284.52,0.0,176.35,Delivered,Upi,51.21,19.21,Non-Coupon Order,2025-08,Thursday,0
1606.0,35,17,2025-12-08,303.15,,0.0,303.15,45.0,186.55,Delivered,Upi,105.63,73.63,Non-Coupon Order,2025-12,Monday,0
1607.0,122,13,2025-07-21,1405.58,,0.0,1405.58,25.0,876.18,Delivered,Upi,334.23,302.23,Non-Coupon Order,2025-07,Monday,0
1608.0,221,26,2025-01-22,535.43,,0.0,535.43,0.0,316.92,Delivered,Card,133.86,101.86,Non-Coupon Order,2025-01,Wednesday,0
1609.0,77,9,2025-10-03,284.26,,0.0,284.26,0.0,177.59,Delivered,Wallet,51.17,19.17,Non-Coupon Order,2025-10,Friday,0
1611.0,260,25,2025-07-14,715.52,8.0,180.0,535.52,55.0,445.57,Delivered,Card,212.41,0.41,Coupon Order,2025-07,Monday,0
1613.0,295,28,2025-10-16,1316.33,,0.0,1316.33,25.0,739.3,Delivered,Cash,354.08,322.08,Non-Coupon Order,2025-10,Thursday,0
1614.0,124,6,2025-09-14,728.98,,0.0,728.98,45.0,421.88,Delivered,Wallet,190.8,158.8,Non-Coupon Order,2025-09,Sunday,0
1615.0,23,25,2025-03-16,288.48,,0.0,288.48,45.0,175.88,Delivered,Cash,108.47,76.47,Non-Coupon Order,2025-03,Sunday,0
1616.0,164,28,2025-02-24,290.34,,0.0,290.34,55.0,173.59,Delivered,Cash,127.59,95.59,Non-Coupon Order,2025-02,Monday,0
1617.0,75,9,2025-05-16,742.2,,0.0,742.2,35.0,408.48,Delivered,Wallet,168.6,136.6,Non-Coupon Order,2025-05,Friday,0
1618.0,266,19,2025-12-27,1146.74,,0.0,1146.74,25.0,611.5,Delivered,Card,277.28,245.28,Non-Coupon Order,2025-12,Saturday,0
1620.0,105,25,2025-12-07,770.94,,0.0,770.94,55.0,401.97,Delivered,Wallet,224.61,192.61,Non-Coupon Order,2025-12,Sunday,0
1621.0,258,26,2025-12-25,448.77,,0.0,448.77,0.0,282.33,Delivered,Upi,112.19,80.19,Non-Coupon Order,2025-12,Thursday,0
1622.0,263,1,2025-01-08,453.2,,0.0,453.2,35.0,271.07,Delivered,Card,134.7,102.7,Non-Coupon Order,2025-01,Wednesday,0
1624.0,269,28,2025-10-21,499.38,,0.0,499.38,35.0,316.36,Delivered,Wallet,159.85,127.85,Non-Coupon Order,2025-10,Tuesday,0
1625.0,52,20,2025-03-24,470.33,,0.0,470.33,25.0,248.16,Delivered,Cash,119.07,87.07,Non-Coupon Order,2025-03,Monday,0
1626.0,241,24,2025-10-26,712.56,,0.0,712.56,35.0,400.89,Delivered,Upi,177.51,145.51,Non-Coupon Order,2025-10,Sunday,0
1628.0,204,27,2025-04-01,361.55,,0.0,361.55,0.0,209.56,Delivered,Wallet,79.54,47.54,Non-Coupon Order,2025-04,Tuesday,0
1629.0,230,20,2025-01-16,419.18,,0.0,419.18,55.0,227.68,Delivered,Wallet,138.84,106.84,Non-Coupon Order,2025-01,Thursday,0
1630.0,49,21,2025-01-13,901.3,,0.0,901.3,55.0,472.65,Delivered,Wallet,217.23,185.23,Non-Coupon Order,2025-01,Monday,0
1631.0,193,7,2025-06-19,612.28,,0.0,612.28,35.0,361.36,Delivered,Card,157.46,125.46,Non-Coupon Order,2025-06,Thursday,0
1632.0,124,25,2025-01-09,495.12,,0.0,495.12,25.0,306.78,Delivered,Card,133.93,101.93,Non-Coupon Order,2025-01,Thursday,0
1633.0,37,28,2025-02-03,345.26,,0.0,345.26,45.0,186.36,Delivered,Upi,131.32,99.32,Non-Coupon Order,2025-02,Monday,0
1634.0,170,17,2025-11-10,457.87,,0.0,457.87,0.0,278.64,Delivered,Cash,91.57,59.57,Non-Coupon Order,2025-11,Monday,0
1635.0,251,8,2025-08-25,360.3,,0.0,360.3,35.0,195.54,Delivered,Upi,107.06,75.06,Non-Coupon Order,2025-08,Monday,0
1636.0,144,22,2025-08-29,476.95,,0.0,476.95,0.0,288.27,Delivered,Cash,119.24,87.24,Non-Coupon Order,2025-08,Friday,0
1637.0,207,11,2025-01-15,713.52,,0.0,713.52,25.0,390.31,Delivered,Wallet,203.38,171.38,Non-Coupon Order,2025-01,Wednesday,0
1638.0,15,1,2025-05-16,268.02,,0.0,268.02,45.0,146.24,Delivered,Cash,103.96,71.96,Non-Coupon Order,2025-05,Friday,0
1639.0,79,29,2025-02-16,366.82,,0.0,366.82,25.0,200.06,Delivered,Card,105.7,73.7,Non-Coupon Order,2025-02,Sunday,0
1640.0,118,10,2025-11-23,963.61,,0.0,963.61,25.0,589.7,Delivered,Wallet,198.45,166.45,Non-Coupon Order,2025-11,Sunday,0
1641.0,165,18,2025-06-10,621.02,,0.0,621.02,35.0,376.76,Delivered,Upi,146.78,114.78,Non-Coupon Order,2025-06,Tuesday,0
1642.0,163,4,2025-03-18,597.44,,0.0,597.44,45.0,335.46,Delivered,Upi,152.54,120.54,Non-Coupon Order,2025-03,Tuesday,0
1643.0,49,7,2025-04-27,391.35,,0.0,391.35,55.0,225.62,Delivered,Cash,133.27,101.27,Non-Coupon Order,2025-04,Sunday,0
1644.0,141,28,2025-02-04,501.71,,0.0,501.71,0.0,306.14,Delivered,Cash,125.43,93.43,Non-Coupon Order,2025-02,Tuesday,0
1645.0,131,28,2025-07-15,493.13,,0.0,493.13,55.0,277.22,Delivered,Upi,178.28,146.28,Non-Coupon Order,2025-07,Tuesday,0
1646.0,177,25,2025-04-22,261.87,,0.0,261.87,55.0,165.16,Delivered,Upi,112.61,80.61,Non-Coupon Order,2025-04,Tuesday,0
1647.0,23,27,2025-10-26,252.65,,0.0,252.65,0.0,159.93,Delivered,Wallet,55.58,23.58,Non-Coupon Order,2025-10,Sunday,0
1649.0,121,8,2025-11-09,878.24,7.0,227.93,650.31,45.0,534.97,Delivered,Cash,220.65,-39.28,Coupon Order,2025-11,Sunday,0
1650.0,79,9,2025-12-28,307.95,,0.0,307.95,25.0,165.56,Delivered,Upi,80.43,48.43,Non-Coupon Order,2025-12,Sunday,0
1651.0,215,27,2025-04-21,397.21,,0.0,397.21,45.0,248.48,Delivered,Wallet,132.39,100.39,Non-Coupon Order,2025-04,Monday,0
1653.0,54,3,2025-08-14,628.45,,0.0,628.45,55.0,383.17,Delivered,Card,212.11,180.11,Non-Coupon Order,2025-08,Thursday,0
1654.0,25,4,2025-03-12,254.07,,0.0,254.07,25.0,143.11,Delivered,Wallet,70.73,38.73,Non-Coupon Order,2025-03,Wednesday,0
1656.0,279,17,2025-04-06,685.51,,0.0,685.51,55.0,388.36,Delivered,Card,192.1,160.1,Non-Coupon Order,2025-04,Sunday,0
1657.0,66,29,2025-07-04,346.51,,0.0,346.51,25.0,180.34,Delivered,Card,101.23,69.23,Non-Coupon Order,2025-07,Friday,0
1658.0,234,25,2025-09-16,1429.88,,0.0,1429.88,0.0,783.24,Delivered,Card,314.57,282.57,Non-Coupon Order,2025-09,Tuesday,0
1659.0,133,23,2025-12-15,228.28,,0.0,228.28,45.0,123.72,Delivered,Cash,86.09,54.09,Non-Coupon Order,2025-12,Monday,0
1660.0,222,30,2025-11-30,446.75,,0.0,446.75,0.0,232.83,Delivered,Card,89.35,57.35,Non-Coupon Order,2025-11,Sunday,0
1661.0,250,4,2025-01-11,361.64,,0.0,361.64,35.0,215.21,Delivered,Wallet,100.1,68.1,Non-Coupon Order,2025-01,Saturday,0
1662.0,150,26,2025-01-28,231.41,,0.0,231.41,55.0,146.26,Delivered,Card,112.85,80.85,Non-Coupon Order,2025-01,Tuesday,0
1663.0,298,19,2025-06-03,310.29,,0.0,310.29,0.0,173.99,Delivered,Card,68.26,36.26,Non-Coupon Order,2025-06,Tuesday,0
1664.0,117,12,2025-08-20,498.08,,0.0,498.08,55.0,311.14,Delivered,Wallet,179.52,147.52,Non-Coupon Order,2025-08,Wednesday,0
1665.0,214,15,2025-04-12,282.24,,0.0,282.24,55.0,150.68,Delivered,Upi,111.45,79.45,Non-Coupon Order,2025-04,Saturday,0
1666.0,115,11,2025-06-29,350.13,,0.0,350.13,25.0,222.06,Delivered,Wallet,112.53,80.53,Non-Coupon Order,2025-06,Sunday,0
1667.0,295,15,2025-05-21,711.2,,0.0,711.2,35.0,379.9,Delivered,Cash,177.24,145.24,Non-Coupon Order,2025-05,Wednesday,0
1668.0,98,11,2025-04-03,571.53,,0.0,571.53,0.0,336.74,Delivered,Wallet,142.88,110.88,Non-Coupon Order,2025-04,Thursday,0
1669.0,252,13,2025-08-13,516.8,,0.0,516.8,0.0,311.85,Delivered,Cash,113.7,81.7,Non-Coupon Order,2025-08,Wednesday,0
1670.0,79,4,2025-01-13,267.07,,0.0,267.07,45.0,146.63,Delivered,Upi,93.07,61.07,Non-Coupon Order,2025-01,Monday,0
1671.0,198,3,2025-10-10,516.71,,0.0,516.71,0.0,324.66,Delivered,Cash,129.18,97.18,Non-Coupon Order,2025-10,Friday,0
1673.0,119,24,2025-05-31,398.7,,0.0,398.7,45.0,212.87,Delivered,Wallet,124.74,92.74,Non-Coupon Order,2025-05,Saturday,0
1674.0,165,27,2025-07-12,569.81,,0.0,569.81,0.0,319.01,Delivered,Card,125.36,93.36,Non-Coupon Order,2025-07,Saturday,0
1675.0,167,20,2025-09-18,742.0,,0.0,742.0,0.0,465.35,Delivered,Cash,148.4,116.4,Non-Coupon Order,2025-09,Thursday,0
1676.0,117,13,2025-09-07,358.32,,0.0,358.32,55.0,215.72,Delivered,Wallet,133.83,101.83,Non-Coupon Order,2025-09,Sunday,0
1677.0,159,7,2025-09-04,433.92,,0.0,433.92,0.0,230.0,Delivered,Cash,86.78,54.78,Non-Coupon Order,2025-09,Thursday,0
1678.0,246,30,2025-11-23,741.82,,0.0,741.82,55.0,420.01,Delivered,Wallet,203.36,171.36,Non-Coupon Order,2025-11,Sunday,0
1679.0,7,14,2025-09-08,434.52,,0.0,434.52,0.0,252.11,Delivered,Upi,108.63,76.63,Non-Coupon Order,2025-09,Monday,0
1680.0,70,30,2025-04-01,678.83,,0.0,678.83,25.0,384.14,Delivered,Upi,160.77,128.77,Non-Coupon Order,2025-04,Tuesday,0
1681.0,32,23,2025-05-15,239.02,,0.0,239.02,55.0,130.29,Delivered,Wallet,98.02,66.02,Non-Coupon Order,2025-05,Thursday,0
1682.0,22,1,2025-07-23,734.44,,0.0,734.44,45.0,443.98,Delivered,Card,206.58,174.58,Non-Coupon Order,2025-07,Wednesday,0
1683.0,163,7,2025-03-21,938.6,,0.0,938.6,35.0,579.25,Delivered,Upi,222.72,190.72,Non-Coupon Order,2025-03,Friday,0
1684.0,86,3,2025-08-28,1088.71,,0.0,1088.71,0.0,566.66,Delivered,Wallet,272.18,240.18,Non-Coupon Order,2025-08,Thursday,0
1685.0,63,29,2025-07-01,469.84,,0.0,469.84,35.0,293.83,Delivered,Upi,138.36,106.36,Non-Coupon Order,2025-07,Tuesday,0
1686.0,282,27,2025-02-15,332.02,,0.0,332.02,25.0,203.83,Delivered,Cash,98.04,66.04,Non-Coupon Order,2025-02,Saturday,0
1687.0,82,13,2025-09-06,610.76,,0.0,610.76,25.0,357.84,Delivered,Card,159.37,127.37,Non-Coupon Order,2025-09,Saturday,0
1688.0,130,24,2025-12-13,331.96,,0.0,331.96,45.0,182.78,Delivered,Card,111.39,79.39,Non-Coupon Order,2025-12,Saturday,0
1689.0,90,2,2025-08-10,227.08,,0.0,227.08,25.0,126.06,Delivered,Cash,65.87,33.87,Non-Coupon Order,2025-08,Sunday,0
1690.0,78,14,2025-08-29,361.06,,0.0,361.06,0.0,222.48,Delivered,Card,90.27,58.27,Non-Coupon Order,2025-08,Friday,0
1691.0,83,2,2025-04-08,1122.23,,0.0,1122.23,45.0,603.19,Delivered,Wallet,247.0,215.0,Non-Coupon Order,2025-04,Tuesday,0
1692.0,300,16,2025-08-31,646.34,,0.0,646.34,55.0,406.51,Delivered,Upi,184.27,152.27,Non-Coupon Order,2025-08,Sunday,0
1693.0,75,23,2025-01-01,480.98,,0.0,480.98,35.0,275.1,Delivered,Cash,121.58,89.58,Non-Coupon Order,2025-01,Wednesday,0
1694.0,55,1,2025-05-22,252.49,,0.0,252.49,0.0,140.26,Delivered,Cash,55.55,23.55,Non-Coupon Order,2025-05,Thursday,0
1696.0,224,4,2025-06-30,620.44,,0.0,620.44,35.0,352.69,Delivered,Upi,146.68,114.68,Non-Coupon Order,2025-06,Monday,0
1698.0,225,18,2025-08-25,736.9,,0.0,736.9,45.0,411.58,Delivered,Upi,177.64,145.64,Non-Coupon Order,2025-08,Monday,0
1699.0,253,5,2025-12-22,232.05,,0.0,232.05,35.0,144.04,Delivered,Cash,81.41,49.41,Non-Coupon Order,2025-12,Monday,0
1700.0,34,14,2025-10-21,257.59,,0.0,257.59,45.0,135.93,Delivered,Cash,109.4,77.4,Non-Coupon Order,2025-10,Tuesday,0
1701.0,56,1,2025-10-28,323.31,,0.0,323.31,45.0,188.98,Delivered,Wallet,116.13,84.13,Non-Coupon Order,2025-10,Tuesday,0
1702.0,60,23,2025-05-10,524.02,,0.0,524.02,45.0,320.18,Delivered,Cash,139.32,107.32,Non-Coupon Order,2025-05,Saturday,0
1703.0,80,30,2025-07-29,1045.16,,0.0,1045.16,25.0,657.89,Delivered,Cash,234.03,202.03,Non-Coupon Order,2025-07,Tuesday,0
1704.0,15,3,2025-06-18,423.92,,0.0,423.92,25.0,254.51,Delivered,Card,130.98,98.98,Non-Coupon Order,2025-06,Wednesday,0
1705.0,141,21,2025-08-06,673.56,,0.0,673.56,45.0,360.56,Delivered,Upi,166.24,134.24,Non-Coupon Order,2025-08,Wednesday,0
1706.0,172,20,2025-06-09,245.2,,0.0,245.2,45.0,147.71,Delivered,Wallet,94.04,62.04,Non-Coupon Order,2025-06,Monday,0
1707.0,43,10,2025-07-18,609.7,,0.0,609.7,45.0,367.96,Delivered,Cash,154.75,122.75,Non-Coupon Order,2025-07,Friday,0
1708.0,5,30,2025-03-24,502.68,,0.0,502.68,55.0,276.97,Delivered,Wallet,155.54,123.54,Non-Coupon Order,2025-03,Monday,0
1709.0,273,1,2025-08-04,523.8,8.0,180.0,343.8,55.0,283.44,Delivered,Wallet,170.24,-41.76,Coupon Order,2025-08,Monday,0
1710.0,149,22,2025-01-19,534.15,,0.0,534.15,55.0,336.33,Delivered,Wallet,188.54,156.54,Non-Coupon Order,2025-01,Sunday,0
1711.0,146,24,2025-08-31,354.37,,0.0,354.37,45.0,221.25,Delivered,Wallet,115.87,83.87,Non-Coupon Order,2025-08,Sunday,0
1712.0,260,18,2025-09-04,869.37,,0.0,869.37,45.0,503.33,Delivered,Wallet,201.49,169.49,Non-Coupon Order,2025-09,Thursday,0
1713.0,274,24,2025-04-14,605.72,,0.0,605.72,0.0,364.91,Delivered,Upi,121.14,89.14,Non-Coupon Order,2025-04,Monday,0
1714.0,29,8,2025-04-03,796.74,,0.0,796.74,25.0,466.44,Delivered,Wallet,184.35,152.35,Non-Coupon Order,2025-04,Thursday,0
1715.0,257,14,2025-11-29,910.28,,0.0,910.28,55.0,486.34,Delivered,Card,282.57,250.57,Non-Coupon Order,2025-11,Saturday,0
1716.0,295,4,2025-03-20,220.03,,0.0,220.03,55.0,121.55,Delivered,Cash,94.61,62.61,Non-Coupon Order,2025-03,Thursday,0
1717.0,158,10,2025-11-17,306.59,,0.0,306.59,45.0,180.73,Delivered,Card,100.19,68.19,Non-Coupon Order,2025-11,Monday,0
1718.0,86,20,2025-07-24,305.97,,0.0,305.97,45.0,170.64,Delivered,Wallet,106.19,74.19,Non-Coupon Order,2025-07,Thursday,0
1719.0,260,1,2025-02-11,1006.71,,0.0,1006.71,0.0,579.81,Delivered,Card,221.48,189.48,Non-Coupon Order,2025-02,Tuesday,0
1720.0,85,15,2025-11-29,290.5,,0.0,290.5,35.0,180.44,Delivered,Cash,93.1,61.1,Non-Coupon Order,2025-11,Saturday,0
1721.0,41,20,2025-03-16,456.43,,0.0,456.43,35.0,249.79,Delivered,Upi,126.29,94.29,Non-Coupon Order,2025-03,Sunday,0
1722.0,103,3,2025-07-31,1275.14,,0.0,1275.14,55.0,675.64,Delivered,Card,373.79,341.79,Non-Coupon Order,2025-07,Thursday,0
1723.0,65,14,2025-01-03,296.05,,0.0,296.05,45.0,186.87,Delivered,Card,119.01,87.01,Non-Coupon Order,2025-01,Friday,0
1725.0,285,21,2025-04-13,637.58,,0.0,637.58,45.0,397.24,Delivered,Wallet,159.76,127.76,Non-Coupon Order,2025-04,Sunday,0
1726.0,108,30,2025-02-20,234.63,,0.0,234.63,0.0,135.08,Delivered,Cash,46.93,14.93,Non-Coupon Order,2025-02,Thursday,0
1727.0,136,8,2025-07-04,309.91,,0.0,309.91,45.0,188.88,Delivered,Card,106.98,74.98,Non-Coupon Order,2025-07,Friday,0
1728.0,215,10,2025-02-25,575.15,,0.0,575.15,25.0,350.18,Delivered,Card,128.53,96.53,Non-Coupon Order,2025-02,Tuesday,0
1729.0,149,1,2025-09-30,259.89,,0.0,259.89,25.0,145.85,Delivered,Card,82.18,50.18,Non-Coupon Order,2025-09,Tuesday,0
1730.0,288,15,2025-02-07,477.33,,0.0,477.33,55.0,287.69,Delivered,Wallet,150.47,118.47,Non-Coupon Order,2025-02,Friday,0
1731.0,31,13,2025-06-12,400.88,,0.0,400.88,0.0,249.37,Delivered,Cash,88.19,56.19,Non-Coupon Order,2025-06,Thursday,0
1732.0,183,4,2025-01-15,317.27,,0.0,317.27,25.0,197.24,Delivered,Upi,82.11,50.11,Non-Coupon Order,2025-01,Wednesday,0
1733.0,144,22,2025-01-31,1116.13,,0.0,1116.13,35.0,710.3,Delivered,Card,314.03,282.03,Non-Coupon Order,2025-01,Friday,0
1734.0,154,15,2025-12-17,343.77,,0.0,343.77,55.0,195.78,Delivered,Wallet,123.75,91.75,Non-Coupon Order,2025-12,Wednesday,0
1735.0,170,5,2025-10-06,421.14,,0.0,421.14,25.0,230.21,Delivered,Wallet,109.23,77.23,Non-Coupon Order,2025-10,Monday,0
1736.0,197,7,2025-02-23,506.83,,0.0,506.83,45.0,297.37,Delivered,Card,146.37,114.37,Non-Coupon Order,2025-02,Sunday,0
1737.0,254,17,2025-07-04,660.42,8.0,180.0,480.42,0.0,402.1,Delivered,Card,132.08,-79.92,Coupon Order,2025-07,Friday,0
1738.0,235,7,2025-04-08,631.55,,0.0,631.55,45.0,395.03,Delivered,Cash,171.31,139.31,Non-Coupon Order,2025-04,Tuesday,0
1739.0,74,12,2025-03-17,276.63,,0.0,276.63,45.0,175.46,Delivered,Cash,114.16,82.16,Non-Coupon Order,2025-03,Monday,0
1740.0,172,10,2025-03-03,221.64,,0.0,221.64,55.0,136.85,Delivered,Wallet,94.9,62.9,Non-Coupon Order,2025-03,Monday,0
1741.0,161,9,2025-05-23,899.02,,0.0,899.02,55.0,534.43,Delivered,Cash,216.82,184.82,Non-Coupon Order,2025-05,Friday,0
1742.0,26,26,2025-05-02,431.72,,0.0,431.72,55.0,268.74,Delivered,Cash,162.93,130.93,Non-Coupon Order,2025-05,Friday,0
1743.0,70,9,2025-01-26,269.19,,0.0,269.19,45.0,156.22,Delivered,Upi,93.45,61.45,Non-Coupon Order,2025-01,Sunday,0
1744.0,274,1,2025-01-28,1412.8,,0.0,1412.8,35.0,766.53,Delivered,Card,345.82,313.82,Non-Coupon Order,2025-01,Tuesday,0
1745.0,275,13,2025-05-16,843.91,,0.0,843.91,55.0,465.24,Delivered,Card,240.66,208.66,Non-Coupon Order,2025-05,Friday,0
1746.0,77,15,2025-01-30,360.69,4.0,45.0,315.69,0.0,194.19,Delivered,Cash,72.14,-4.86,Coupon Order,2025-01,Thursday,0
1747.0,290,27,2025-07-16,240.13,,0.0,240.13,0.0,150.26,Delivered,Cash,52.83,20.83,Non-Coupon Order,2025-07,Wednesday,0
1748.0,97,7,2025-10-18,753.76,,0.0,753.76,35.0,418.9,Delivered,Card,185.75,153.75,Non-Coupon Order,2025-10,Saturday,0
1749.0,271,21,2025-05-13,605.0,,0.0,605.0,55.0,339.45,Delivered,Upi,163.9,131.9,Non-Coupon Order,2025-05,Tuesday,0
1750.0,217,16,2025-12-12,250.26,,0.0,250.26,45.0,143.08,Delivered,Upi,95.05,63.05,Non-Coupon Order,2025-12,Friday,0
1751.0,182,7,2025-04-08,1110.89,,0.0,1110.89,55.0,703.06,Delivered,Cash,277.18,245.18,Non-Coupon Order,2025-04,Tuesday,0
1752.0,79,10,2025-08-19,315.25,,0.0,315.25,0.0,198.74,Delivered,Card,56.75,24.75,Non-Coupon Order,2025-08,Tuesday,0
1753.0,231,19,2025-10-21,485.5,,0.0,485.5,25.0,299.7,Delivered,Card,131.81,99.81,Non-Coupon Order,2025-10,Tuesday,0
1754.0,139,21,2025-02-07,476.05,,0.0,476.05,55.0,287.53,Delivered,Cash,140.69,108.69,Non-Coupon Order,2025-02,Friday,0
1755.0,23,26,2025-07-19,300.89,,0.0,300.89,25.0,176.15,Delivered,Cash,100.22,68.22,Non-Coupon Order,2025-07,Saturday,0
1756.0,291,22,2025-09-22,288.77,,0.0,288.77,35.0,150.38,Delivered,Wallet,107.19,75.19,Non-Coupon Order,2025-09,Monday,0
1757.0,130,27,2025-10-18,332.72,,0.0,332.72,0.0,212.22,Delivered,Cash,73.2,41.2,Non-Coupon Order,2025-10,Saturday,0
1758.0,17,26,2025-01-11,612.69,,0.0,612.69,35.0,337.12,Delivered,Cash,188.17,156.17,Non-Coupon Order,2025-01,Saturday,0
1759.0,95,29,2025-06-26,599.68,,0.0,599.68,45.0,360.99,Delivered,Upi,176.93,144.93,Non-Coupon Order,2025-06,Thursday,0
1760.0,75,20,2025-03-30,597.26,,0.0,597.26,45.0,381.96,Delivered,Wallet,164.45,132.45,Non-Coupon Order,2025-03,Sunday,0
1761.0,51,8,2025-03-20,772.84,,0.0,772.84,0.0,410.71,Delivered,Card,154.57,122.57,Non-Coupon Order,2025-03,Thursday,0
1762.0,132,24,2025-06-30,1053.46,2.0,100.0,953.46,45.0,590.31,Delivered,Upi,255.69,123.69,Coupon Order,2025-06,Monday,0
1763.0,86,27,2025-11-13,392.76,,0.0,392.76,0.0,248.58,Delivered,Wallet,86.41,54.41,Non-Coupon Order,2025-11,Thursday,0
1764.0,115,21,2025-06-21,766.18,,0.0,766.18,45.0,398.57,Delivered,Upi,182.91,150.91,Non-Coupon Order,2025-06,Saturday,0
1765.0,175,4,2025-09-01,528.62,,0.0,528.62,55.0,307.5,Delivered,Upi,150.15,118.15,Non-Coupon Order,2025-09,Monday,0
1766.0,159,8,2025-08-29,495.65,,0.0,495.65,55.0,317.01,Delivered,Wallet,154.13,122.13,Non-Coupon Order,2025-08,Friday,0
1767.0,241,4,2025-08-14,512.04,,0.0,512.04,25.0,283.58,Delivered,Card,117.17,85.17,Non-Coupon Order,2025-08,Thursday,0
1768.0,15,22,2025-12-02,814.05,,0.0,814.05,45.0,489.53,Delivered,Cash,248.51,216.51,Non-Coupon Order,2025-12,Tuesday,0
1770.0,243,8,2025-09-25,1147.87,,0.0,1147.87,0.0,714.13,Delivered,Upi,229.57,197.57,Non-Coupon Order,2025-09,Thursday,0
1771.0,53,22,2025-08-02,891.64,,0.0,891.64,45.0,554.54,Delivered,Wallet,267.91,235.91,Non-Coupon Order,2025-08,Saturday,0
1772.0,26,7,2025-04-29,367.7,,0.0,367.7,25.0,219.94,Delivered,Cash,98.54,66.54,Non-Coupon Order,2025-04,Tuesday,0
1773.0,50,15,2025-08-09,294.1,,0.0,294.1,55.0,160.18,Delivered,Cash,113.82,81.82,Non-Coupon Order,2025-08,Saturday,0
1775.0,20,29,2025-02-19,239.97,,0.0,239.97,25.0,131.0,Delivered,Card,77.79,45.79,Non-Coupon Order,2025-02,Wednesday,0
1776.0,72,9,2025-05-11,395.53,,0.0,395.53,25.0,222.29,Delivered,Cash,96.2,64.2,Non-Coupon Order,2025-05,Sunday,0
1777.0,29,1,2025-10-28,855.47,,0.0,855.47,45.0,491.71,Delivered,Cash,233.2,201.2,Non-Coupon Order,2025-10,Tuesday,0
1778.0,300,28,2025-01-19,1260.4,,0.0,1260.4,25.0,669.57,Delivered,Wallet,340.1,308.1,Non-Coupon Order,2025-01,Sunday,0
1779.0,220,18,2025-08-07,280.19,,0.0,280.19,25.0,169.8,Delivered,Card,75.43,43.43,Non-Coupon Order,2025-08,Thursday,0
1780.0,212,27,2025-03-03,447.59,,0.0,447.59,0.0,263.03,Delivered,Cash,98.47,66.47,Non-Coupon Order,2025-03,Monday,0
1781.0,211,2,2025-06-30,420.04,,0.0,420.04,55.0,232.19,Delivered,Card,130.61,98.61,Non-Coupon Order,2025-06,Monday,0
1782.0,112,9,2025-05-26,223.15,,0.0,223.15,45.0,129.37,Delivered,Cash,85.17,53.17,Non-Coupon Order,2025-05,Monday,0
1783.0,137,18,2025-07-30,743.14,8.0,180.0,563.14,0.0,472.17,Delivered,Card,133.77,-78.23,Coupon Order,2025-07,Wednesday,0
1784.0,80,20,2025-02-07,502.53,,0.0,502.53,45.0,296.37,Delivered,Upi,145.51,113.51,Non-Coupon Order,2025-02,Friday,0
1786.0,119,14,2025-11-21,252.22,,0.0,252.22,25.0,140.44,Delivered,Cash,88.06,56.06,Non-Coupon Order,2025-11,Friday,0
1787.0,211,8,2025-08-26,290.8,,0.0,290.8,35.0,160.97,Delivered,Upi,93.16,61.16,Non-Coupon Order,2025-08,Tuesday,0
1788.0,288,17,2025-02-28,532.2,,0.0,532.2,55.0,293.5,Delivered,Card,161.44,129.44,Non-Coupon Order,2025-02,Friday,0
1789.0,219,27,2025-10-24,249.01,,0.0,249.01,25.0,148.08,Delivered,Card,79.78,47.78,Non-Coupon Order,2025-10,Friday,0
1790.0,215,21,2025-01-12,304.86,,0.0,304.86,35.0,178.45,Delivered,Wallet,89.87,57.87,Non-Coupon Order,2025-01,Sunday,0
1791.0,55,14,2025-10-23,223.08,,0.0,223.08,55.0,128.48,Delivered,Upi,110.77,78.77,Non-Coupon Order,2025-10,Thursday,0
1793.0,124,26,2025-06-23,1459.92,,0.0,1459.92,45.0,914.75,Delivered,Upi,409.98,377.98,Non-Coupon Order,2025-06,Monday,0
1794.0,68,1,2025-11-27,458.21,,0.0,458.21,25.0,281.51,Delivered,Cash,125.81,93.81,Non-Coupon Order,2025-11,Thursday,0
1795.0,281,26,2025-01-23,449.44,,0.0,449.44,45.0,287.1,Delivered,Upi,157.36,125.36,Non-Coupon Order,2025-01,Thursday,0
1796.0,205,30,2025-05-23,349.32,,0.0,349.32,25.0,187.62,Delivered,Card,94.86,62.86,Non-Coupon Order,2025-05,Friday,0
1797.0,44,22,2025-11-18,505.52,,0.0,505.52,25.0,300.23,Delivered,Card,151.38,119.38,Non-Coupon Order,2025-11,Tuesday,0
1798.0,300,22,2025-05-02,841.45,,0.0,841.45,35.0,519.25,Delivered,Wallet,245.36,213.36,Non-Coupon Order,2025-05,Friday,0
1799.0,118,20,2025-03-07,289.1,,0.0,289.1,35.0,150.65,Delivered,Wallet,92.82,60.82,Non-Coupon Order,2025-03,Friday,0
1800.0,159,11,2025-11-20,451.15,,0.0,451.15,35.0,250.47,Delivered,Upi,147.79,115.79,Non-Coupon Order,2025-11,Thursday,0
1801.0,271,22,2025-05-23,301.33,,0.0,301.33,0.0,190.54,Delivered,Cash,75.33,43.33,Non-Coupon Order,2025-05,Friday,0
1802.0,54,25,2025-09-08,452.78,,0.0,452.78,45.0,260.79,Delivered,Card,144.61,112.61,Non-Coupon Order,2025-09,Monday,0
1803.0,66,15,2025-10-24,286.54,,0.0,286.54,25.0,183.36,Delivered,Wallet,82.31,50.31,Non-Coupon Order,2025-10,Friday,0
1804.0,240,30,2025-12-15,361.51,,0.0,361.51,55.0,195.54,Delivered,Upi,127.3,95.3,Non-Coupon Order,2025-12,Monday,0
1805.0,214,9,2025-08-16,1808.48,,0.0,1808.48,0.0,1084.95,Delivered,Wallet,325.53,293.53,Non-Coupon Order,2025-08,Saturday,0
1806.0,199,29,2025-04-06,666.18,,0.0,666.18,25.0,394.83,Delivered,Wallet,171.56,139.56,Non-Coupon Order,2025-04,Sunday,0
1807.0,246,26,2025-02-07,434.35,,0.0,434.35,55.0,246.99,Delivered,Wallet,163.59,131.59,Non-Coupon Order,2025-02,Friday,0
1808.0,185,12,2025-09-11,665.39,,0.0,665.39,25.0,387.06,Delivered,Card,191.35,159.35,Non-Coupon Order,2025-09,Thursday,0
1809.0,246,5,2025-02-24,1839.75,,0.0,1839.75,25.0,1114.69,Delivered,Wallet,392.95,360.95,Non-Coupon Order,2025-02,Monday,0
1810.0,274,8,2025-09-08,432.33,,0.0,432.33,25.0,250.51,Delivered,Cash,111.47,79.47,Non-Coupon Order,2025-09,Monday,0
1811.0,70,9,2025-05-04,418.23,,0.0,418.23,25.0,242.4,Delivered,Cash,100.28,68.28,Non-Coupon Order,2025-05,Sunday,0
1812.0,153,28,2025-09-21,576.7,,0.0,576.7,45.0,364.83,Delivered,Card,189.18,157.18,Non-Coupon Order,2025-09,Sunday,0
1813.0,111,23,2025-06-26,304.95,,0.0,304.95,35.0,162.74,Delivered,Cash,89.89,57.89,Non-Coupon Order,2025-06,Thursday,0
1814.0,242,5,2025-02-23,852.23,,0.0,852.23,25.0,523.38,Delivered,Card,195.45,163.45,Non-Coupon Order,2025-02,Sunday,0
1816.0,5,30,2025-05-23,521.04,,0.0,521.04,35.0,278.67,Delivered,Cash,139.21,107.21,Non-Coupon Order,2025-05,Friday,0
1817.0,202,3,2025-06-17,878.25,,0.0,878.25,55.0,514.22,Delivered,Card,274.56,242.56,Non-Coupon Order,2025-06,Tuesday,0
1818.0,160,22,2025-09-12,643.28,,0.0,643.28,0.0,383.22,Delivered,Wallet,160.82,128.82,Non-Coupon Order,2025-09,Friday,0
1819.0,182,30,2025-11-09,590.94,,0.0,590.94,45.0,340.89,Delivered,Card,163.19,131.19,Non-Coupon Order,2025-11,Sunday,0
1821.0,21,19,2025-10-12,308.1,,0.0,308.1,55.0,173.47,Delivered,Card,122.78,90.78,Non-Coupon Order,2025-10,Sunday,0
1822.0,1,5,2025-09-27,616.51,,0.0,616.51,25.0,327.78,Delivered,Upi,148.3,116.3,Non-Coupon Order,2025-09,Saturday,0
1823.0,91,19,2025-03-27,238.7,,0.0,238.7,55.0,131.92,Delivered,Card,107.51,75.51,Non-Coupon Order,2025-03,Thursday,0
1825.0,180,28,2025-12-15,518.84,,0.0,518.84,55.0,302.75,Delivered,Wallet,184.71,152.71,Non-Coupon Order,2025-12,Monday,0
1826.0,95,29,2025-01-02,294.52,,0.0,294.52,0.0,168.91,Delivered,Wallet,64.79,32.79,Non-Coupon Order,2025-01,Thursday,0
1827.0,119,20,2025-12-17,578.66,,0.0,578.66,45.0,318.35,Delivered,Upi,160.73,128.73,Non-Coupon Order,2025-12,Wednesday,0
1828.0,298,12,2025-05-14,772.91,,0.0,772.91,45.0,438.8,Delivered,Cash,238.23,206.23,Non-Coupon Order,2025-05,Wednesday,0
1829.0,93,26,2025-02-17,684.23,,0.0,684.23,0.0,431.88,Delivered,Wallet,171.06,139.06,Non-Coupon Order,2025-02,Monday,0
1830.0,27,10,2025-05-11,873.35,,0.0,873.35,45.0,488.74,Delivered,Wallet,202.2,170.2,Non-Coupon Order,2025-05,Sunday,0
1831.0,61,9,2025-10-02,503.3,,0.0,503.3,0.0,320.61,Delivered,Upi,90.59,58.59,Non-Coupon Order,2025-10,Thursday,0
1832.0,75,12,2025-07-23,272.04,,0.0,272.04,0.0,144.37,Delivered,Card,68.01,36.01,Non-Coupon Order,2025-07,Wednesday,0
1833.0,78,13,2025-02-04,261.88,,0.0,261.88,0.0,145.9,Delivered,Cash,57.61,25.61,Non-Coupon Order,2025-02,Tuesday,0
1834.0,136,5,2025-10-24,342.19,,0.0,342.19,45.0,210.56,Delivered,Cash,113.44,81.44,Non-Coupon Order,2025-10,Friday,0
1835.0,12,28,2025-12-18,269.36,,0.0,269.36,45.0,143.29,Delivered,Upi,112.34,80.34,Non-Coupon Order,2025-12,Thursday,0
1836.0,236,8,2025-04-12,435.7,,0.0,435.7,35.0,254.48,Delivered,Wallet,122.14,90.14,Non-Coupon Order,2025-04,Saturday,0
1838.0,64,14,2025-01-22,318.95,,0.0,318.95,0.0,170.12,Delivered,Cash,79.74,47.74,Non-Coupon Order,2025-01,Wednesday,0
1839.0,2,9,2025-12-09,360.29,,0.0,360.29,0.0,208.69,Delivered,Upi,64.85,32.85,Non-Coupon Order,2025-12,Tuesday,0
1840.0,118,21,2025-05-09,720.98,5.0,154.14,566.84,0.0,393.64,Delivered,Upi,129.78,-56.36,Coupon Order,2025-05,Friday,0
1842.0,178,7,2025-03-05,722.04,,0.0,722.04,25.0,439.86,Delivered,Wallet,169.41,137.41,Non-Coupon Order,2025-03,Wednesday,0
1843.0,183,18,2025-09-25,616.17,,0.0,616.17,25.0,326.94,Delivered,Cash,135.91,103.91,Non-Coupon Order,2025-09,Thursday,0
1844.0,245,12,2025-06-15,306.17,,0.0,306.17,25.0,183.3,Delivered,Card,101.54,69.54,Non-Coupon Order,2025-06,Sunday,0
1845.0,96,15,2025-02-15,582.68,,0.0,582.68,0.0,331.87,Delivered,Upi,116.54,84.54,Non-Coupon Order,2025-02,Saturday,0
1847.0,229,16,2025-05-16,329.09,,0.0,329.09,0.0,177.03,Delivered,Cash,65.82,33.82,Non-Coupon Order,2025-05,Friday,0
1848.0,253,12,2025-05-03,590.5,,0.0,590.5,0.0,316.63,Delivered,Wallet,147.63,115.63,Non-Coupon Order,2025-05,Saturday,0
1849.0,14,13,2025-06-21,306.37,,0.0,306.37,45.0,171.3,Delivered,Card,112.4,80.4,Non-Coupon Order,2025-06,Saturday,0
1850.0,2,17,2025-09-10,966.06,,0.0,966.06,45.0,591.97,Delivered,Wallet,238.21,206.21,Non-Coupon Order,2025-09,Wednesday,0
1851.0,250,21,2025-04-28,449.94,,0.0,449.94,35.0,248.44,Delivered,Cash,115.99,83.99,Non-Coupon Order,2025-04,Monday,0
1852.0,107,29,2025-01-07,1353.14,,0.0,1353.14,0.0,714.11,Delivered,Upi,297.69,265.69,Non-Coupon Order,2025-01,Tuesday,0
1853.0,273,25,2025-10-18,304.81,,0.0,304.81,55.0,182.7,Delivered,Upi,122.06,90.06,Non-Coupon Order,2025-10,Saturday,0
1854.0,211,3,2025-01-26,298.65,,0.0,298.65,45.0,178.56,Delivered,Wallet,119.66,87.66,Non-Coupon Order,2025-01,Sunday,0
1855.0,221,20,2025-10-18,383.58,,0.0,383.58,25.0,227.8,Delivered,Upi,101.72,69.72,Non-Coupon Order,2025-10,Saturday,0
1856.0,91,29,2025-08-30,339.01,,0.0,339.01,25.0,176.71,Delivered,Upi,99.58,67.58,Non-Coupon Order,2025-08,Saturday,0
1857.0,199,10,2025-10-15,225.41,,0.0,225.41,0.0,128.17,Delivered,Card,40.57,8.57,Non-Coupon Order,2025-10,Wednesday,0
1858.0,134,23,2025-01-21,1248.12,,0.0,1248.12,45.0,745.44,Delivered,Card,269.66,237.66,Non-Coupon Order,2025-01,Tuesday,0
1859.0,115,16,2025-09-01,269.81,,0.0,269.81,35.0,156.4,Delivered,Upi,88.96,56.96,Non-Coupon Order,2025-09,Monday,0
1860.0,145,14,2025-03-07,570.39,,0.0,570.39,35.0,299.31,Delivered,Card,177.6,145.6,Non-Coupon Order,2025-03,Friday,0
1861.0,170,24,2025-09-12,331.99,,0.0,331.99,55.0,185.72,Delivered,Upi,121.4,89.4,Non-Coupon Order,2025-09,Friday,0
1862.0,143,5,2025-03-16,1249.51,,0.0,1249.51,55.0,784.71,Delivered,Upi,304.9,272.9,Non-Coupon Order,2025-03,Sunday,0
1863.0,173,24,2025-09-15,599.57,,0.0,599.57,25.0,317.24,Delivered,Upi,144.91,112.91,Non-Coupon Order,2025-09,Monday,0
1864.0,176,16,2025-03-18,290.81,,0.0,290.81,25.0,154.05,Delivered,Wallet,83.16,51.16,Non-Coupon Order,2025-03,Tuesday,0
1865.0,210,15,2025-06-28,788.78,,0.0,788.78,55.0,502.63,Delivered,Cash,212.76,180.76,Non-Coupon Order,2025-06,Saturday,0
1866.0,13,22,2025-09-03,351.96,,0.0,351.96,35.0,200.09,Delivered,Wallet,122.99,90.99,Non-Coupon Order,2025-09,Wednesday,0
1867.0,131,9,2025-08-24,403.31,,0.0,403.31,35.0,216.51,Delivered,Wallet,107.6,75.6,Non-Coupon Order,2025-08,Sunday,0
1868.0,136,5,2025-04-07,401.09,,0.0,401.09,55.0,231.13,Delivered,Upi,135.22,103.22,Non-Coupon Order,2025-04,Monday,0
1869.0,248,4,2025-05-18,950.53,,0.0,950.53,25.0,535.34,Delivered,Cash,196.1,164.1,Non-Coupon Order,2025-05,Sunday,0
1870.0,35,28,2025-09-02,292.17,,0.0,292.17,35.0,185.39,Delivered,Wallet,108.04,76.04,Non-Coupon Order,2025-09,Tuesday,0
1871.0,107,10,2025-02-27,318.0,,0.0,318.0,35.0,199.55,Delivered,Card,92.24,60.24,Non-Coupon Order,2025-02,Thursday,0
1872.0,160,12,2025-08-02,418.04,,0.0,418.04,35.0,221.84,Delivered,Card,139.51,107.51,Non-Coupon Order,2025-08,Saturday,0
1873.0,6,9,2025-11-30,316.2,,0.0,316.2,0.0,176.66,Delivered,Cash,56.92,24.92,Non-Coupon Order,2025-11,Sunday,0
1874.0,69,19,2025-04-24,668.91,,0.0,668.91,55.0,410.84,Delivered,Wallet,202.16,170.16,Non-Coupon Order,2025-04,Thursday,0
1875.0,231,7,2025-05-22,475.62,,0.0,475.62,35.0,292.88,Delivered,Cash,130.12,98.12,Non-Coupon Order,2025-05,Thursday,0
1876.0,267,27,2025-06-21,608.41,,0.0,608.41,35.0,386.69,Delivered,Wallet,168.85,136.85,Non-Coupon Order,2025-06,Saturday,0
1877.0,251,13,2025-11-11,293.39,,0.0,293.39,0.0,153.33,Delivered,Upi,64.55,32.55,Non-Coupon Order,2025-11,Tuesday,0
1878.0,27,2,2025-02-15,374.53,,0.0,374.53,45.0,232.35,Delivered,Cash,112.42,80.42,Non-Coupon Order,2025-02,Saturday,0
1879.0,24,30,2025-08-13,365.31,,0.0,365.31,55.0,211.17,Delivered,Upi,128.06,96.06,Non-Coupon Order,2025-08,Wednesday,0
1880.0,172,26,2025-06-04,791.67,4.0,45.0,746.67,0.0,425.04,Delivered,Wallet,197.92,120.92,Coupon Order,2025-06,Wednesday,0
1881.0,275,10,2025-11-03,278.18,,0.0,278.18,25.0,161.71,Delivered,Wallet,75.07,43.07,Non-Coupon Order,2025-11,Monday,0
1882.0,97,27,2025-07-08,433.97,,0.0,433.97,25.0,264.38,Delivered,Upi,120.47,88.47,Non-Coupon Order,2025-07,Tuesday,0
1883.0,209,9,2025-02-22,686.44,,0.0,686.44,35.0,357.32,Delivered,Wallet,158.56,126.56,Non-Coupon Order,2025-02,Saturday,0
1884.0,181,1,2025-03-13,500.84,,0.0,500.84,55.0,314.17,Delivered,Cash,165.18,133.18,Non-Coupon Order,2025-03,Thursday,0
1885.0,275,24,2025-08-03,411.15,,0.0,411.15,55.0,230.51,Delivered,Cash,137.23,105.23,Non-Coupon Order,2025-08,Sunday,0
1886.0,200,11,2025-08-05,694.82,,0.0,694.82,45.0,365.24,Delivered,Cash,218.71,186.71,Non-Coupon Order,2025-08,Tuesday,0
1888.0,263,30,2025-10-22,311.66,,0.0,311.66,0.0,187.0,Delivered,Wallet,62.33,30.33,Non-Coupon Order,2025-10,Wednesday,0
1890.0,182,22,2025-09-29,484.61,,0.0,484.61,55.0,297.82,Delivered,Wallet,176.15,144.15,Non-Coupon Order,2025-09,Monday,0
1891.0,127,20,2025-01-03,508.67,,0.0,508.67,35.0,297.32,Delivered,Cash,136.73,104.73,Non-Coupon Order,2025-01,Friday,0
1892.0,93,26,2025-09-01,673.55,,0.0,673.55,35.0,397.09,Delivered,Cash,203.39,171.39,Non-Coupon Order,2025-09,Monday,0
1893.0,90,22,2025-08-16,1163.48,,0.0,1163.48,25.0,663.18,Delivered,Cash,315.87,283.87,Non-Coupon Order,2025-08,Saturday,0
1894.0,5,24,2025-09-27,1091.46,,0.0,1091.46,55.0,631.45,Delivered,Wallet,273.29,241.29,Non-Coupon Order,2025-09,Saturday,0
1895.0,34,1,2025-12-13,753.19,,0.0,753.19,45.0,457.27,Delivered,Upi,210.7,178.7,Non-Coupon Order,2025-12,Saturday,0
1896.0,17,24,2025-05-23,1092.28,,0.0,1092.28,25.0,694.04,Delivered,Wallet,243.46,211.46,Non-Coupon Order,2025-05,Friday,0
1897.0,169,4,2025-02-05,341.59,,0.0,341.59,35.0,191.25,Delivered,Cash,96.49,64.49,Non-Coupon Order,2025-02,Wednesday,0
1898.0,123,4,2025-12-31,526.54,,0.0,526.54,35.0,283.23,Delivered,Cash,129.78,97.78,Non-Coupon Order,2025-12,Wednesday,0
1899.0,186,18,2025-12-05,287.04,,0.0,287.04,55.0,158.29,Delivered,Cash,106.67,74.67,Non-Coupon Order,2025-12,Friday,0
1900.0,12,2,2025-01-05,299.74,,0.0,299.74,0.0,191.3,Delivered,Cash,53.95,21.95,Non-Coupon Order,2025-01,Sunday,0
1901.0,207,9,2025-02-28,413.75,,0.0,413.75,45.0,255.74,Delivered,Wallet,119.48,87.48,Non-Coupon Order,2025-02,Friday,0
1902.0,67,5,2025-05-29,1111.64,,0.0,1111.64,45.0,624.83,Delivered,Upi,267.33,235.33,Non-Coupon Order,2025-05,Thursday,0
1903.0,127,2,2025-02-11,589.65,,0.0,589.65,0.0,323.62,Delivered,Wallet,106.14,74.14,Non-Coupon Order,2025-02,Tuesday,0
1904.0,74,16,2025-03-17,777.84,,0.0,777.84,35.0,426.74,Delivered,Upi,190.57,158.57,Non-Coupon Order,2025-03,Monday,0
1905.0,132,4,2025-07-03,227.72,,0.0,227.72,0.0,134.9,Delivered,Cash,40.99,8.99,Non-Coupon Order,2025-07,Thursday,0
1906.0,239,3,2025-12-31,233.58,,0.0,233.58,25.0,127.52,Delivered,Card,83.4,51.4,Non-Coupon Order,2025-12,Wednesday,0
1907.0,100,23,2025-06-20,937.73,,0.0,937.73,25.0,573.53,Delivered,Upi,193.79,161.79,Non-Coupon Order,2025-06,Friday,0
1908.0,105,14,2025-05-25,1361.24,,0.0,1361.24,35.0,842.71,Delivered,Card,375.31,343.31,Non-Coupon Order,2025-05,Sunday,0
1909.0,292,11,2025-06-24,491.18,,0.0,491.18,25.0,294.51,Delivered,Card,147.8,115.8,Non-Coupon Order,2025-06,Tuesday,0
1910.0,195,27,2025-10-25,237.64,,0.0,237.64,55.0,136.39,Delivered,Upi,107.28,75.28,Non-Coupon Order,2025-10,Saturday,0
1911.0,95,20,2025-03-24,799.61,,0.0,799.61,35.0,477.26,Delivered,Upi,194.92,162.92,Non-Coupon Order,2025-03,Monday,0
1912.0,259,9,2025-11-23,995.94,,0.0,995.94,55.0,541.8,Delivered,Wallet,234.27,202.27,Non-Coupon Order,2025-11,Sunday,0
1913.0,4,9,2025-07-05,311.25,,0.0,311.25,0.0,178.33,Delivered,Wallet,56.03,24.03,Non-Coupon Order,2025-07,Saturday,0
1914.0,254,4,2025-10-12,305.85,,0.0,305.85,35.0,188.87,Delivered,Upi,90.05,58.05,Non-Coupon Order,2025-10,Sunday,0
1915.0,159,3,2025-10-12,431.3,,0.0,431.3,25.0,247.24,Delivered,Wallet,132.82,100.82,Non-Coupon Order,2025-10,Sunday,0
1916.0,9,22,2025-04-28,598.81,,0.0,598.81,55.0,346.09,Delivered,Cash,204.7,172.7,Non-Coupon Order,2025-04,Monday,0
1917.0,23,5,2025-05-30,303.48,,0.0,303.48,45.0,191.97,Delivered,Card,105.7,73.7,Non-Coupon Order,2025-05,Friday,0
1918.0,79,18,2025-12-28,619.42,,0.0,619.42,0.0,335.33,Delivered,Upi,111.5,79.5,Non-Coupon Order,2025-12,Sunday,0
1919.0,83,15,2025-06-21,1716.88,,0.0,1716.88,35.0,998.73,Delivered,Card,378.38,346.38,Non-Coupon Order,2025-06,Saturday,0
1920.0,280,5,2025-04-27,656.51,,0.0,656.51,35.0,368.37,Delivered,Card,166.3,134.3,Non-Coupon Order,2025-04,Sunday,0
1921.0,82,26,2025-04-02,1519.71,,0.0,1519.71,55.0,944.91,Delivered,Wallet,434.93,402.93,Non-Coupon Order,2025-04,Wednesday,0
1922.0,214,27,2025-12-16,348.78,,0.0,348.78,25.0,192.82,Delivered,Cash,101.73,69.73,Non-Coupon Order,2025-12,Tuesday,0
1923.0,85,16,2025-05-31,273.95,,0.0,273.95,35.0,147.09,Delivered,Wallet,89.79,57.79,Non-Coupon Order,2025-05,Saturday,0
1924.0,172,22,2025-08-14,229.88,,0.0,229.88,0.0,130.91,Delivered,Cash,57.47,25.47,Non-Coupon Order,2025-08,Thursday,0
1925.0,14,17,2025-01-13,725.19,,0.0,725.19,45.0,378.98,Delivered,Card,190.04,158.04,Non-Coupon Order,2025-01,Monday,0
1926.0,91,4,2025-09-17,283.4,,0.0,283.4,55.0,169.2,Delivered,Upi,106.01,74.01,Non-Coupon Order,2025-09,Wednesday,0
1927.0,73,23,2025-01-17,1027.6,,0.0,1027.6,35.0,548.36,Delivered,Wallet,219.97,187.97,Non-Coupon Order,2025-01,Friday,0
1928.0,69,29,2025-01-02,1241.2,,0.0,1241.2,0.0,764.3,Delivered,Upi,273.06,241.06,Non-Coupon Order,2025-01,Thursday,0
1929.0,247,5,2025-11-08,326.8,,0.0,326.8,45.0,179.49,Delivered,Upi,110.36,78.36,Non-Coupon Order,2025-11,Saturday,0
1930.0,108,26,2025-04-05,959.29,,0.0,959.29,35.0,517.66,Delivered,Upi,274.82,242.82,Non-Coupon Order,2025-04,Saturday,0
1931.0,88,15,2025-08-26,915.51,,0.0,915.51,25.0,556.02,Delivered,Upi,208.1,176.1,Non-Coupon Order,2025-08,Tuesday,0
1932.0,119,25,2025-12-07,240.39,,0.0,240.39,25.0,129.79,Delivered,Cash,77.89,45.89,Non-Coupon Order,2025-12,Sunday,0
1933.0,224,22,2025-06-27,1025.81,6.0,75.0,950.81,25.0,599.11,Delivered,Wallet,281.45,174.45,Coupon Order,2025-06,Friday,0
1934.0,148,2,2025-07-21,686.47,,0.0,686.47,45.0,402.48,Delivered,Cash,168.56,136.56,Non-Coupon Order,2025-07,Monday,0
1935.0,203,20,2025-01-01,530.42,,0.0,530.42,45.0,307.97,Delivered,Cash,151.08,119.08,Non-Coupon Order,2025-01,Wednesday,0
1936.0,19,22,2025-02-20,375.9,,0.0,375.9,55.0,237.93,Delivered,Cash,148.98,116.98,Non-Coupon Order,2025-02,Thursday,0
1937.0,226,28,2025-11-24,361.15,,0.0,361.15,0.0,202.69,Delivered,Wallet,90.29,58.29,Non-Coupon Order,2025-11,Monday,0
1938.0,18,25,2025-10-31,225.57,,0.0,225.57,0.0,137.66,Delivered,Wallet,49.63,17.63,Non-Coupon Order,2025-10,Friday,0
1939.0,172,6,2025-02-27,269.9,,0.0,269.9,35.0,160.67,Delivered,Cash,88.98,56.98,Non-Coupon Order,2025-02,Thursday,0
1940.0,211,4,2025-02-23,586.73,,0.0,586.73,0.0,324.28,Delivered,Card,105.61,73.61,Non-Coupon Order,2025-02,Sunday,0
1941.0,100,10,2025-02-06,447.48,,0.0,447.48,35.0,276.71,Delivered,Card,115.55,83.55,Non-Coupon Order,2025-02,Thursday,0
1942.0,144,29,2025-11-03,315.69,,0.0,315.69,35.0,183.93,Delivered,Upi,104.45,72.45,Non-Coupon Order,2025-11,Monday,0
1943.0,172,25,2025-02-28,292.68,,0.0,292.68,55.0,163.06,Delivered,Cash,119.39,87.39,Non-Coupon Order,2025-02,Friday,0
1944.0,168,22,2025-08-06,554.43,,0.0,554.43,45.0,314.79,Delivered,Cash,183.61,151.61,Non-Coupon Order,2025-08,Wednesday,0
1945.0,179,22,2025-09-10,474.0,,0.0,474.0,55.0,273.16,Delivered,Wallet,173.5,141.5,Non-Coupon Order,2025-09,Wednesday,0
1946.0,260,6,2025-11-19,1135.99,,0.0,1135.99,0.0,676.83,Delivered,Card,227.2,195.2,Non-Coupon Order,2025-11,Wednesday,0
1947.0,25,2,2025-03-22,240.84,,0.0,240.84,45.0,128.73,Delivered,Wallet,88.35,56.35,Non-Coupon Order,2025-03,Saturday,0
1948.0,96,24,2025-12-20,1101.47,,0.0,1101.47,55.0,613.19,Delivered,Cash,275.29,243.29,Non-Coupon Order,2025-12,Saturday,0
1950.0,247,20,2025-05-22,335.24,,0.0,335.24,35.0,203.34,Delivered,Cash,102.05,70.05,Non-Coupon Order,2025-05,Thursday,0
1951.0,37,1,2025-08-26,570.55,,0.0,570.55,25.0,355.94,Delivered,Wallet,150.52,118.52,Non-Coupon Order,2025-08,Tuesday,0
1952.0,1,5,2025-11-13,533.61,,0.0,533.61,55.0,283.24,Delivered,Wallet,161.72,129.72,Non-Coupon Order,2025-11,Thursday,0
1953.0,294,2,2025-12-23,392.68,,0.0,392.68,55.0,238.34,Delivered,Card,125.68,93.68,Non-Coupon Order,2025-12,Tuesday,0
1954.0,203,7,2025-11-04,454.84,,0.0,454.84,35.0,242.19,Delivered,Card,125.97,93.97,Non-Coupon Order,2025-11,Tuesday,0
1955.0,4,13,2025-09-23,947.03,5.0,200.0,747.03,45.0,574.43,Delivered,Wallet,253.35,21.35,Coupon Order,2025-09,Tuesday,0
1956.0,295,24,2025-06-06,277.03,,0.0,277.03,45.0,174.88,Delivered,Card,100.41,68.41,Non-Coupon Order,2025-06,Friday,0
1957.0,15,6,2025-09-08,448.46,,0.0,448.46,25.0,257.86,Delivered,Card,114.69,82.69,Non-Coupon Order,2025-09,Monday,0
1958.0,295,15,2025-09-11,342.21,,0.0,342.21,35.0,210.4,Delivered,Cash,103.44,71.44,Non-Coupon Order,2025-09,Thursday,0
1959.0,22,21,2025-03-27,871.78,,0.0,871.78,35.0,504.81,Delivered,Cash,191.92,159.92,Non-Coupon Order,2025-03,Thursday,0
1960.0,284,7,2025-11-20,392.14,,0.0,392.14,25.0,242.04,Delivered,Upi,103.43,71.43,Non-Coupon Order,2025-11,Thursday,0
1961.0,241,13,2025-07-19,457.66,,0.0,457.66,25.0,290.05,Delivered,Cash,125.69,93.69,Non-Coupon Order,2025-07,Saturday,0
1962.0,169,19,2025-11-03,243.8,,0.0,243.8,45.0,146.66,Delivered,Upi,98.64,66.64,Non-Coupon Order,2025-11,Monday,0
1963.0,26,28,2025-01-24,260.28,,0.0,260.28,0.0,150.63,Delivered,Wallet,65.07,33.07,Non-Coupon Order,2025-01,Friday,0
1964.0,32,6,2025-10-11,1223.71,,0.0,1223.71,25.0,673.56,Delivered,Card,269.74,237.74,Non-Coupon Order,2025-10,Saturday,0
1965.0,294,7,2025-07-28,601.96,,0.0,601.96,35.0,370.93,Delivered,Cash,155.39,123.39,Non-Coupon Order,2025-07,Monday,0
1966.0,135,3,2025-10-07,1276.88,,0.0,1276.88,35.0,674.21,Delivered,Cash,354.22,322.22,Non-Coupon Order,2025-10,Tuesday,0
1967.0,99,2,2025-07-05,765.47,,0.0,765.47,45.0,462.54,Delivered,Card,182.78,150.78,Non-Coupon Order,2025-07,Saturday,0
1968.0,181,1,2025-10-31,1002.7,,0.0,1002.7,45.0,631.82,Delivered,Cash,265.59,233.59,Non-Coupon Order,2025-10,Friday,0
1969.0,44,22,2025-01-19,570.67,,0.0,570.67,0.0,315.28,Delivered,Wallet,142.67,110.67,Non-Coupon Order,2025-01,Sunday,0
1970.0,201,23,2025-01-31,385.2,,0.0,385.2,0.0,241.05,Delivered,Upi,69.34,37.34,Non-Coupon Order,2025-01,Friday,0
1971.0,74,30,2025-06-27,358.75,,0.0,358.75,25.0,191.11,Delivered,Card,96.75,64.75,Non-Coupon Order,2025-06,Friday,0
1972.0,189,22,2025-06-13,914.54,6.0,75.0,839.54,45.0,510.27,Delivered,Card,273.64,166.64,Coupon Order,2025-06,Friday,0
1973.0,22,9,2025-04-08,898.17,,0.0,898.17,0.0,549.26,Delivered,Card,161.67,129.67,Non-Coupon Order,2025-04,Tuesday,0
1974.0,271,24,2025-03-06,279.12,,0.0,279.12,0.0,150.2,Delivered,Wallet,55.82,23.82,Non-Coupon Order,2025-03,Thursday,0
1975.0,44,19,2025-08-20,1106.37,,0.0,1106.37,0.0,658.45,Delivered,Wallet,243.4,211.4,Non-Coupon Order,2025-08,Wednesday,0
1976.0,179,15,2025-08-20,402.0,,0.0,402.0,55.0,233.9,Delivered,Cash,135.4,103.4,Non-Coupon Order,2025-08,Wednesday,0
1977.0,80,10,2025-02-14,428.21,,0.0,428.21,45.0,223.63,Delivered,Card,122.08,90.08,Non-Coupon Order,2025-02,Friday,0
1978.0,41,24,2025-10-09,342.57,,0.0,342.57,45.0,190.7,Delivered,Cash,113.51,81.51,Non-Coupon Order,2025-10,Thursday,0
1979.0,13,20,2025-09-03,258.23,,0.0,258.23,0.0,165.08,Delivered,Upi,51.65,19.65,Non-Coupon Order,2025-09,Wednesday,0
1980.0,70,1,2025-10-13,318.31,,0.0,318.31,25.0,169.58,Delivered,Wallet,95.03,63.03,Non-Coupon Order,2025-10,Monday,0
1981.0,157,2,2025-04-10,1016.86,3.0,120.0,896.86,45.0,574.58,Delivered,Upi,228.03,76.03,Coupon Order,2025-04,Thursday,0
1982.0,114,10,2025-07-26,506.61,,0.0,506.61,45.0,312.9,Delivered,Card,136.19,104.19,Non-Coupon Order,2025-07,Saturday,0
1983.0,172,17,2025-10-01,1333.29,,0.0,1333.29,25.0,712.94,Delivered,Cash,291.66,259.66,Non-Coupon Order,2025-10,Wednesday,0
1984.0,12,6,2025-09-02,419.65,,0.0,419.65,25.0,237.41,Delivered,Upi,108.93,76.93,Non-Coupon Order,2025-09,Tuesday,0
1985.0,139,29,2025-12-28,526.56,,0.0,526.56,45.0,324.15,Delivered,Cash,160.84,128.84,Non-Coupon Order,2025-12,Sunday,0
1986.0,43,25,2025-02-05,533.84,,0.0,533.84,25.0,332.53,Delivered,Card,142.44,110.44,Non-Coupon Order,2025-02,Wednesday,0
1987.0,116,18,2025-05-31,367.58,,0.0,367.58,45.0,204.14,Delivered,Wallet,111.16,79.16,Non-Coupon Order,2025-05,Saturday,0
1988.0,81,8,2025-07-07,1358.82,,0.0,1358.82,35.0,846.44,Delivered,Wallet,306.76,274.76,Non-Coupon Order,2025-07,Monday,0
1989.0,195,20,2025-01-23,715.94,,0.0,715.94,45.0,377.32,Delivered,Cash,188.19,156.19,Non-Coupon Order,2025-01,Thursday,0
1990.0,275,17,2025-05-08,605.4,,0.0,605.4,55.0,316.27,Delivered,Cash,176.08,144.08,Non-Coupon Order,2025-05,Thursday,0
1991.0,63,26,2025-04-19,462.9,,0.0,462.9,45.0,283.55,Delivered,Wallet,160.73,128.73,Non-Coupon Order,2025-04,Saturday,0
1992.0,138,19,2025-05-13,308.27,,0.0,308.27,25.0,170.3,Delivered,Cash,92.82,60.82,Non-Coupon Order,2025-05,Tuesday,0
1993.0,34,13,2025-09-07,238.85,,0.0,238.85,0.0,134.19,Delivered,Wallet,52.55,20.55,Non-Coupon Order,2025-09,Sunday,0
1995.0,219,24,2025-02-28,255.52,,0.0,255.52,0.0,133.58,Delivered,Card,51.1,19.1,Non-Coupon Order,2025-02,Friday,0
1996.0,260,9,2025-09-15,484.88,,0.0,484.88,25.0,262.25,Delivered,Cash,112.28,80.28,Non-Coupon Order,2025-09,Monday,0
1997.0,220,19,2025-04-13,287.21,,0.0,287.21,35.0,171.25,Delivered,Wallet,98.19,66.19,Non-Coupon Order,2025-04,Sunday,0
1998.0,177,29,2025-05-18,332.39,,0.0,332.39,35.0,211.11,Delivered,Upi,108.13,76.13,Non-Coupon Order,2025-05,Sunday,0
1999.0,23,6,2025-05-19,242.26,,0.0,242.26,0.0,139.21,Delivered,Card,48.45,16.45,Non-Coupon Order,2025-05,Monday,0
2000.0,156,30,2025-01-24,763.96,,0.0,763.96,55.0,440.82,Delivered,Wallet,207.79,175.79,Non-Coupon Order,2025-01,Friday,0
2001.0,237,29,2025-03-01,381.03,,0.0,381.03,35.0,232.83,Delivered,Wallet,118.83,86.83,Non-Coupon Order,2025-03,Saturday,0
2002.0,218,3,2025-12-30,532.2,,0.0,532.2,55.0,330.5,Delivered,Upi,188.05,156.05,Non-Coupon Order,2025-12,Tuesday,0
2003.0,36,21,2025-02-25,1157.93,,0.0,1157.93,45.0,675.25,Delivered,Cash,253.43,221.43,Non-Coupon Order,2025-02,Tuesday,0
2004.0,81,12,2025-03-31,991.99,,0.0,991.99,25.0,565.22,Delivered,Cash,273.0,241.0,Non-Coupon Order,2025-03,Monday,0
2005.0,25,22,2025-09-25,351.13,,0.0,351.13,55.0,203.87,Delivered,Cash,142.78,110.78,Non-Coupon Order,2025-09,Thursday,0
2006.0,230,23,2025-10-16,354.75,,0.0,354.75,25.0,220.59,Delivered,Cash,88.85,56.85,Non-Coupon Order,2025-10,Thursday,0
2007.0,11,8,2025-03-30,1012.29,,0.0,1012.29,45.0,559.33,Delivered,Card,247.46,215.46,Non-Coupon Order,2025-03,Sunday,0
2008.0,285,2,2025-08-01,490.56,,0.0,490.56,45.0,264.32,Delivered,Upi,133.3,101.3,Non-Coupon Order,2025-08,Friday,0
2009.0,71,22,2025-01-06,456.3,,0.0,456.3,0.0,253.29,Delivered,Wallet,114.08,82.08,Non-Coupon Order,2025-01,Monday,0
2011.0,120,30,2025-06-10,354.84,,0.0,354.84,25.0,226.71,Delivered,Upi,95.97,63.97,Non-Coupon Order,2025-06,Tuesday,0
2012.0,88,4,2025-12-04,442.93,,0.0,442.93,55.0,232.07,Delivered,Card,134.73,102.73,Non-Coupon Order,2025-12,Thursday,0
2013.0,234,2,2025-09-10,459.17,,0.0,459.17,55.0,280.89,Delivered,Cash,137.65,105.65,Non-Coupon Order,2025-09,Wednesday,0
2014.0,197,24,2025-03-08,460.06,3.0,92.01,368.05,55.0,292.82,Delivered,Cash,147.01,23.0,Coupon Order,2025-03,Saturday,0
2015.0,245,11,2025-01-25,310.02,,0.0,310.02,45.0,172.81,Delivered,Cash,122.51,90.51,Non-Coupon Order,2025-01,Saturday,0
2016.0,126,8,2025-10-21,455.96,,0.0,455.96,0.0,283.66,Delivered,Wallet,91.19,59.19,Non-Coupon Order,2025-10,Tuesday,0
2017.0,225,29,2025-07-01,2077.28,5.0,200.0,1877.28,45.0,1202.62,Delivered,Wallet,502.0,270.0,Coupon Order,2025-07,Tuesday,0
2018.0,125,29,2025-09-01,596.29,,0.0,596.29,25.0,337.43,Delivered,Cash,156.18,124.18,Non-Coupon Order,2025-09,Monday,0
2019.0,266,7,2025-04-29,1053.78,,0.0,1053.78,45.0,630.81,Delivered,Card,255.76,223.76,Non-Coupon Order,2025-04,Tuesday,0
2020.0,257,29,2025-12-10,691.2,,0.0,691.2,55.0,386.13,Delivered,Upi,207.06,175.06,Non-Coupon Order,2025-12,Wednesday,0
2021.0,245,29,2025-06-18,323.83,,0.0,323.83,25.0,170.62,Delivered,Cash,96.24,64.24,Non-Coupon Order,2025-06,Wednesday,0
2022.0,77,21,2025-10-09,621.06,,0.0,621.06,0.0,396.92,Delivered,Wallet,111.79,79.79,Non-Coupon Order,2025-10,Thursday,0
2023.0,277,26,2025-03-21,609.45,,0.0,609.45,55.0,333.68,Delivered,Upi,207.36,175.36,Non-Coupon Order,2025-03,Friday,0
2024.0,169,5,2025-04-20,316.25,,0.0,316.25,35.0,180.2,Delivered,Card,98.25,66.25,Non-Coupon Order,2025-04,Sunday,0
2025.0,127,27,2025-12-29,845.74,,0.0,845.74,45.0,467.97,Delivered,Card,231.06,199.06,Non-Coupon Order,2025-12,Monday,0
2026.0,76,15,2025-03-12,684.76,,0.0,684.76,55.0,438.05,Delivered,Cash,191.95,159.95,Non-Coupon Order,2025-03,Wednesday,0
2027.0,118,21,2025-02-05,259.74,,0.0,259.74,25.0,135.68,Delivered,Cash,71.75,39.75,Non-Coupon Order,2025-02,Wednesday,0
2028.0,20,18,2025-10-27,578.25,,0.0,578.25,0.0,316.09,Delivered,Card,104.09,72.09,Non-Coupon Order,2025-10,Monday,0
2029.0,128,10,2025-06-18,807.43,6.0,75.0,732.43,25.0,477.08,Delivered,Card,170.34,63.34,Coupon Order,2025-06,Wednesday,0
2031.0,37,8,2025-04-10,508.71,,0.0,508.71,0.0,283.27,Delivered,Upi,101.74,69.74,Non-Coupon Order,2025-04,Thursday,0
2032.0,230,7,2025-04-09,1112.32,,0.0,1112.32,55.0,615.04,Delivered,Wallet,277.46,245.46,Non-Coupon Order,2025-04,Wednesday,0
2033.0,211,26,2025-08-29,544.83,,0.0,544.83,55.0,318.59,Delivered,Upi,191.21,159.21,Non-Coupon Order,2025-08,Friday,0
2034.0,247,6,2025-01-08,548.36,,0.0,548.36,0.0,349.67,Delivered,Card,109.67,77.67,Non-Coupon Order,2025-01,Wednesday,0
2035.0,286,21,2025-06-09,331.13,,0.0,331.13,0.0,185.56,Delivered,Wallet,59.6,27.6,Non-Coupon Order,2025-06,Monday,0
2036.0,159,16,2025-03-29,813.83,3.0,120.0,693.83,35.0,480.89,Delivered,Upi,197.77,45.77,Coupon Order,2025-03,Saturday,0
2037.0,219,25,2025-01-10,268.49,,0.0,268.49,0.0,144.74,Delivered,Card,59.07,27.07,Non-Coupon Order,2025-01,Friday,0
2038.0,173,5,2025-11-10,993.75,,0.0,993.75,45.0,565.05,Delivered,Wallet,243.75,211.75,Non-Coupon Order,2025-11,Monday,0
2039.0,154,2,2025-04-29,265.32,,0.0,265.32,25.0,158.7,Delivered,Cash,72.76,40.76,Non-Coupon Order,2025-04,Tuesday,0
2040.0,104,26,2025-02-13,400.88,,0.0,400.88,55.0,216.99,Delivered,Upi,155.22,123.22,Non-Coupon Order,2025-02,Thursday,0
2041.0,82,28,2025-11-08,345.37,,0.0,345.37,55.0,214.38,Delivered,Upi,141.34,109.34,Non-Coupon Order,2025-11,Saturday,0
2043.0,93,14,2025-08-18,819.83,,0.0,819.83,55.0,453.42,Delivered,Wallet,259.96,227.96,Non-Coupon Order,2025-08,Monday,0
2044.0,21,24,2025-01-04,462.81,,0.0,462.81,25.0,273.34,Delivered,Cash,117.56,85.56,Non-Coupon Order,2025-01,Saturday,0
2045.0,17,27,2025-08-14,298.41,,0.0,298.41,0.0,156.61,Delivered,Upi,65.65,33.65,Non-Coupon Order,2025-08,Thursday,0
2046.0,65,22,2025-01-09,510.47,,0.0,510.47,25.0,271.01,Delivered,Upi,152.62,120.62,Non-Coupon Order,2025-01,Thursday,0
2047.0,116,21,2025-07-19,236.64,,0.0,236.64,35.0,138.79,Delivered,Wallet,77.6,45.6,Non-Coupon Order,2025-07,Saturday,0
2048.0,241,16,2025-06-01,376.07,,0.0,376.07,55.0,217.25,Delivered,Wallet,130.21,98.21,Non-Coupon Order,2025-06,Sunday,0
2049.0,197,22,2025-06-25,778.61,,0.0,778.61,55.0,493.93,Delivered,Cash,249.65,217.65,Non-Coupon Order,2025-06,Wednesday,0
2050.0,84,7,2025-03-26,952.81,,0.0,952.81,45.0,567.69,Delivered,Card,235.56,203.56,Non-Coupon Order,2025-03,Wednesday,0
2051.0,283,25,2025-04-20,269.98,,0.0,269.98,0.0,172.55,Delivered,Cash,59.4,27.4,Non-Coupon Order,2025-04,Sunday,0
2052.0,159,7,2025-04-08,628.3,3.0,120.0,508.3,0.0,339.27,Delivered,Wallet,125.66,-26.34,Coupon Order,2025-04,Tuesday,0
2053.0,123,16,2025-03-13,1416.85,,0.0,1416.85,25.0,776.53,Delivered,Wallet,308.37,276.37,Non-Coupon Order,2025-03,Thursday,0
2054.0,10,12,2025-06-28,1070.89,,0.0,1070.89,55.0,612.08,Delivered,Card,322.72,290.72,Non-Coupon Order,2025-06,Saturday,0
2055.0,109,18,2025-09-19,1186.51,,0.0,1186.51,35.0,744.36,Delivered,Wallet,248.57,216.57,Non-Coupon Order,2025-09,Friday,0
2056.0,1,27,2025-12-26,524.79,,0.0,524.79,0.0,298.24,Delivered,Cash,115.45,83.45,Non-Coupon Order,2025-12,Friday,0
2057.0,285,15,2025-10-09,527.54,,0.0,527.54,35.0,313.05,Delivered,Cash,140.51,108.51,Non-Coupon Order,2025-10,Thursday,0
2058.0,51,19,2025-12-17,736.28,2.0,100.0,636.28,35.0,449.04,Delivered,Card,196.98,64.98,Coupon Order,2025-12,Wednesday,0
2059.0,284,20,2025-03-24,512.41,,0.0,512.41,0.0,302.81,Delivered,Cash,102.48,70.48,Non-Coupon Order,2025-03,Monday,0
2060.0,235,12,2025-06-29,580.21,,0.0,580.21,25.0,349.78,Delivered,Wallet,170.05,138.05,Non-Coupon Order,2025-06,Sunday,0
2061.0,122,14,2025-11-30,525.47,,0.0,525.47,55.0,333.69,Delivered,Card,186.37,154.37,Non-Coupon Order,2025-11,Sunday,0
2062.0,278,25,2025-10-11,353.12,,0.0,353.12,0.0,209.85,Delivered,Wallet,77.69,45.69,Non-Coupon Order,2025-10,Saturday,0
2063.0,288,5,2025-06-13,771.27,,0.0,771.27,25.0,415.93,Delivered,Cash,179.25,147.25,Non-Coupon Order,2025-06,Friday,0
2064.0,15,5,2025-05-21,1037.65,,0.0,1037.65,0.0,646.29,Delivered,Card,207.53,175.53,Non-Coupon Order,2025-05,Wednesday,0
2065.0,36,24,2025-08-31,441.89,,0.0,441.89,25.0,274.58,Delivered,Wallet,113.38,81.38,Non-Coupon Order,2025-08,Sunday,0
2066.0,10,2,2025-02-11,967.66,,0.0,967.66,45.0,592.28,Delivered,Cash,219.18,187.18,Non-Coupon Order,2025-02,Tuesday,0
2067.0,49,27,2025-12-19,571.38,,0.0,571.38,0.0,364.28,Delivered,Wallet,125.7,93.7,Non-Coupon Order,2025-12,Friday,0
2068.0,20,17,2025-02-08,554.27,,0.0,554.27,25.0,309.18,Delivered,Wallet,135.85,103.85,Non-Coupon Order,2025-02,Saturday,0
2069.0,59,7,2025-11-13,367.69,,0.0,367.69,25.0,233.55,Delivered,Cash,98.54,66.54,Non-Coupon Order,2025-11,Thursday,0
2070.0,272,12,2025-09-25,460.19,,0.0,460.19,25.0,251.32,Delivered,Cash,140.05,108.05,Non-Coupon Order,2025-09,Thursday,0
2071.0,169,1,2025-05-16,401.53,,0.0,401.53,35.0,251.15,Delivered,Card,123.34,91.34,Non-Coupon Order,2025-05,Friday,0
2072.0,143,6,2025-07-16,467.79,,0.0,467.79,35.0,253.6,Delivered,Upi,128.56,96.56,Non-Coupon Order,2025-07,Wednesday,0
2073.0,149,19,2025-02-16,1094.55,,0.0,1094.55,35.0,580.16,Delivered,Wallet,275.8,243.8,Non-Coupon Order,2025-02,Sunday,0
2074.0,263,28,2025-12-12,3298.68,,0.0,3298.68,25.0,1740.59,Delivered,Wallet,849.67,817.67,Non-Coupon Order,2025-12,Friday,0
2075.0,274,8,2025-11-30,254.84,,0.0,254.84,0.0,141.86,Delivered,Card,50.97,18.97,Non-Coupon Order,2025-11,Sunday,0
2076.0,210,28,2025-07-02,349.22,,0.0,349.22,45.0,219.53,Delivered,Upi,132.31,100.31,Non-Coupon Order,2025-07,Wednesday,0
2077.0,127,7,2025-03-21,404.5,,0.0,404.5,45.0,217.95,Delivered,Cash,125.9,93.9,Non-Coupon Order,2025-03,Friday,0
2078.0,64,20,2025-03-12,221.47,,0.0,221.47,35.0,139.05,Delivered,Card,79.29,47.29,Non-Coupon Order,2025-03,Wednesday,0
2079.0,173,14,2025-10-20,957.62,,0.0,957.62,45.0,603.87,Delivered,Upi,284.4,252.4,Non-Coupon Order,2025-10,Monday,0
2080.0,114,11,2025-05-03,2201.23,,0.0,2201.23,45.0,1260.59,Delivered,Wallet,595.31,563.31,Non-Coupon Order,2025-05,Saturday,0
2081.0,122,23,2025-10-12,222.92,,0.0,222.92,25.0,132.51,Delivered,Card,65.13,33.13,Non-Coupon Order,2025-10,Sunday,0
2082.0,135,7,2025-08-10,610.35,4.0,35.0,575.35,0.0,317.8,Delivered,Upi,122.07,55.07,Coupon Order,2025-08,Sunday,0
2083.0,201,11,2025-01-16,397.3,,0.0,397.3,0.0,252.3,Delivered,Upi,99.33,67.33,Non-Coupon Order,2025-01,Thursday,0
2084.0,226,25,2025-07-02,264.43,,0.0,264.43,45.0,153.96,Delivered,Card,103.17,71.17,Non-Coupon Order,2025-07,Wednesday,0
2085.0,297,29,2025-05-30,406.4,,0.0,406.4,55.0,246.23,Delivered,Card,144.41,112.41,Non-Coupon Order,2025-05,Friday,0
2086.0,296,20,2025-03-06,468.73,,0.0,468.73,35.0,247.19,Delivered,Upi,128.75,96.75,Non-Coupon Order,2025-03,Thursday,0
2088.0,181,28,2025-01-09,504.76,,0.0,504.76,35.0,264.6,Delivered,Cash,161.19,129.19,Non-Coupon Order,2025-01,Thursday,0
2089.0,118,11,2025-10-02,279.67,,0.0,279.67,25.0,172.27,Delivered,Wallet,94.92,62.92,Non-Coupon Order,2025-10,Thursday,0
2090.0,94,13,2025-06-13,578.18,,0.0,578.18,35.0,362.65,Delivered,Upi,162.2,130.2,Non-Coupon Order,2025-06,Friday,0
2091.0,52,28,2025-12-27,585.8,,0.0,585.8,55.0,354.78,Delivered,Cash,201.45,169.45,Non-Coupon Order,2025-12,Saturday,0
2092.0,43,19,2025-12-10,352.2,,0.0,352.2,55.0,193.28,Delivered,Wallet,132.48,100.48,Non-Coupon Order,2025-12,Wednesday,0
2093.0,110,26,2025-07-01,325.82,,0.0,325.82,55.0,206.93,Delivered,Card,136.45,104.45,Non-Coupon Order,2025-07,Tuesday,0
2094.0,144,25,2025-01-26,324.79,,0.0,324.79,55.0,179.98,Delivered,Cash,126.45,94.45,Non-Coupon Order,2025-01,Sunday,0
2095.0,74,9,2025-10-23,321.98,,0.0,321.98,55.0,185.75,Delivered,Cash,112.96,80.96,Non-Coupon Order,2025-10,Thursday,0
2096.0,128,8,2025-03-10,570.44,,0.0,570.44,45.0,342.65,Delivered,Card,159.09,127.09,Non-Coupon Order,2025-03,Monday,0
2097.0,211,29,2025-06-14,919.29,,0.0,919.29,25.0,530.31,Delivered,Card,227.24,195.24,Non-Coupon Order,2025-06,Saturday,0
2098.0,205,12,2025-10-13,728.69,,0.0,728.69,0.0,400.01,Delivered,Wallet,182.17,150.17,Non-Coupon Order,2025-10,Monday,0
2099.0,110,1,2025-06-15,798.72,,0.0,798.72,45.0,442.9,Delivered,Upi,220.72,188.72,Non-Coupon Order,2025-06,Sunday,0
2100.0,234,11,2025-03-06,710.56,,0.0,710.56,55.0,416.89,Delivered,Upi,232.64,200.64,Non-Coupon Order,2025-03,Thursday,0
2101.0,207,16,2025-05-04,246.86,,0.0,246.86,45.0,151.92,Delivered,Wallet,94.37,62.37,Non-Coupon Order,2025-05,Sunday,0
2102.0,257,6,2025-05-17,621.9,,0.0,621.9,35.0,348.4,Delivered,Cash,159.38,127.38,Non-Coupon Order,2025-05,Saturday,0
2103.0,18,11,2025-04-03,517.0,,0.0,517.0,0.0,312.76,Delivered,Upi,129.25,97.25,Non-Coupon Order,2025-04,Thursday,0
2104.0,223,12,2025-10-08,310.29,,0.0,310.29,55.0,178.58,Delivered,Wallet,132.57,100.57,Non-Coupon Order,2025-10,Wednesday,0
2105.0,167,19,2025-09-25,403.66,,0.0,403.66,55.0,229.5,Delivered,Cash,143.81,111.81,Non-Coupon Order,2025-09,Thursday,0
2106.0,71,9,2025-07-16,462.41,,0.0,462.41,55.0,290.99,Delivered,Card,138.23,106.23,Non-Coupon Order,2025-07,Wednesday,0
2107.0,240,18,2025-04-03,520.75,,0.0,520.75,0.0,285.61,Delivered,Upi,93.74,61.74,Non-Coupon Order,2025-04,Thursday,0
2109.0,211,9,2025-09-30,990.1,4.0,45.0,945.1,0.0,520.99,Delivered,Upi,178.22,101.22,Coupon Order,2025-09,Tuesday,0
2110.0,215,9,2025-12-04,224.37,,0.0,224.37,35.0,133.89,Delivered,Card,75.39,43.39,Non-Coupon Order,2025-12,Thursday,0
2111.0,148,12,2025-03-29,654.81,,0.0,654.81,0.0,359.12,Delivered,Card,163.7,131.7,Non-Coupon Order,2025-03,Saturday,0
2112.0,113,15,2025-12-12,692.46,,0.0,692.46,45.0,398.87,Delivered,Upi,183.49,151.49,Non-Coupon Order,2025-12,Friday,0
2113.0,84,29,2025-07-25,641.56,,0.0,641.56,45.0,334.16,Delivered,Upi,186.14,154.14,Non-Coupon Order,2025-07,Friday,0
2114.0,116,23,2025-02-02,463.69,,0.0,463.69,45.0,261.08,Delivered,Cash,128.46,96.46,Non-Coupon Order,2025-02,Sunday,0
2115.0,261,26,2025-10-29,636.53,,0.0,636.53,55.0,370.09,Delivered,Cash,214.13,182.13,Non-Coupon Order,2025-10,Wednesday,0
2116.0,134,22,2025-03-24,717.05,,0.0,717.05,55.0,402.61,Delivered,Card,234.26,202.26,Non-Coupon Order,2025-03,Monday,0
2117.0,267,10,2025-04-03,507.7,,0.0,507.7,45.0,272.21,Delivered,Cash,136.39,104.39,Non-Coupon Order,2025-04,Thursday,0
2118.0,55,23,2025-04-06,390.52,,0.0,390.52,55.0,225.85,Delivered,Card,125.29,93.29,Non-Coupon Order,2025-04,Sunday,0
2119.0,13,29,2025-11-22,291.96,,0.0,291.96,25.0,172.73,Delivered,Upi,89.23,57.23,Non-Coupon Order,2025-11,Saturday,0
2120.0,98,12,2025-11-12,471.22,,0.0,471.22,35.0,273.4,Delivered,Card,152.81,120.81,Non-Coupon Order,2025-11,Wednesday,0
2121.0,5,17,2025-03-23,679.22,,0.0,679.22,35.0,419.93,Delivered,Upi,170.84,138.84,Non-Coupon Order,2025-03,Sunday,0
2122.0,293,14,2025-06-29,283.36,,0.0,283.36,25.0,162.44,Delivered,Card,95.84,63.84,Non-Coupon Order,2025-06,Sunday,0
2123.0,231,6,2025-01-12,455.96,,0.0,455.96,25.0,242.04,Delivered,Card,116.19,84.19,Non-Coupon Order,2025-01,Sunday,0
2125.0,254,5,2025-03-14,290.59,,0.0,290.59,45.0,172.52,Delivered,Cash,103.12,71.12,Non-Coupon Order,2025-03,Friday,0
2126.0,178,19,2025-02-08,815.8,,0.0,815.8,35.0,459.38,Delivered,Wallet,214.48,182.48,Non-Coupon Order,2025-02,Saturday,0
2127.0,183,7,2025-05-26,472.89,,0.0,472.89,45.0,267.05,Delivered,Upi,139.58,107.58,Non-Coupon Order,2025-05,Monday,0
2128.0,127,19,2025-10-17,1091.18,7.0,250.0,841.18,0.0,606.29,Delivered,Upi,240.06,-41.94,Coupon Order,2025-10,Friday,0
2129.0,212,15,2025-12-03,273.82,,0.0,273.82,45.0,152.18,Delivered,Wallet,99.76,67.76,Non-Coupon Order,2025-12,Wednesday,0
2130.0,53,7,2025-06-24,429.38,,0.0,429.38,0.0,227.77,Delivered,Upi,85.88,53.88,Non-Coupon Order,2025-06,Tuesday,0
2131.0,53,14,2025-09-08,412.98,,0.0,412.98,0.0,257.07,Delivered,Upi,103.25,71.25,Non-Coupon Order,2025-09,Monday,0
2132.0,243,7,2025-03-11,545.79,,0.0,545.79,45.0,312.54,Delivered,Wallet,154.16,122.16,Non-Coupon Order,2025-03,Tuesday,0
2133.0,175,6,2025-05-19,681.88,,0.0,681.88,0.0,392.86,Delivered,Cash,136.38,104.38,Non-Coupon Order,2025-05,Monday,0
2134.0,203,6,2025-10-31,708.04,,0.0,708.04,25.0,411.45,Delivered,Wallet,166.61,134.61,Non-Coupon Order,2025-10,Friday,0
2135.0,197,20,2025-05-09,504.78,,0.0,504.78,45.0,311.41,Delivered,Wallet,145.96,113.96,Non-Coupon Order,2025-05,Friday,0
2136.0,74,25,2025-05-12,326.94,,0.0,326.94,55.0,180.65,Delivered,Cash,126.93,94.93,Non-Coupon Order,2025-05,Monday,0
2137.0,93,22,2025-10-19,465.93,,0.0,465.93,0.0,252.69,Delivered,Wallet,116.48,84.48,Non-Coupon Order,2025-10,Sunday,0
2138.0,249,12,2025-03-12,351.19,,0.0,351.19,45.0,195.67,Delivered,Cash,132.8,100.8,Non-Coupon Order,2025-03,Wednesday,0
2139.0,163,5,2025-05-12,437.41,,0.0,437.41,55.0,278.12,Delivered,Upi,142.48,110.48,Non-Coupon Order,2025-05,Monday,0
2140.0,205,12,2025-12-05,687.15,,0.0,687.15,55.0,413.5,Delivered,Card,226.79,194.79,Non-Coupon Order,2025-12,Friday,0
2141.0,36,23,2025-10-29,617.01,,0.0,617.01,0.0,322.4,Delivered,Wallet,111.06,79.06,Non-Coupon Order,2025-10,Wednesday,0
2142.0,156,29,2025-09-30,486.77,,0.0,486.77,55.0,293.62,Delivered,Card,162.09,130.09,Non-Coupon Order,2025-09,Tuesday,0
2143.0,53,12,2025-10-20,1410.02,,0.0,1410.02,35.0,771.74,Delivered,Cash,387.51,355.51,Non-Coupon Order,2025-10,Monday,0
2145.0,261,3,2025-08-10,387.39,8.0,132.48,254.91,35.0,208.1,Delivered,Card,131.85,-32.63,Coupon Order,2025-08,Sunday,0
2146.0,77,23,2025-11-07,429.96,,0.0,429.96,25.0,268.11,Delivered,Upi,102.39,70.39,Non-Coupon Order,2025-11,Friday,0
2147.0,290,1,2025-11-27,307.83,,0.0,307.83,0.0,169.09,Delivered,Wallet,67.72,35.72,Non-Coupon Order,2025-11,Thursday,0
2148.0,250,26,2025-04-14,670.44,,0.0,670.44,55.0,391.59,Delivered,Wallet,222.61,190.61,Non-Coupon Order,2025-04,Monday,0
2149.0,192,15,2025-04-11,270.03,,0.0,270.03,25.0,157.06,Delivered,Card,79.01,47.01,Non-Coupon Order,2025-04,Friday,0
2150.0,36,20,2025-01-08,690.66,,0.0,690.66,55.0,407.7,Delivered,Cash,193.13,161.13,Non-Coupon Order,2025-01,Wednesday,0
2151.0,232,24,2025-10-03,439.72,,0.0,439.72,45.0,264.33,Delivered,Wallet,132.94,100.94,Non-Coupon Order,2025-10,Friday,0
2152.0,22,7,2025-11-11,364.41,,0.0,364.41,35.0,230.82,Delivered,Cash,107.88,75.88,Non-Coupon Order,2025-11,Tuesday,0
2153.0,272,11,2025-10-03,978.11,4.0,0.0,978.11,0.0,554.22,Delivered,Wallet,244.53,212.53,Non-Coupon Order,2025-10,Friday,0
2154.0,164,1,2025-04-04,618.73,,0.0,618.73,55.0,393.36,Delivered,Card,191.12,159.12,Non-Coupon Order,2025-04,Friday,0
2155.0,161,12,2025-11-08,422.71,,0.0,422.71,45.0,261.17,Delivered,Upi,150.68,118.68,Non-Coupon Order,2025-11,Saturday,0
2156.0,164,14,2025-08-28,790.65,,0.0,790.65,35.0,467.45,Delivered,Card,232.66,200.66,Non-Coupon Order,2025-08,Thursday,0
2157.0,3,29,2025-05-05,878.14,,0.0,878.14,35.0,505.4,Delivered,Cash,228.19,196.19,Non-Coupon Order,2025-05,Monday,0
2158.0,274,3,2025-12-27,283.3,,0.0,283.3,55.0,162.66,Delivered,Card,125.83,93.83,Non-Coupon Order,2025-12,Saturday,0
2159.0,164,5,2025-11-02,690.5,,0.0,690.5,45.0,368.86,Delivered,Upi,183.1,151.1,Non-Coupon Order,2025-11,Sunday,0
2160.0,17,24,2025-05-10,557.9,,0.0,557.9,25.0,325.68,Delivered,Card,136.58,104.58,Non-Coupon Order,2025-05,Saturday,0
2161.0,242,21,2025-08-16,898.33,,0.0,898.33,45.0,527.37,Delivered,Card,206.7,174.7,Non-Coupon Order,2025-08,Saturday,0
2162.0,172,7,2025-01-17,285.11,,0.0,285.11,45.0,164.42,Delivered,Upi,102.02,70.02,Non-Coupon Order,2025-01,Friday,0
2163.0,160,29,2025-05-02,1984.64,,0.0,1984.64,25.0,1237.59,Delivered,Wallet,461.62,429.62,Non-Coupon Order,2025-05,Friday,0
2164.0,19,17,2025-11-09,632.97,,0.0,632.97,55.0,351.9,Delivered,Card,181.59,149.59,Non-Coupon Order,2025-11,Sunday,0
2165.0,161,8,2025-07-12,526.48,,0.0,526.48,55.0,336.52,Delivered,Wallet,160.3,128.3,Non-Coupon Order,2025-07,Saturday,0
2166.0,6,13,2025-05-28,767.27,,0.0,767.27,35.0,450.24,Delivered,Cash,203.8,171.8,Non-Coupon Order,2025-05,Wednesday,0
2167.0,257,20,2025-09-13,448.36,,0.0,448.36,55.0,256.13,Delivered,Upi,144.67,112.67,Non-Coupon Order,2025-09,Saturday,0
2168.0,113,13,2025-06-25,273.31,,0.0,273.31,0.0,146.83,Delivered,Card,60.13,28.13,Non-Coupon Order,2025-06,Wednesday,0
2169.0,209,3,2025-01-19,384.97,,0.0,384.97,45.0,229.36,Delivered,Card,141.24,109.24,Non-Coupon Order,2025-01,Sunday,0
2170.0,168,4,2025-07-06,588.89,,0.0,588.89,55.0,344.91,Delivered,Cash,161.0,129.0,Non-Coupon Order,2025-07,Sunday,0
2171.0,234,21,2025-05-23,1706.38,,0.0,1706.38,55.0,1028.19,Delivered,Upi,362.15,330.15,Non-Coupon Order,2025-05,Friday,0
2173.0,94,17,2025-11-17,789.2,,0.0,789.2,25.0,417.92,Delivered,Upi,182.84,150.84,Non-Coupon Order,2025-11,Monday,0
2174.0,103,7,2025-10-24,238.21,,0.0,238.21,0.0,139.93,Delivered,Wallet,47.64,15.64,Non-Coupon Order,2025-10,Friday,0
2175.0,25,7,2025-09-28,222.09,,0.0,222.09,35.0,126.73,Delivered,Card,79.42,47.42,Non-Coupon Order,2025-09,Sunday,0
2176.0,231,3,2025-02-15,831.55,,0.0,831.55,55.0,473.37,Delivered,Cash,262.89,230.89,Non-Coupon Order,2025-02,Saturday,0
2177.0,11,22,2025-03-16,456.36,,0.0,456.36,0.0,286.01,Delivered,Card,114.09,82.09,Non-Coupon Order,2025-03,Sunday,0
2179.0,91,27,2025-10-11,990.82,,0.0,990.82,0.0,606.1,Delivered,Card,217.98,185.98,Non-Coupon Order,2025-10,Saturday,0
2180.0,72,6,2025-07-03,703.73,,0.0,703.73,45.0,442.41,Delivered,Wallet,185.75,153.75,Non-Coupon Order,2025-07,Thursday,0
2181.0,15,18,2025-01-02,224.28,,0.0,224.28,35.0,135.11,Delivered,Upi,75.37,43.37,Non-Coupon Order,2025-01,Thursday,0
2182.0,70,23,2025-04-22,1005.12,,0.0,1005.12,0.0,579.59,Delivered,Cash,180.92,148.92,Non-Coupon Order,2025-04,Tuesday,0
2183.0,30,23,2025-07-06,435.41,,0.0,435.41,0.0,246.46,Delivered,Cash,78.37,46.37,Non-Coupon Order,2025-07,Sunday,0
2184.0,70,20,2025-01-21,990.92,6.0,75.0,915.92,45.0,632.06,Delivered,Upi,243.18,136.18,Coupon Order,2025-01,Tuesday,0
2186.0,162,27,2025-11-21,604.49,,0.0,604.49,0.0,345.7,Delivered,Upi,132.99,100.99,Non-Coupon Order,2025-11,Friday,0
2187.0,117,25,2025-03-31,309.92,,0.0,309.92,25.0,170.6,Delivered,Wallet,93.18,61.18,Non-Coupon Order,2025-03,Monday,0
2188.0,173,6,2025-06-11,377.42,,0.0,377.42,0.0,204.25,Delivered,Card,75.48,43.48,Non-Coupon Order,2025-06,Wednesday,0
2190.0,210,1,2025-03-19,277.35,,0.0,277.35,45.0,163.2,Delivered,Card,106.02,74.02,Non-Coupon Order,2025-03,Wednesday,0
2191.0,242,30,2025-04-06,929.24,,0.0,929.24,55.0,511.15,Delivered,Cash,240.85,208.85,Non-Coupon Order,2025-04,Sunday,0
2192.0,261,9,2025-09-11,369.4,,0.0,369.4,45.0,223.98,Delivered,Upi,111.49,79.49,Non-Coupon Order,2025-09,Thursday,0
2193.0,169,27,2025-01-27,226.14,,0.0,226.14,45.0,139.07,Delivered,Wallet,94.75,62.75,Non-Coupon Order,2025-01,Monday,0
2195.0,66,13,2025-06-19,451.09,,0.0,451.09,25.0,253.05,Delivered,Upi,124.24,92.24,Non-Coupon Order,2025-06,Thursday,0
2196.0,99,9,2025-07-14,590.44,,0.0,590.44,55.0,323.73,Delivered,Upi,161.28,129.28,Non-Coupon Order,2025-07,Monday,0
2197.0,145,24,2025-01-20,259.16,,0.0,259.16,35.0,164.41,Delivered,Wallet,86.83,54.83,Non-Coupon Order,2025-01,Monday,0
2198.0,31,30,2025-06-13,440.47,,0.0,440.47,0.0,254.83,Delivered,Upi,88.09,56.09,Non-Coupon Order,2025-06,Friday,0
2199.0,180,23,2025-09-09,256.33,,0.0,256.33,45.0,144.98,Delivered,Cash,91.14,59.14,Non-Coupon Order,2025-09,Tuesday,0
2200.0,205,30,2025-01-23,320.78,,0.0,320.78,0.0,170.35,Delivered,Card,64.16,32.16,Non-Coupon Order,2025-01,Thursday,0
2201.0,158,13,2025-09-04,274.0,,0.0,274.0,25.0,158.98,Delivered,Wallet,85.28,53.28,Non-Coupon Order,2025-09,Thursday,0
2202.0,76,11,2025-08-06,497.66,,0.0,497.66,0.0,271.32,Delivered,Upi,124.42,92.42,Non-Coupon Order,2025-08,Wednesday,0
2203.0,235,7,2025-10-31,297.82,,0.0,297.82,45.0,178.41,Delivered,Cash,104.56,72.56,Non-Coupon Order,2025-10,Friday,0
2204.0,285,10,2025-02-01,680.18,,0.0,680.18,45.0,358.85,Delivered,Upi,167.43,135.43,Non-Coupon Order,2025-02,Saturday,0
2205.0,288,25,2025-05-14,707.43,,0.0,707.43,45.0,381.14,Delivered,Upi,200.63,168.63,Non-Coupon Order,2025-05,Wednesday,0
2206.0,42,13,2025-05-13,535.78,,0.0,535.78,55.0,326.51,Delivered,Card,172.87,140.87,Non-Coupon Order,2025-05,Tuesday,0
2207.0,6,14,2025-09-07,416.38,,0.0,416.38,25.0,220.48,Delivered,Card,129.1,97.1,Non-Coupon Order,2025-09,Sunday,0
2208.0,215,22,2025-11-12,410.29,,0.0,410.29,45.0,215.02,Delivered,Card,147.57,115.57,Non-Coupon Order,2025-11,Wednesday,0
2210.0,129,25,2025-06-12,632.81,,0.0,632.81,25.0,344.58,Delivered,Cash,164.22,132.22,Non-Coupon Order,2025-06,Thursday,0
2211.0,130,2,2025-03-08,389.87,,0.0,389.87,55.0,216.94,Delivered,Wallet,125.18,93.18,Non-Coupon Order,2025-03,Saturday,0
2212.0,56,26,2025-03-11,555.26,,0.0,555.26,45.0,344.79,Delivered,Cash,183.82,151.82,Non-Coupon Order,2025-03,Tuesday,0
2213.0,130,5,2025-06-27,416.19,,0.0,416.19,25.0,265.25,Delivered,Wallet,108.24,76.24,Non-Coupon Order,2025-06,Friday,0
2214.0,112,22,2025-03-28,431.91,,0.0,431.91,55.0,258.36,Delivered,Cash,162.98,130.98,Non-Coupon Order,2025-03,Friday,0
2215.0,70,20,2025-06-17,326.13,,0.0,326.13,45.0,187.08,Delivered,Upi,110.23,78.23,Non-Coupon Order,2025-06,Tuesday,0
2216.0,46,27,2025-07-26,264.68,,0.0,264.68,55.0,146.41,Delivered,Card,113.23,81.23,Non-Coupon Order,2025-07,Saturday,0
2217.0,116,25,2025-09-10,395.9,,0.0,395.9,35.0,247.4,Delivered,Card,122.1,90.1,Non-Coupon Order,2025-09,Wednesday,0
2218.0,239,24,2025-11-03,563.41,,0.0,563.41,25.0,300.0,Delivered,Wallet,137.68,105.68,Non-Coupon Order,2025-11,Monday,0
2219.0,210,25,2025-11-09,1019.05,,0.0,1019.05,25.0,539.27,Delivered,Wallet,249.19,217.19,Non-Coupon Order,2025-11,Sunday,0
2220.0,294,16,2025-03-12,1161.88,,0.0,1161.88,55.0,615.69,Delivered,Cash,287.38,255.38,Non-Coupon Order,2025-03,Wednesday,0
2221.0,166,21,2025-07-06,767.13,,0.0,767.13,35.0,429.86,Delivered,Card,173.08,141.08,Non-Coupon Order,2025-07,Sunday,0
2222.0,32,7,2025-01-22,271.53,,0.0,271.53,55.0,158.53,Delivered,Upi,109.31,77.31,Non-Coupon Order,2025-01,Wednesday,0
2223.0,59,9,2025-11-30,744.17,,0.0,744.17,25.0,406.08,Delivered,Wallet,158.95,126.95,Non-Coupon Order,2025-11,Sunday,0
2224.0,184,29,2025-12-23,371.69,1.0,150.0,221.69,55.0,219.77,Delivered,Wallet,136.77,-45.23,Coupon Order,2025-12,Tuesday,0
2225.0,216,7,2025-07-29,359.07,,0.0,359.07,0.0,220.78,Delivered,Card,71.81,39.81,Non-Coupon Order,2025-07,Tuesday,0
2226.0,294,18,2025-08-09,931.8,8.0,180.0,751.8,0.0,547.32,Delivered,Cash,167.72,-44.28,Coupon Order,2025-08,Saturday,0
2227.0,101,19,2025-07-27,994.04,,0.0,994.04,35.0,560.36,Delivered,Wallet,253.69,221.69,Non-Coupon Order,2025-07,Sunday,0
2228.0,165,15,2025-03-17,441.92,,0.0,441.92,45.0,273.15,Delivered,Upi,133.38,101.38,Non-Coupon Order,2025-03,Monday,0
2229.0,121,21,2025-11-21,755.22,,0.0,755.22,0.0,411.03,Delivered,Wallet,135.94,103.94,Non-Coupon Order,2025-11,Friday,0
2230.0,190,4,2025-07-25,290.01,,0.0,290.01,35.0,178.0,Delivered,Wallet,87.2,55.2,Non-Coupon Order,2025-07,Friday,0
2231.0,194,5,2025-04-26,392.74,,0.0,392.74,45.0,217.09,Delivered,Upi,123.55,91.55,Non-Coupon Order,2025-04,Saturday,0
2232.0,107,19,2025-06-05,362.03,,0.0,362.03,25.0,207.92,Delivered,Upi,104.65,72.65,Non-Coupon Order,2025-06,Thursday,0
2233.0,197,1,2025-07-03,511.06,,0.0,511.06,55.0,317.2,Delivered,Cash,167.43,135.43,Non-Coupon Order,2025-07,Thursday,0
2234.0,231,16,2025-07-23,1041.49,,0.0,1041.49,25.0,625.66,Delivered,Card,233.3,201.3,Non-Coupon Order,2025-07,Wednesday,0
2235.0,270,27,2025-01-22,407.39,,0.0,407.39,25.0,213.24,Delivered,Cash,114.63,82.63,Non-Coupon Order,2025-01,Wednesday,0
2236.0,21,27,2025-07-28,346.26,,0.0,346.26,25.0,200.34,Delivered,Cash,101.18,69.18,Non-Coupon Order,2025-07,Monday,0
2237.0,293,25,2025-12-21,595.84,,0.0,595.84,45.0,336.8,Delivered,Card,176.08,144.08,Non-Coupon Order,2025-12,Sunday,0
2238.0,286,22,2025-03-16,336.64,,0.0,336.64,0.0,197.81,Delivered,Card,84.16,52.16,Non-Coupon Order,2025-03,Sunday,0
2239.0,285,13,2025-08-15,1248.43,,0.0,1248.43,35.0,771.91,Delivered,Cash,309.65,277.65,Non-Coupon Order,2025-08,Friday,0
2240.0,186,8,2025-11-11,447.43,,0.0,447.43,45.0,272.61,Delivered,Cash,134.49,102.49,Non-Coupon Order,2025-11,Tuesday,0
2241.0,127,24,2025-04-30,439.88,,0.0,439.88,35.0,242.02,Delivered,Card,122.98,90.98,Non-Coupon Order,2025-04,Wednesday,0
2242.0,250,11,2025-03-06,259.79,,0.0,259.79,55.0,154.37,Delivered,Card,119.95,87.95,Non-Coupon Order,2025-03,Thursday,0
2243.0,175,6,2025-12-03,678.6,,0.0,678.6,35.0,360.63,Delivered,Wallet,170.72,138.72,Non-Coupon Order,2025-12,Wednesday,0
2244.0,295,20,2025-07-26,236.88,,0.0,236.88,45.0,125.48,Delivered,Upi,92.38,60.38,Non-Coupon Order,2025-07,Saturday,0
2246.0,44,5,2025-10-21,527.87,,0.0,527.87,25.0,274.77,Delivered,Upi,130.57,98.57,Non-Coupon Order,2025-10,Tuesday,0
2247.0,95,1,2025-12-21,470.2,,0.0,470.2,45.0,258.17,Delivered,Upi,148.44,116.44,Non-Coupon Order,2025-12,Sunday,0
2248.0,52,18,2025-05-23,712.24,,0.0,712.24,25.0,411.52,Delivered,Card,153.2,121.2,Non-Coupon Order,2025-05,Friday,0
2249.0,27,24,2025-12-06,229.82,,0.0,229.82,35.0,128.46,Delivered,Cash,80.96,48.96,Non-Coupon Order,2025-12,Saturday,0
2250.0,28,3,2025-05-04,419.52,,0.0,419.52,25.0,231.35,Delivered,Card,129.88,97.88,Non-Coupon Order,2025-05,Sunday,0
2251.0,189,4,2025-10-20,349.83,,0.0,349.83,45.0,187.87,Delivered,Upi,107.97,75.97,Non-Coupon Order,2025-10,Monday,0
2252.0,140,10,2025-05-22,317.53,,0.0,317.53,55.0,166.45,Delivered,Cash,112.16,80.16,Non-Coupon Order,2025-05,Thursday,0
2253.0,237,11,2025-04-07,236.11,,0.0,236.11,55.0,125.59,Delivered,Card,114.03,82.03,Non-Coupon Order,2025-04,Monday,0
2254.0,175,25,2025-04-26,552.68,,0.0,552.68,45.0,326.34,Delivered,Cash,166.59,134.59,Non-Coupon Order,2025-04,Saturday,0
2255.0,160,11,2025-12-10,479.95,,0.0,479.95,0.0,305.73,Delivered,Upi,119.99,87.99,Non-Coupon Order,2025-12,Wednesday,0
2256.0,119,29,2025-06-10,250.09,,0.0,250.09,35.0,132.68,Delivered,Cash,90.02,58.02,Non-Coupon Order,2025-06,Tuesday,0
2257.0,142,26,2025-12-06,465.34,,0.0,465.34,55.0,258.2,Delivered,Card,171.33,139.33,Non-Coupon Order,2025-12,Saturday,0
2258.0,182,25,2025-04-22,246.26,,0.0,246.26,55.0,149.88,Delivered,Cash,109.18,77.18,Non-Coupon Order,2025-04,Tuesday,0
2259.0,230,17,2025-04-12,575.27,,0.0,575.27,45.0,354.35,Delivered,Upi,160.05,128.05,Non-Coupon Order,2025-04,Saturday,0
2260.0,222,15,2025-11-06,698.54,,0.0,698.54,25.0,435.79,Delivered,Upi,164.71,132.71,Non-Coupon Order,2025-11,Thursday,0
2262.0,202,18,2025-02-22,424.35,,0.0,424.35,25.0,246.8,Delivered,Card,101.38,69.38,Non-Coupon Order,2025-02,Saturday,0
2263.0,47,2,2025-04-04,1012.79,,0.0,1012.79,35.0,537.44,Delivered,Card,217.3,185.3,Non-Coupon Order,2025-04,Friday,0
2264.0,132,14,2025-01-24,398.92,,0.0,398.92,35.0,209.74,Delivered,Upi,134.73,102.73,Non-Coupon Order,2025-01,Friday,0
2265.0,90,17,2025-03-24,240.02,,0.0,240.02,25.0,146.61,Delivered,Card,73.0,41.0,Non-Coupon Order,2025-03,Monday,0
2266.0,24,1,2025-11-09,845.59,,0.0,845.59,25.0,469.81,Delivered,Cash,211.03,179.03,Non-Coupon Order,2025-11,Sunday,0
2267.0,218,15,2025-05-20,393.75,,0.0,393.75,0.0,249.93,Delivered,Upi,78.75,46.75,Non-Coupon Order,2025-05,Tuesday,0
2268.0,167,22,2025-03-17,382.03,,0.0,382.03,45.0,212.55,Delivered,Wallet,140.51,108.51,Non-Coupon Order,2025-03,Monday,0
2270.0,198,21,2025-07-05,591.17,,0.0,591.17,45.0,325.42,Delivered,Cash,151.41,119.41,Non-Coupon Order,2025-07,Saturday,0
2271.0,156,14,2025-06-23,654.57,,0.0,654.57,55.0,400.19,Delivered,Card,218.64,186.64,Non-Coupon Order,2025-06,Monday,0
2272.0,90,9,2025-01-06,259.65,,0.0,259.65,0.0,138.5,Delivered,Wallet,46.74,14.74,Non-Coupon Order,2025-01,Monday,0
2273.0,185,3,2025-11-12,313.62,,0.0,313.62,45.0,175.46,Delivered,Wallet,123.41,91.41,Non-Coupon Order,2025-11,Wednesday,0
2274.0,270,16,2025-09-13,815.22,,0.0,815.22,25.0,457.98,Delivered,Card,188.04,156.04,Non-Coupon Order,2025-09,Saturday,0
2275.0,128,10,2025-09-21,442.76,,0.0,442.76,45.0,238.65,Delivered,Cash,124.7,92.7,Non-Coupon Order,2025-09,Sunday,0
2276.0,124,18,2025-11-07,249.32,,0.0,249.32,55.0,144.79,Delivered,Upi,99.88,67.88,Non-Coupon Order,2025-11,Friday,0
2277.0,54,24,2025-06-12,1053.49,,0.0,1053.49,55.0,568.64,Delivered,Card,265.7,233.7,Non-Coupon Order,2025-06,Thursday,0
2278.0,109,22,2025-08-14,497.42,8.0,174.28,323.14,45.0,262.41,Delivered,Upi,169.36,-36.92,Coupon Order,2025-08,Thursday,0
2279.0,115,3,2025-02-03,280.51,,0.0,280.51,25.0,179.27,Delivered,Cash,95.13,63.13,Non-Coupon Order,2025-02,Monday,0
2280.0,119,28,2025-11-12,428.76,3.0,85.75,343.01,35.0,245.47,Delivered,Wallet,142.19,24.44,Coupon Order,2025-11,Wednesday,0
2281.0,227,16,2025-05-22,1093.0,,0.0,1093.0,0.0,647.56,Delivered,Wallet,218.6,186.6,Non-Coupon Order,2025-05,Thursday,0
2282.0,63,25,2025-05-05,372.48,,0.0,372.48,45.0,222.14,Delivered,Wallet,126.95,94.95,Non-Coupon Order,2025-05,Monday,0
2283.0,147,15,2025-08-14,425.24,,0.0,425.24,25.0,256.21,Delivered,Cash,110.05,78.05,Non-Coupon Order,2025-08,Thursday,0
2284.0,28,7,2025-04-26,523.35,,0.0,523.35,0.0,296.58,Delivered,Card,104.67,72.67,Non-Coupon Order,2025-04,Saturday,0
2285.0,285,3,2025-04-18,891.06,,0.0,891.06,0.0,499.1,Delivered,Card,222.77,190.77,Non-Coupon Order,2025-04,Friday,0
2286.0,296,14,2025-04-03,292.04,,0.0,292.04,55.0,166.09,Delivered,Card,128.01,96.01,Non-Coupon Order,2025-04,Thursday,0
2287.0,135,24,2025-09-26,290.16,,0.0,290.16,0.0,183.62,Delivered,Upi,58.03,26.03,Non-Coupon Order,2025-09,Friday,0
2288.0,299,7,2025-01-05,420.87,,0.0,420.87,35.0,233.66,Delivered,Cash,119.17,87.17,Non-Coupon Order,2025-01,Sunday,0
2289.0,106,3,2025-12-01,281.68,,0.0,281.68,0.0,160.53,Delivered,Wallet,70.42,38.42,Non-Coupon Order,2025-12,Monday,0
2290.0,134,12,2025-11-06,546.41,,0.0,546.41,55.0,338.82,Delivered,Upi,191.6,159.6,Non-Coupon Order,2025-11,Thursday,0
2291.0,105,23,2025-09-05,687.81,,0.0,687.81,0.0,394.74,Delivered,Card,123.81,91.81,Non-Coupon Order,2025-09,Friday,0
2292.0,50,13,2025-02-24,627.28,,0.0,627.28,25.0,354.28,Delivered,Wallet,163.0,131.0,Non-Coupon Order,2025-02,Monday,0
2293.0,157,29,2025-03-13,674.4,,0.0,674.4,0.0,406.35,Delivered,Wallet,148.37,116.37,Non-Coupon Order,2025-03,Thursday,0
2294.0,146,28,2025-07-03,654.33,,0.0,654.33,25.0,361.73,Delivered,Cash,188.58,156.58,Non-Coupon Order,2025-07,Thursday,0
2295.0,141,16,2025-04-19,375.41,,0.0,375.41,55.0,209.14,Delivered,Upi,130.08,98.08,Non-Coupon Order,2025-04,Saturday,0
2296.0,75,10,2025-04-26,467.23,,0.0,467.23,45.0,288.98,Delivered,Wallet,129.1,97.1,Non-Coupon Order,2025-04,Saturday,0
2297.0,220,30,2025-11-15,280.45,,0.0,280.45,25.0,172.52,Delivered,Wallet,81.09,49.09,Non-Coupon Order,2025-11,Saturday,0
2298.0,226,29,2025-07-05,438.4,,0.0,438.4,25.0,232.25,Delivered,Wallet,121.45,89.45,Non-Coupon Order,2025-07,Saturday,0
2299.0,238,6,2025-09-13,944.66,,0.0,944.66,25.0,562.58,Delivered,Cash,213.93,181.93,Non-Coupon Order,2025-09,Saturday,0
2300.0,112,4,2025-11-04,423.23,,0.0,423.23,35.0,231.63,Delivered,Upi,111.18,79.18,Non-Coupon Order,2025-11,Tuesday,0
2302.0,21,24,2025-12-03,270.83,,0.0,270.83,55.0,153.08,Delivered,Upi,109.17,77.17,Non-Coupon Order,2025-12,Wednesday,0
2303.0,299,20,2025-10-13,484.03,,0.0,484.03,25.0,293.8,Delivered,Cash,121.81,89.81,Non-Coupon Order,2025-10,Monday,0
2304.0,123,14,2025-07-29,388.32,,0.0,388.32,45.0,248.02,Delivered,Cash,142.08,110.08,Non-Coupon Order,2025-07,Tuesday,0
2305.0,152,18,2025-08-04,286.07,,0.0,286.07,0.0,169.82,Delivered,Card,51.49,19.49,Non-Coupon Order,2025-08,Monday,0
2306.0,244,12,2025-12-30,892.81,,0.0,892.81,45.0,530.11,Delivered,Card,268.2,236.2,Non-Coupon Order,2025-12,Tuesday,0
2307.0,198,5,2025-09-15,680.52,,0.0,680.52,0.0,411.68,Delivered,Card,136.1,104.1,Non-Coupon Order,2025-09,Monday,0
2308.0,280,2,2025-03-05,598.53,,0.0,598.53,55.0,356.22,Delivered,Upi,162.74,130.74,Non-Coupon Order,2025-03,Wednesday,0
2309.0,280,28,2025-07-10,402.33,3.0,80.47,321.86,55.0,246.62,Delivered,Cash,155.58,43.11,Coupon Order,2025-07,Thursday,0
2310.0,266,23,2025-01-22,801.32,,0.0,801.32,35.0,449.33,Delivered,Upi,179.24,147.24,Non-Coupon Order,2025-01,Wednesday,0
2311.0,245,20,2025-02-12,353.38,,0.0,353.38,25.0,217.24,Delivered,Wallet,95.68,63.68,Non-Coupon Order,2025-02,Wednesday,0
2312.0,230,10,2025-05-20,338.18,,0.0,338.18,0.0,202.34,Delivered,Wallet,60.87,28.87,Non-Coupon Order,2025-05,Tuesday,0
2313.0,180,30,2025-04-28,382.45,,0.0,382.45,55.0,220.12,Delivered,Cash,131.49,99.49,Non-Coupon Order,2025-04,Monday,0
2314.0,66,9,2025-04-22,220.81,,0.0,220.81,0.0,140.4,Delivered,Upi,39.75,7.75,Non-Coupon Order,2025-04,Tuesday,0
2315.0,56,22,2025-11-12,319.56,,0.0,319.56,0.0,203.76,Delivered,Card,79.89,47.89,Non-Coupon Order,2025-11,Wednesday,0
2316.0,27,15,2025-07-30,313.81,,0.0,313.81,0.0,181.98,Delivered,Upi,62.76,30.76,Non-Coupon Order,2025-07,Wednesday,0
2317.0,207,28,2025-02-18,382.11,,0.0,382.11,25.0,233.61,Delivered,Cash,120.53,88.53,Non-Coupon Order,2025-02,Tuesday,0
2318.0,75,7,2025-01-21,713.03,,0.0,713.03,0.0,437.66,Delivered,Wallet,142.61,110.61,Non-Coupon Order,2025-01,Tuesday,0
2319.0,234,3,2025-09-01,357.82,,0.0,357.82,45.0,215.53,Delivered,Wallet,134.45,102.45,Non-Coupon Order,2025-09,Monday,0
2320.0,53,2,2025-02-17,1285.45,,0.0,1285.45,55.0,707.3,Delivered,Cash,286.38,254.38,Non-Coupon Order,2025-02,Monday,0
2321.0,196,1,2025-05-22,523.7,,0.0,523.7,0.0,320.22,Delivered,Upi,115.21,83.21,Non-Coupon Order,2025-05,Thursday,0
2322.0,298,13,2025-06-12,249.27,,0.0,249.27,0.0,134.72,Delivered,Cash,54.84,22.84,Non-Coupon Order,2025-06,Thursday,0
2323.0,180,30,2025-12-04,242.87,,0.0,242.87,45.0,143.21,Delivered,Cash,93.57,61.57,Non-Coupon Order,2025-12,Thursday,0
2324.0,109,1,2025-12-14,805.09,,0.0,805.09,25.0,422.18,Delivered,Cash,202.12,170.12,Non-Coupon Order,2025-12,Sunday,0
2325.0,105,10,2025-05-11,925.7,,0.0,925.7,55.0,551.05,Delivered,Wallet,221.63,189.63,Non-Coupon Order,2025-05,Sunday,0
2326.0,86,16,2025-03-09,256.02,,0.0,256.02,25.0,160.83,Delivered,Upi,76.2,44.2,Non-Coupon Order,2025-03,Sunday,0
2327.0,263,5,2025-07-08,327.15,,0.0,327.15,0.0,193.57,Delivered,Upi,65.43,33.43,Non-Coupon Order,2025-07,Tuesday,0
2328.0,274,3,2025-08-07,256.18,,0.0,256.18,55.0,154.17,Delivered,Upi,119.05,87.05,Non-Coupon Order,2025-08,Thursday,0
2329.0,64,25,2025-04-20,333.04,,0.0,333.04,0.0,187.11,Delivered,Card,73.27,41.27,Non-Coupon Order,2025-04,Sunday,0
2330.0,289,26,2025-06-30,1261.86,,0.0,1261.86,25.0,759.22,Delivered,Card,340.47,308.47,Non-Coupon Order,2025-06,Monday,0
2331.0,172,30,2025-02-07,503.24,,0.0,503.24,25.0,294.04,Delivered,Cash,125.65,93.65,Non-Coupon Order,2025-02,Friday,0
2332.0,286,6,2025-05-17,502.71,,0.0,502.71,0.0,291.93,Delivered,Cash,100.54,68.54,Non-Coupon Order,2025-05,Saturday,0
2333.0,298,17,2025-06-06,432.34,,0.0,432.34,35.0,237.39,Delivered,Wallet,121.47,89.47,Non-Coupon Order,2025-06,Friday,0
2334.0,27,20,2025-05-25,431.94,,0.0,431.94,35.0,243.49,Delivered,Card,121.39,89.39,Non-Coupon Order,2025-05,Sunday,0
2335.0,195,30,2025-08-06,1059.36,,0.0,1059.36,0.0,605.44,Delivered,Card,211.87,179.87,Non-Coupon Order,2025-08,Wednesday,0
2337.0,191,17,2025-07-17,509.1,,0.0,509.1,0.0,299.82,Delivered,Upi,101.82,69.82,Non-Coupon Order,2025-07,Thursday,0
2338.0,40,10,2025-06-28,619.75,,0.0,619.75,25.0,327.74,Delivered,Wallet,136.56,104.56,Non-Coupon Order,2025-06,Saturday,0
2339.0,42,6,2025-11-21,555.18,,0.0,555.18,45.0,292.82,Delivered,Upi,156.04,124.04,Non-Coupon Order,2025-11,Friday,0
2340.0,204,3,2025-10-20,248.73,,0.0,248.73,35.0,141.37,Delivered,Wallet,97.18,65.18,Non-Coupon Order,2025-10,Monday,0
2341.0,224,1,2025-07-04,1089.44,,0.0,1089.44,45.0,595.75,Delivered,Upi,284.68,252.68,Non-Coupon Order,2025-07,Friday,0
2342.0,287,8,2025-11-24,455.68,,0.0,455.68,35.0,248.03,Delivered,Card,126.14,94.14,Non-Coupon Order,2025-11,Monday,0
2344.0,11,6,2025-06-05,232.35,,0.0,232.35,25.0,141.67,Delivered,Upi,71.47,39.47,Non-Coupon Order,2025-06,Thursday,0
2345.0,115,29,2025-08-06,843.19,,0.0,843.19,55.0,488.75,Delivered,Card,240.5,208.5,Non-Coupon Order,2025-08,Wednesday,0
2346.0,189,28,2025-11-24,420.5,,0.0,420.5,25.0,238.08,Delivered,Wallet,130.13,98.13,Non-Coupon Order,2025-11,Monday,0
2348.0,271,24,2025-12-18,876.79,5.0,189.67,687.12,35.0,502.87,Delivered,Upi,210.36,-11.31,Coupon Order,2025-12,Thursday,0
2350.0,199,20,2025-04-20,905.09,,0.0,905.09,45.0,572.15,Delivered,Wallet,226.02,194.02,Non-Coupon Order,2025-04,Sunday,0
2351.0,44,29,2025-08-04,585.85,,0.0,585.85,55.0,331.25,Delivered,Cash,183.89,151.89,Non-Coupon Order,2025-08,Monday,0
2352.0,34,7,2025-10-29,434.69,,0.0,434.69,55.0,251.58,Delivered,Cash,141.94,109.94,Non-Coupon Order,2025-10,Wednesday,0
2353.0,95,12,2025-09-26,286.24,,0.0,286.24,25.0,161.1,Delivered,Card,96.56,64.56,Non-Coupon Order,2025-09,Friday,0
2354.0,278,10,2025-12-26,710.02,,0.0,710.02,25.0,414.41,Delivered,Wallet,152.8,120.8,Non-Coupon Order,2025-12,Friday,0
2355.0,127,30,2025-01-20,462.15,,0.0,462.15,25.0,246.37,Delivered,Card,117.43,85.43,Non-Coupon Order,2025-01,Monday,0
2356.0,92,14,2025-05-29,787.64,,0.0,787.64,45.0,435.06,Delivered,Card,241.91,209.91,Non-Coupon Order,2025-05,Thursday,0
2357.0,223,5,2025-04-30,224.32,,0.0,224.32,55.0,122.82,Delivered,Cash,99.86,67.86,Non-Coupon Order,2025-04,Wednesday,0
2358.0,37,18,2025-04-15,580.14,,0.0,580.14,45.0,356.07,Delivered,Card,149.43,117.43,Non-Coupon Order,2025-04,Tuesday,0
2359.0,77,18,2025-11-17,459.72,,0.0,459.72,25.0,252.21,Delivered,Card,107.75,75.75,Non-Coupon Order,2025-11,Monday,0
2360.0,12,28,2025-10-02,506.81,,0.0,506.81,25.0,265.17,Delivered,Card,151.7,119.7,Non-Coupon Order,2025-10,Thursday,0
2361.0,38,3,2025-07-01,567.65,,0.0,567.65,55.0,318.71,Delivered,Wallet,196.91,164.91,Non-Coupon Order,2025-07,Tuesday,0
2362.0,48,9,2025-07-28,622.41,,0.0,622.41,25.0,389.87,Delivered,Card,137.03,105.03,Non-Coupon Order,2025-07,Monday,0
2363.0,173,28,2025-04-25,860.9,,0.0,860.9,45.0,511.61,Delivered,Card,260.23,228.23,Non-Coupon Order,2025-04,Friday,0
2364.0,292,7,2025-01-01,352.57,,0.0,352.57,25.0,210.13,Delivered,Wallet,95.51,63.51,Non-Coupon Order,2025-01,Wednesday,0
2365.0,5,9,2025-12-26,222.47,,0.0,222.47,25.0,117.04,Delivered,Upi,65.04,33.04,Non-Coupon Order,2025-12,Friday,0
2366.0,282,10,2025-11-14,857.49,,0.0,857.49,55.0,548.12,Delivered,Card,209.35,177.35,Non-Coupon Order,2025-11,Friday,0
2367.0,179,13,2025-10-09,281.72,,0.0,281.72,25.0,157.27,Delivered,Upi,86.98,54.98,Non-Coupon Order,2025-10,Thursday,0
2368.0,125,19,2025-06-26,642.41,,0.0,642.41,35.0,345.05,Delivered,Wallet,176.33,144.33,Non-Coupon Order,2025-06,Thursday,0
2369.0,42,18,2025-07-16,241.55,,0.0,241.55,45.0,136.17,Delivered,Upi,88.48,56.48,Non-Coupon Order,2025-07,Wednesday,0
2370.0,126,1,2025-12-07,444.97,,0.0,444.97,0.0,277.72,Delivered,Wallet,97.89,65.89,Non-Coupon Order,2025-12,Sunday,0
2371.0,18,3,2025-10-17,467.94,,0.0,467.94,25.0,277.62,Delivered,Cash,141.99,109.99,Non-Coupon Order,2025-10,Friday,0
2372.0,40,19,2025-03-27,561.43,,0.0,561.43,0.0,335.24,Delivered,Cash,123.51,91.51,Non-Coupon Order,2025-03,Thursday,0
2373.0,183,15,2025-09-24,641.23,,0.0,641.23,55.0,388.66,Delivered,Wallet,183.25,151.25,Non-Coupon Order,2025-09,Wednesday,0
2375.0,148,28,2025-12-05,505.6,,0.0,505.6,45.0,286.68,Delivered,Wallet,171.4,139.4,Non-Coupon Order,2025-12,Friday,0
2376.0,6,18,2025-07-05,939.36,,0.0,939.36,0.0,575.73,Delivered,Upi,169.08,137.08,Non-Coupon Order,2025-07,Saturday,0
2377.0,264,24,2025-10-05,473.88,,0.0,473.88,35.0,284.87,Delivered,Upi,129.78,97.78,Non-Coupon Order,2025-10,Sunday,0
2378.0,89,24,2025-08-17,481.68,,0.0,481.68,45.0,300.05,Delivered,Wallet,141.34,109.34,Non-Coupon Order,2025-08,Sunday,0
2379.0,272,21,2025-06-28,542.77,2.0,100.0,442.77,35.0,335.4,Delivered,Card,132.7,0.7,Coupon Order,2025-06,Saturday,0
2380.0,18,23,2025-12-17,648.68,,0.0,648.68,0.0,394.84,Delivered,Upi,116.76,84.76,Non-Coupon Order,2025-12,Wednesday,0
2381.0,246,9,2025-04-01,760.18,,0.0,760.18,25.0,480.83,Delivered,Upi,161.83,129.83,Non-Coupon Order,2025-04,Tuesday,0
2382.0,243,16,2025-10-24,446.15,,0.0,446.15,55.0,241.04,Delivered,Card,144.23,112.23,Non-Coupon Order,2025-10,Friday,0
2383.0,33,29,2025-08-23,427.42,,0.0,427.42,35.0,234.14,Delivered,Upi,129.03,97.03,Non-Coupon Order,2025-08,Saturday,0
2385.0,13,7,2025-06-29,242.46,,0.0,242.46,55.0,152.09,Delivered,Wallet,103.49,71.49,Non-Coupon Order,2025-06,Sunday,0
2386.0,160,25,2025-05-24,492.75,,0.0,492.75,45.0,270.16,Delivered,Card,153.41,121.41,Non-Coupon Order,2025-05,Saturday,0
2387.0,261,7,2025-05-22,339.7,,0.0,339.7,35.0,188.81,Delivered,Card,102.94,70.94,Non-Coupon Order,2025-05,Thursday,0
2388.0,198,15,2025-12-13,281.36,,0.0,281.36,45.0,159.85,Delivered,Card,101.27,69.27,Non-Coupon Order,2025-12,Saturday,0
2389.0,197,25,2025-09-27,507.73,,0.0,507.73,0.0,305.17,Delivered,Card,111.7,79.7,Non-Coupon Order,2025-09,Saturday,0
2390.0,98,26,2025-03-19,432.56,,0.0,432.56,45.0,230.57,Delivered,Cash,153.14,121.14,Non-Coupon Order,2025-03,Wednesday,0
2391.0,237,1,2025-01-26,272.77,,0.0,272.77,0.0,171.17,Delivered,Card,60.01,28.01,Non-Coupon Order,2025-01,Sunday,0
2392.0,166,27,2025-01-05,226.47,,0.0,226.47,45.0,120.67,Delivered,Wallet,94.82,62.82,Non-Coupon Order,2025-01,Sunday,0
2393.0,25,24,2025-10-25,283.9,,0.0,283.9,55.0,170.25,Delivered,Cash,111.78,79.78,Non-Coupon Order,2025-10,Saturday,0
2394.0,45,7,2025-09-19,248.27,,0.0,248.27,45.0,147.99,Delivered,Cash,94.65,62.65,Non-Coupon Order,2025-09,Friday,0
2395.0,10,16,2025-02-08,274.4,,0.0,274.4,35.0,170.01,Delivered,Card,89.88,57.88,Non-Coupon Order,2025-02,Saturday,0
2396.0,151,19,2025-07-16,1605.4,5.0,200.0,1405.4,25.0,947.2,Delivered,Upi,378.19,146.19,Coupon Order,2025-07,Wednesday,0
2397.0,127,2,2025-03-07,773.88,,0.0,773.88,0.0,462.78,Delivered,Wallet,139.3,107.3,Non-Coupon Order,2025-03,Friday,0
2398.0,288,8,2025-12-21,465.06,,0.0,465.06,45.0,288.99,Delivered,Upi,138.01,106.01,Non-Coupon Order,2025-12,Sunday,0
2399.0,282,25,2025-09-30,355.81,,0.0,355.81,55.0,191.64,Delivered,Cash,133.28,101.28,Non-Coupon Order,2025-09,Tuesday,0
2400.0,290,20,2025-06-13,560.39,,0.0,560.39,35.0,309.12,Delivered,Card,147.08,115.08,Non-Coupon Order,2025-06,Friday,0
