order_id,customer_id,restaurant_id,order_date,gross_order_value,coupon_id,discount_amount,net_order_value,delivery_fee,food_cost,order_status,payment_method,estimated_zomato_revenue,estimated_profit
1.00,3,9,2025-01-03,259.79,,0.00,259.79,45.00,161.18,Delivered,Card,91.76,59.76
2.00,212,7,2025-02-02,520.16,,0.00,520.16,0.00,330.57,Delivered,Cash,104.03,72.03
3.00,79,19,2025-01-03,232.63,,0.00,232.63,55.00,131.71,Delivered,Cash,106.18,74.18
4.00,3,3,2025-04-24,402.02,,0.00,402.02,0.00,223.11,Delivered,Card,100.51,68.51
5.00,148,20,2025-12-10,249.34,,0.00,249.34,45.00,145.35,Delivered,Wallet,94.87,62.87
6.00,96,16,2025-06-19,506.29,,0.00,506.29,55.00,292.34,Delivered,Card,156.26,124.26
7.00,102,18,2025-02-14,782.91,,0.00,782.91,35.00,483.71,Delivered,Cash,175.92,143.92
8.00,35,9,2025-09-19,459.80,,0.00,459.80,55.00,293.62,Delivered,Card,137.76,105.76
9.00,211,8,2025-04-15,424.93,3,84.99,339.94,0.00,260.37,Delivered,Card,84.99,-32.00
10.00,178,19,2025-08-27,924.49,,0.00,924.49,35.00,482.75,Delivered,UPI,238.39,206.39
11.00,129,22,2025-11-07,226.49,,0.00,226.49,45.00,141.71,Delivered,Cash,101.62,69.62
12.00,225,22,2025-09-08,469.61,,0.00,469.61,35.00,267.42,Delivered,Cash,152.40,120.40
13.00,291,10,2025-12-25,439.26,,0.00,439.26,25.00,259.37,Delivered,Wallet,104.07,72.07
14.00,229,27,2025-03-08,437.91,,0.00,437.91,0.00,236.70,Delivered,Cash,96.34,64.34
15.00,200,14,2025-09-24,399.77,,0.00,399.77,35.00,253.78,Delivered,UPI,134.94,102.94
16.00,84,17,2025-09-13,443.91,,0.00,443.91,25.00,250.73,Delivered,Cash,113.78,81.78
17.00,244,11,2025-01-05,908.03,,0.00,908.03,35.00,579.72,Delivered,Wallet,262.01,230.01
18.00,281,7,2025-12-14,274.74,,0.00,274.74,35.00,165.83,Delivered,Cash,89.95,57.95
19.00,19,14,2025-07-19,404.94,,0.00,404.94,25.00,233.72,Delivered,Card,126.24,94.24
20.00,116,26,2025-06-26,558.06,,0.00,558.06,25.00,296.16,Delivered,Wallet,164.52,132.52
21.00,36,10,2025-01-03,707.35,,0.00,707.35,35.00,395.86,Delivered,UPI,162.32,130.32
22.00,221,8,2025-10-26,445.63,,0.00,445.63,55.00,236.31,Delivered,Wallet,144.13,112.13
23.00,165,27,2025-10-19,425.02,,0.00,425.02,45.00,231.17,Delivered,UPI,138.50,106.50
24.00,182,28,2025-07-10,263.95,,0.00,263.95,25.00,164.49,Delivered,Wallet,90.99,58.99
25.00,181,3,2025-05-26,537.86,,0.00,537.86,35.00,325.72,Cancelled,UPI,0.00,0.00
26.00,250,4,2025-07-11,610.56,,0.00,610.56,35.00,376.99,Delivered,Wallet,144.90,112.90
27.00,48,20,2025-03-30,446.43,,0.00,446.43,45.00,242.57,Delivered,Cash,134.29,102.29
28.00,138,26,2025-01-18,371.65,,0.00,371.65,55.00,226.02,Delivered,UPI,147.91,115.91
29.00,34,8,2025-09-22,345.28,,0.00,345.28,55.00,196.82,Delivered,Wallet,124.06,92.06
30.00,13,28,2025-08-01,998.08,,0.00,998.08,55.00,614.30,Cancelled,Cash,0.00,0.00
31.00,210,24,2025-04-30,742.56,,0.00,742.56,45.00,459.41,Delivered,UPI,193.51,161.51
32.00,193,9,2025-10-09,467.09,,0.00,467.09,35.00,266.88,Delivered,Cash,119.08,87.08
33.00,1,27,2025-05-05,1147.37,,0.00,1147.37,55.00,633.00,Delivered,Card,307.42,275.42
34.00,285,26,2025-07-02,760.26,6,75.00,685.26,25.00,428.94,Delivered,Card,215.07,108.07
35.00,147,11,2025-07-21,984.39,,0.00,984.39,35.00,610.69,Cancelled,Wallet,0.00,0.00
36.00,155,2,2025-07-08,276.27,,0.00,276.27,35.00,154.75,Delivered,Cash,84.73,52.73
37.00,218,28,2025-01-12,465.23,,0.00,465.23,25.00,265.05,Delivered,Wallet,141.31,109.31
38.00,277,16,2025-05-15,671.33,,0.00,671.33,25.00,382.77,Delivered,Cash,159.27,127.27
39.00,265,24,2025-09-25,418.69,,0.00,418.69,35.00,255.97,Delivered,Cash,118.74,86.74
40.00,60,10,2025-10-23,356.48,,0.00,356.48,55.00,197.28,Delivered,Cash,119.17,87.17
41.00,216,22,2025-05-26,413.46,,0.00,413.46,35.00,246.31,Delivered,Wallet,138.37,106.37
42.00,159,16,2025-02-09,427.61,,0.00,427.61,35.00,262.32,Delivered,Cash,120.52,88.52
43.00,150,11,2025-02-08,347.68,,0.00,347.68,55.00,202.16,Cancelled,UPI,0.00,0.00
44.00,116,8,2025-12-03,660.75,,0.00,660.75,45.00,347.48,Delivered,UPI,177.15,145.15
45.00,159,18,2025-05-05,778.48,,0.00,778.48,25.00,469.42,Delivered,Card,165.13,133.13
46.00,19,1,2025-05-03,478.10,,0.00,478.10,25.00,280.06,Delivered,Card,130.18,98.18
47.00,222,27,2025-01-23,876.18,,0.00,876.18,45.00,487.25,Delivered,Card,237.76,205.76
48.00,1,29,2025-09-15,840.67,,0.00,840.67,0.00,454.55,Delivered,UPI,184.95,152.95
49.00,157,23,2025-03-20,811.98,,0.00,811.98,45.00,424.75,Delivered,Cash,191.16,159.16
50.00,118,27,2025-03-17,524.25,,0.00,524.25,45.00,283.48,Delivered,Wallet,160.33,128.33
51.00,274,16,2025-11-11,908.71,7,241.34,667.37,55.00,578.15,Delivered,Cash,236.74,-36.60
52.00,114,10,2025-04-05,798.77,,0.00,798.77,55.00,422.90,Delivered,Cash,198.78,166.78
53.00,133,30,2025-07-19,704.65,,0.00,704.65,55.00,420.59,Delivered,Card,195.93,163.93
54.00,242,14,2025-01-12,889.82,,0.00,889.82,0.00,558.93,Delivered,Card,222.46,190.46
55.00,172,5,2025-10-26,638.62,,0.00,638.62,45.00,341.79,Delivered,Cash,172.72,140.72
56.00,183,19,2025-06-16,412.86,,0.00,412.86,25.00,226.08,Cancelled,Card,0.00,0.00
57.00,145,28,2025-05-12,234.89,,0.00,234.89,35.00,135.11,Delivered,Cash,93.72,61.72
58.00,294,7,2025-04-10,1153.29,,0.00,1153.29,35.00,620.91,Cancelled,Cash,0.00,0.00
59.00,55,2,2025-10-18,1081.62,6,75.00,1006.62,45.00,579.03,Delivered,Cash,239.69,132.69
60.00,299,25,2025-02-26,361.80,,0.00,361.80,45.00,231.42,Delivered,UPI,124.60,92.60
61.00,14,1,2025-12-02,553.16,,0.00,553.16,25.00,346.48,Delivered,Card,146.70,114.70
62.00,290,28,2025-02-13,1367.68,,0.00,1367.68,45.00,776.82,Delivered,Card,386.92,354.92
63.00,20,3,2025-06-05,371.39,,0.00,371.39,45.00,227.57,Delivered,Card,137.85,105.85
64.00,50,9,2025-03-10,355.54,,0.00,355.54,35.00,220.26,Delivered,Cash,99.00,67.00
65.00,261,26,2025-11-03,917.69,,0.00,917.69,0.00,537.07,Delivered,Card,229.42,197.42
66.00,196,30,2025-08-14,2555.77,,0.00,2555.77,0.00,1530.21,Delivered,UPI,511.15,479.15
67.00,258,7,2025-10-21,572.93,,0.00,572.93,55.00,311.44,Delivered,UPI,169.59,137.59
68.00,95,24,2025-01-27,623.79,,0.00,623.79,35.00,349.65,Delivered,Wallet,159.76,127.76
69.00,103,14,2025-01-30,301.46,,0.00,301.46,45.00,189.71,Delivered,Card,120.37,88.37
70.00,90,16,2025-08-31,392.83,,0.00,392.83,35.00,248.93,Delivered,Wallet,113.57,81.57
71.00,294,22,2025-10-26,394.08,,0.00,394.08,0.00,211.47,Delivered,Wallet,98.52,66.52
72.00,123,29,2025-11-12,383.24,,0.00,383.24,45.00,223.41,Delivered,Card,129.31,97.31
73.00,16,13,2025-05-18,270.88,,0.00,270.88,35.00,166.06,Delivered,Cash,94.59,62.59
74.00,260,21,2025-03-31,879.95,,0.00,879.95,25.00,470.94,Delivered,UPI,183.39,151.39
75.00,269,23,2025-06-06,374.88,,0.00,374.88,45.00,209.89,Delivered,Card,112.48,80.48
76.00,180,2,2025-06-23,680.77,,0.00,680.77,25.00,386.39,Delivered,Card,147.54,115.54
77.00,40,14,2025-10-23,257.75,,0.00,257.75,0.00,151.82,Delivered,Cash,64.44,32.44
78.00,202,17,2025-07-05,275.38,,0.00,275.38,25.00,157.76,Delivered,Cash,80.08,48.08
79.00,98,8,2025-02-21,479.01,,0.00,479.01,55.00,249.60,Delivered,Card,150.80,118.80
80.00,170,20,2025-09-06,1270.22,,0.00,1270.22,55.00,802.10,Delivered,UPI,309.04,277.04
81.00,79,10,2025-06-27,231.67,,0.00,231.67,55.00,140.87,Delivered,Cash,96.70,64.70
82.00,79,27,2025-04-26,435.32,,0.00,435.32,0.00,234.55,Delivered,Wallet,95.77,63.77
83.00,157,21,2025-06-10,425.53,,0.00,425.53,0.00,247.14,Delivered,Wallet,76.60,44.60
84.00,247,6,2025-10-13,292.37,,0.00,292.37,25.00,152.19,Delivered,UPI,83.47,51.47
85.00,103,5,2025-11-28,303.14,,0.00,303.14,45.00,179.02,Delivered,Wallet,105.63,73.63
86.00,101,17,2025-06-19,244.30,,0.00,244.30,35.00,135.80,Delivered,Cash,83.86,51.86
87.00,231,14,2025-12-03,421.27,,0.00,421.27,35.00,253.11,Delivered,Card,140.32,108.32
88.00,15,9,2025-05-23,458.19,,0.00,458.19,45.00,239.44,Delivered,Cash,127.47,95.47
89.00,33,26,2025-03-04,400.77,,0.00,400.77,45.00,218.15,Delivered,UPI,145.19,113.19
90.00,139,27,2025-09-03,422.53,,0.00,422.53,0.00,230.60,Delivered,Card,92.96,60.96
91.00,164,19,2025-03-05,662.30,,0.00,662.30,45.00,391.46,Delivered,Wallet,190.71,158.71
92.00,115,15,2025-05-13,233.51,,0.00,233.51,55.00,138.84,Delivered,UPI,101.70,69.70
93.00,174,26,2025-09-21,458.56,,0.00,458.56,35.00,258.52,Delivered,Card,149.64,117.64
94.00,180,21,2025-09-13,313.91,,0.00,313.91,45.00,181.99,Delivered,Card,101.50,69.50
95.00,111,17,2025-09-15,1300.36,,0.00,1300.36,25.00,826.32,Delivered,Card,285.07,253.07
96.00,62,13,2025-12-02,531.60,,0.00,531.60,45.00,315.84,Delivered,UPI,161.95,129.95
97.00,204,28,2025-07-01,338.02,,0.00,338.02,45.00,202.84,Delivered,Wallet,129.51,97.51
98.00,47,3,2025-09-07,571.34,,0.00,571.34,0.00,342.76,Delivered,Wallet,142.84,110.84
99.00,64,26,2025-05-15,428.35,,0.00,428.35,45.00,244.22,Delivered,Card,152.09,120.09
100.00,270,25,2025-07-09,461.18,,0.00,461.18,35.00,272.88,Delivered,UPI,136.46,104.46
101.00,57,17,2025-03-12,457.05,,0.00,457.05,25.00,269.40,Delivered,Card,116.41,84.41
102.00,76,8,2025-05-26,346.07,,0.00,346.07,55.00,214.32,Delivered,Card,124.21,92.21
103.00,241,12,2025-07-09,316.78,,0.00,316.78,35.00,197.35,Delivered,Card,114.20,82.20
104.00,152,23,2025-04-18,251.49,,0.00,251.49,25.00,153.38,Delivered,Cash,70.27,38.27
105.00,135,26,2025-05-20,516.76,,0.00,516.76,25.00,282.63,Delivered,Wallet,154.19,122.19
106.00,203,21,2025-06-14,818.45,,0.00,818.45,45.00,454.59,Delivered,Cash,192.32,160.32
107.00,236,16,2025-11-16,494.15,,0.00,494.15,25.00,284.60,Delivered,UPI,123.83,91.83
108.00,176,12,2025-12-14,1005.41,,0.00,1005.41,55.00,583.32,Delivered,Wallet,306.35,274.35
109.00,242,18,2025-09-17,886.78,,0.00,886.78,25.00,541.60,Delivered,UPI,184.62,152.62
110.00,272,24,2025-04-12,1480.20,,0.00,1480.20,55.00,781.85,Delivered,Wallet,351.04,319.04
111.00,268,29,2025-10-14,537.75,,0.00,537.75,0.00,293.42,Delivered,Cash,118.31,86.31
112.00,73,10,2025-11-14,321.30,,0.00,321.30,45.00,202.70,Delivered,Cash,102.83,70.83
113.00,263,27,2025-09-22,381.22,,0.00,381.22,35.00,219.57,Delivered,Card,118.87,86.87
114.00,55,25,2025-09-13,421.01,,0.00,421.01,55.00,258.67,Delivered,Wallet,147.62,115.62
115.00,35,26,2025-06-25,272.07,4,35.00,237.07,0.00,153.11,Delivered,UPI,68.02,1.02
116.00,247,27,2025-05-13,400.44,,0.00,400.44,45.00,234.01,Delivered,Card,133.10,101.10
117.00,257,23,2025-09-07,450.11,,0.00,450.11,45.00,261.73,Delivered,UPI,126.02,94.02
118.00,282,22,2025-02-20,496.40,,0.00,496.40,45.00,300.83,Delivered,Wallet,169.10,137.10
119.00,27,4,2025-01-31,562.34,,0.00,562.34,45.00,330.66,Delivered,Card,146.22,114.22
120.00,290,15,2025-05-02,868.89,3,120.00,748.89,25.00,495.28,Delivered,Cash,198.78,46.78
121.00,275,3,2025-04-17,490.77,,0.00,490.77,45.00,271.65,Delivered,Wallet,167.69,135.69
122.00,15,25,2025-01-19,299.83,,0.00,299.83,45.00,172.79,Delivered,UPI,110.96,78.96
123.00,291,4,2025-04-22,321.61,,0.00,321.61,35.00,167.44,Delivered,Cash,92.89,60.89
124.00,165,16,2025-11-24,419.07,,0.00,419.07,35.00,250.06,Delivered,Wallet,118.81,86.81
125.00,29,21,2025-07-19,289.06,,0.00,289.06,35.00,170.41,Delivered,Card,87.03,55.03
126.00,186,23,2025-06-09,344.96,,0.00,344.96,0.00,183.15,Delivered,Wallet,62.09,30.09
127.00,219,21,2025-10-19,394.33,,0.00,394.33,25.00,211.06,Delivered,Cash,95.98,63.98
128.00,252,25,2025-08-02,555.78,,0.00,555.78,0.00,345.96,Delivered,Wallet,122.27,90.27
129.00,120,27,2025-07-20,233.60,,0.00,233.60,45.00,130.67,Delivered,Cash,96.39,64.39
130.00,123,13,2025-01-05,659.14,,0.00,659.14,45.00,414.19,Delivered,Wallet,190.01,158.01
131.00,200,25,2025-01-10,443.83,,0.00,443.83,0.00,250.19,Delivered,Cash,97.64,65.64
132.00,289,7,2025-04-16,349.33,,0.00,349.33,55.00,190.90,Delivered,Card,124.87,92.87
133.00,64,1,2025-10-13,430.01,,0.00,430.01,0.00,228.51,Delivered,Card,94.60,62.60
134.00,137,11,2025-05-29,250.52,,0.00,250.52,25.00,140.98,Delivered,Wallet,87.63,55.63
135.00,252,12,2025-08-19,491.49,,0.00,491.49,35.00,269.46,Delivered,UPI,157.87,125.87
136.00,199,19,2025-11-09,556.44,,0.00,556.44,35.00,289.83,Delivered,Wallet,157.42,125.42
137.00,170,7,2025-11-30,496.16,,0.00,496.16,25.00,278.32,Delivered,UPI,124.23,92.23
138.00,82,18,2025-10-27,239.59,,0.00,239.59,0.00,152.45,Delivered,UPI,43.13,11.13
139.00,39,18,2025-11-11,269.38,,0.00,269.38,35.00,161.52,Cancelled,Cash,0.00,0.00
140.00,152,11,2025-12-18,328.40,,0.00,328.40,55.00,191.54,Delivered,Cash,137.10,105.10
141.00,284,23,2025-05-27,375.08,,0.00,375.08,55.00,214.92,Delivered,UPI,122.51,90.51
142.00,59,24,2025-11-25,484.82,,0.00,484.82,25.00,263.62,Delivered,Wallet,121.96,89.96
143.00,40,14,2025-01-11,273.75,,0.00,273.75,0.00,152.82,Cancelled,Cash,0.00,0.00
144.00,45,30,2025-01-03,308.48,,0.00,308.48,0.00,190.76,Delivered,Card,61.70,29.70
145.00,165,9,2025-05-20,336.47,,0.00,336.47,45.00,188.98,Delivered,Wallet,105.56,73.56
146.00,162,22,2025-05-28,457.38,,0.00,457.38,0.00,256.20,Delivered,Card,114.35,82.35
147.00,287,23,2025-06-20,445.98,,0.00,445.98,35.00,243.93,Delivered,Wallet,115.28,83.28
148.00,171,27,2025-08-08,739.55,,0.00,739.55,45.00,451.32,Cancelled,Cash,0.00,0.00
149.00,284,21,2025-01-19,312.79,,0.00,312.79,35.00,173.53,Delivered,Wallet,91.30,59.30
150.00,260,16,2025-11-20,442.89,,0.00,442.89,45.00,243.90,Delivered,Wallet,133.58,101.58
151.00,98,5,2025-09-17,431.95,,0.00,431.95,25.00,249.24,Delivered,UPI,111.39,79.39
152.00,24,12,2025-01-05,283.36,,0.00,283.36,45.00,168.24,Delivered,Cash,115.84,83.84
153.00,242,28,2025-06-26,827.43,,0.00,827.43,25.00,469.35,Delivered,Card,231.86,199.86
154.00,220,6,2025-04-15,355.49,,0.00,355.49,0.00,187.24,Delivered,Wallet,71.10,39.10
155.00,47,1,2025-07-27,1243.55,,0.00,1243.55,35.00,684.96,Delivered,Wallet,308.58,276.58
156.00,205,7,2025-11-17,355.56,,0.00,355.56,35.00,195.33,Cancelled,Wallet,0.00,0.00
157.00,275,15,2025-01-04,333.46,,0.00,333.46,25.00,207.67,Delivered,Wallet,91.69,59.69
158.00,143,19,2025-08-22,669.27,,0.00,669.27,45.00,411.96,Delivered,Card,192.24,160.24
159.00,214,24,2025-01-02,307.97,,0.00,307.97,0.00,177.93,Delivered,Card,61.59,29.59
160.00,133,5,2025-03-06,1217.89,,0.00,1217.89,35.00,636.28,Delivered,Card,278.58,246.58
161.00,93,2,2025-06-16,663.35,,0.00,663.35,0.00,394.76,Delivered,Card,119.40,87.40
162.00,12,16,2025-09-30,507.55,,0.00,507.55,55.00,289.85,Delivered,Card,156.51,124.51
163.00,14,26,2025-12-11,810.95,,0.00,810.95,0.00,495.82,Delivered,Card,202.74,170.74
164.00,273,8,2025-10-08,279.17,,0.00,279.17,45.00,176.91,Delivered,UPI,100.83,68.83
165.00,50,19,2025-06-19,268.60,,0.00,268.60,25.00,171.12,Delivered,UPI,84.09,52.09
166.00,226,27,2025-10-10,547.21,,0.00,547.21,45.00,286.99,Delivered,Wallet,165.39,133.39
167.00,165,9,2025-05-14,723.63,,0.00,723.63,25.00,405.04,Cancelled,Card,0.00,0.00
168.00,85,27,2025-03-17,309.88,,0.00,309.88,0.00,184.23,Delivered,UPI,68.17,36.17
169.00,282,21,2025-06-25,379.47,,0.00,379.47,45.00,231.03,Delivered,Card,113.30,81.30
170.00,268,1,2025-10-27,608.77,,0.00,608.77,35.00,375.26,Delivered,UPI,168.93,136.93
171.00,256,8,2025-09-03,437.76,,0.00,437.76,45.00,239.91,Delivered,Card,132.55,100.55
172.00,57,17,2025-06-28,512.23,,0.00,512.23,35.00,303.14,Delivered,Card,137.45,105.45
173.00,154,26,2025-09-16,694.96,,0.00,694.96,0.00,383.17,Delivered,UPI,173.74,141.74
174.00,179,19,2025-07-31,306.57,,0.00,306.57,35.00,190.48,Delivered,Cash,102.45,70.45
175.00,181,27,2025-10-05,551.43,,0.00,551.43,35.00,320.09,Delivered,Cash,156.31,124.31
176.00,191,9,2025-10-08,323.37,,0.00,323.37,35.00,204.34,Cancelled,Cash,0.00,0.00
177.00,61,7,2025-11-05,345.09,,0.00,345.09,0.00,191.48,Delivered,Card,69.02,37.02
178.00,234,26,2025-04-05,601.30,,0.00,601.30,35.00,368.74,Cancelled,Wallet,0.00,0.00
179.00,87,15,2025-12-09,376.11,,0.00,376.11,45.00,203.53,Delivered,Card,120.22,88.22
180.00,178,20,2025-09-09,517.64,,0.00,517.64,0.00,313.20,Delivered,UPI,103.53,71.53
181.00,254,29,2025-11-15,358.29,,0.00,358.29,55.00,205.14,Delivered,UPI,133.82,101.82
182.00,17,5,2025-07-01,406.75,,0.00,406.75,35.00,220.46,Delivered,Wallet,116.35,84.35
183.00,87,11,2025-11-06,370.02,,0.00,370.02,25.00,212.18,Delivered,Card,117.51,85.51
184.00,9,28,2025-05-04,739.37,,0.00,739.37,55.00,463.13,Delivered,Card,239.84,207.84
185.00,266,21,2025-05-12,258.27,,0.00,258.27,25.00,135.11,Delivered,Wallet,71.49,39.49
186.00,212,18,2025-06-29,781.67,,0.00,781.67,55.00,463.46,Delivered,UPI,195.70,163.70
187.00,284,12,2025-07-14,224.30,,0.00,224.30,55.00,137.62,Delivered,Card,111.08,79.08
188.00,114,30,2025-04-29,244.60,,0.00,244.60,0.00,129.89,Delivered,Card,48.92,16.92
189.00,30,15,2025-06-02,509.32,,0.00,509.32,35.00,283.23,Delivered,Card,136.86,104.86
190.00,254,6,2025-07-11,737.06,,0.00,737.06,25.00,449.14,Delivered,Cash,172.41,140.41
191.00,41,24,2025-03-13,405.32,,0.00,405.32,25.00,242.82,Delivered,Cash,106.06,74.06
192.00,69,28,2025-08-12,327.17,,0.00,327.17,45.00,200.25,Delivered,Wallet,126.79,94.79
193.00,203,1,2025-07-06,638.74,,0.00,638.74,35.00,353.38,Delivered,Cash,175.52,143.52
194.00,125,9,2025-11-25,572.40,6,75.00,497.40,45.00,340.76,Delivered,Cash,148.03,41.03
195.00,53,18,2025-07-12,581.32,3,116.26,465.06,0.00,337.98,Delivered,UPI,104.64,-43.62
196.00,264,8,2025-09-06,1366.75,,0.00,1366.75,55.00,845.25,Delivered,Wallet,328.35,296.35
197.00,97,12,2025-09-16,833.13,,0.00,833.13,45.00,520.96,Delivered,UPI,253.28,221.28
198.00,235,15,2025-02-09,359.24,,0.00,359.24,0.00,188.92,Delivered,Wallet,71.85,39.85
199.00,130,3,2025-09-07,860.64,,0.00,860.64,25.00,532.46,Delivered,Card,240.16,208.16
200.00,288,27,2025-12-15,849.07,,0.00,849.07,0.00,461.79,Delivered,Card,186.80,154.80
201.00,82,29,2025-04-16,425.22,,0.00,425.22,55.00,264.25,Delivered,Wallet,148.55,116.55
202.00,273,23,2025-04-28,357.87,,0.00,357.87,25.00,202.61,Delivered,Wallet,89.42,57.42
203.00,66,15,2025-08-27,591.51,,0.00,591.51,55.00,378.53,Delivered,UPI,173.30,141.30
204.00,107,4,2025-11-15,378.78,,0.00,378.78,0.00,221.77,Delivered,UPI,68.18,36.18
205.00,231,26,2025-04-01,421.65,,0.00,421.65,45.00,250.38,Delivered,Card,150.41,118.41
206.00,245,14,2025-02-27,441.35,,0.00,441.35,35.00,265.01,Delivered,UPI,145.34,113.34
207.00,141,10,2025-06-29,434.20,,0.00,434.20,55.00,264.16,Delivered,Card,133.16,101.16
208.00,289,10,2025-06-12,406.82,,0.00,406.82,0.00,248.21,Delivered,Card,73.23,41.23
209.00,90,2,2025-06-23,785.52,,0.00,785.52,25.00,482.51,Delivered,Wallet,166.39,134.39
210.00,160,19,2025-10-22,590.31,,0.00,590.31,55.00,330.24,Delivered,Wallet,184.87,152.87
211.00,192,1,2025-12-30,1421.48,,0.00,1421.48,0.00,846.97,Delivered,Cash,312.73,280.73
212.00,282,16,2025-07-25,590.60,,0.00,590.60,25.00,315.46,Delivered,UPI,143.12,111.12
213.00,24,16,2025-09-01,899.84,,0.00,899.84,0.00,559.74,Delivered,UPI,179.97,147.97
214.00,176,19,2025-11-17,372.48,,0.00,372.48,35.00,196.74,Delivered,Card,116.95,84.95
215.00,294,8,2025-12-22,389.71,,0.00,389.71,35.00,239.19,Delivered,UPI,112.94,80.94
216.00,131,8,2025-10-30,2666.66,,0.00,2666.66,55.00,1523.52,Delivered,UPI,588.33,556.33
217.00,11,30,2025-05-06,264.72,,0.00,264.72,45.00,156.56,Delivered,Card,97.94,65.94
218.00,169,23,2025-06-16,841.44,,0.00,841.44,25.00,518.71,Cancelled,Wallet,0.00,0.00
219.00,256,16,2025-03-15,250.95,,0.00,250.95,35.00,141.12,Delivered,Wallet,85.19,53.19
220.00,219,26,2025-11-01,305.38,,0.00,305.38,0.00,176.67,Delivered,Card,76.35,44.35
221.00,11,21,2025-02-10,294.02,,0.00,294.02,0.00,186.04,Delivered,Wallet,52.92,20.92
222.00,42,4,2025-06-23,561.62,,0.00,561.62,25.00,293.91,Delivered,Card,126.09,94.09
223.00,140,15,2025-05-11,229.78,,0.00,229.78,45.00,147.05,Delivered,Card,90.96,58.96
224.00,208,1,2025-10-04,249.91,,0.00,249.91,55.00,134.26,Delivered,Card,109.98,77.98
225.00,89,28,2025-10-17,640.84,,0.00,640.84,35.00,339.90,Delivered,Cash,195.21,163.21
226.00,13,25,2025-07-15,657.16,,0.00,657.16,45.00,393.53,Delivered,Cash,189.58,157.58
227.00,173,7,2025-05-24,979.52,,0.00,979.52,45.00,545.48,Delivered,Wallet,240.90,208.90
228.00,6,18,2025-01-30,377.53,,0.00,377.53,25.00,240.06,Delivered,Cash,92.96,60.96
229.00,82,4,2025-07-14,643.63,,0.00,643.63,45.00,392.13,Delivered,Wallet,160.85,128.85
230.00,110,28,2025-08-16,512.58,,0.00,512.58,0.00,322.25,Delivered,Card,128.15,96.15
231.00,73,14,2025-04-21,315.32,,0.00,315.32,35.00,169.90,Delivered,Wallet,113.83,81.83
232.00,293,13,2025-03-17,448.07,,0.00,448.07,25.00,254.61,Delivered,Wallet,123.58,91.58
233.00,163,1,2025-12-15,365.29,,0.00,365.29,0.00,195.68,Delivered,Cash,80.36,48.36
234.00,257,10,2025-06-04,874.55,,0.00,874.55,55.00,466.70,Delivered,Cash,212.42,180.42
235.00,178,2,2025-05-16,626.08,,0.00,626.08,55.00,356.60,Delivered,UPI,167.69,135.69
236.00,258,8,2025-05-05,420.13,,0.00,420.13,25.00,253.99,Delivered,UPI,109.03,77.03
237.00,193,2,2025-11-23,499.35,6,75.00,424.35,25.00,264.46,Delivered,Card,114.88,7.88
238.00,45,1,2025-11-12,621.32,1,150.00,471.32,0.00,324.40,Delivered,Card,136.69,-45.31
239.00,136,1,2025-10-19,541.11,,0.00,541.11,0.00,301.78,Delivered,Card,119.04,87.04
240.00,190,3,2025-07-03,602.03,,0.00,602.03,35.00,369.64,Delivered,Cash,185.51,153.51
241.00,273,27,2025-03-21,462.64,,0.00,462.64,25.00,284.45,Delivered,Cash,126.78,94.78
242.00,136,1,2025-02-27,550.96,,0.00,550.96,0.00,321.29,Delivered,UPI,121.21,89.21
243.00,108,24,2025-07-23,394.27,,0.00,394.27,55.00,224.68,Cancelled,Wallet,0.00,0.00
244.00,180,25,2025-05-15,246.77,,0.00,246.77,0.00,145.70,Delivered,Wallet,54.29,22.29
245.00,180,12,2025-01-01,402.38,,0.00,402.38,55.00,228.82,Delivered,Wallet,155.60,123.60
246.00,98,25,2025-02-22,645.19,,0.00,645.19,45.00,341.00,Delivered,Cash,186.94,154.94
247.00,294,4,2025-08-22,225.98,,0.00,225.98,35.00,123.47,Delivered,Card,75.68,43.68
248.00,127,10,2025-05-07,726.38,,0.00,726.38,55.00,462.29,Delivered,Card,185.75,153.75
249.00,159,21,2025-08-04,435.89,,0.00,435.89,55.00,267.15,Delivered,Cash,133.46,101.46
250.00,44,5,2025-02-11,608.36,,0.00,608.36,55.00,369.08,Delivered,UPI,176.67,144.67
251.00,228,28,2025-10-14,452.16,,0.00,452.16,35.00,286.05,Delivered,Wallet,148.04,116.04
252.00,97,4,2025-06-20,443.73,,0.00,443.73,55.00,264.18,Delivered,Card,134.87,102.87
253.00,156,27,2025-07-31,1206.96,,0.00,1206.96,0.00,727.39,Delivered,Cash,265.53,233.53
254.00,24,16,2025-04-04,253.06,,0.00,253.06,45.00,158.50,Delivered,UPI,95.61,63.61
255.00,45,11,2025-01-18,490.25,,0.00,490.25,45.00,289.51,Delivered,UPI,167.56,135.56
256.00,222,15,2025-03-10,617.78,,0.00,617.78,0.00,325.98,Delivered,Cash,123.56,91.56
257.00,65,11,2025-05-31,223.06,,0.00,223.06,35.00,125.29,Delivered,Card,90.77,58.77
258.00,262,30,2025-05-17,350.74,,0.00,350.74,0.00,210.11,Delivered,Card,70.15,38.15
259.00,169,7,2025-08-01,320.57,,0.00,320.57,55.00,181.76,Delivered,Cash,119.11,87.11
260.00,110,17,2025-12-02,768.44,4,0.00,768.44,0.00,434.10,Delivered,UPI,153.69,121.69
261.00,219,10,2025-06-17,878.66,,0.00,878.66,35.00,507.26,Delivered,UPI,193.16,161.16
262.00,137,21,2025-06-17,1214.45,,0.00,1214.45,0.00,668.57,Delivered,UPI,218.60,186.60
263.00,253,7,2025-03-12,598.21,,0.00,598.21,55.00,376.20,Delivered,Cash,174.64,142.64
264.00,216,15,2025-12-22,767.66,,0.00,767.66,45.00,423.77,Delivered,Wallet,198.53,166.53
265.00,91,19,2025-02-20,424.32,,0.00,424.32,55.00,264.17,Delivered,Card,148.35,116.35
266.00,35,29,2025-11-22,308.04,,0.00,308.04,25.00,160.59,Cancelled,Card,0.00,0.00
267.00,129,27,2025-03-24,1105.18,,0.00,1105.18,25.00,624.74,Delivered,Card,268.14,236.14
268.00,64,27,2025-03-31,345.60,,0.00,345.60,25.00,181.87,Cancelled,Cash,0.00,0.00
269.00,111,4,2025-06-06,331.49,,0.00,331.49,55.00,197.30,Cancelled,UPI,0.00,0.00
270.00,32,3,2025-11-16,587.28,,0.00,587.28,0.00,342.80,Delivered,UPI,146.82,114.82
271.00,249,4,2025-08-19,415.41,,0.00,415.41,55.00,233.09,Cancelled,Wallet,0.00,0.00
272.00,189,14,2025-12-01,638.63,,0.00,638.63,0.00,392.18,Delivered,UPI,159.66,127.66
273.00,199,30,2025-11-09,1224.34,,0.00,1224.34,55.00,781.53,Cancelled,UPI,0.00,0.00
274.00,235,29,2025-05-30,872.72,,0.00,872.72,45.00,493.04,Delivered,UPI,237.00,205.00
275.00,90,9,2025-04-21,912.94,,0.00,912.94,45.00,490.35,Delivered,Card,209.33,177.33
276.00,158,28,2025-10-18,769.11,,0.00,769.11,35.00,472.20,Delivered,UPI,227.28,195.28
277.00,267,30,2025-06-27,631.36,2,100.00,531.36,35.00,373.74,Delivered,Wallet,161.27,29.27
278.00,57,7,2025-03-17,1480.88,,0.00,1480.88,45.00,930.73,Delivered,Wallet,341.18,309.18
279.00,260,25,2025-01-29,857.34,,0.00,857.34,25.00,534.78,Delivered,UPI,213.61,181.61
280.00,196,25,2025-08-19,436.66,,0.00,436.66,35.00,265.36,Delivered,UPI,131.07,99.07
281.00,270,8,2025-07-04,632.52,,0.00,632.52,45.00,394.27,Delivered,Wallet,171.50,139.50
282.00,91,9,2025-11-13,414.65,,0.00,414.65,35.00,226.02,Delivered,Wallet,109.64,77.64
283.00,32,19,2025-06-10,391.58,,0.00,391.58,0.00,227.28,Delivered,Card,86.15,54.15
284.00,287,3,2025-07-15,1170.39,,0.00,1170.39,45.00,611.96,Delivered,UPI,337.60,305.60
285.00,260,27,2025-10-25,598.76,,0.00,598.76,55.00,319.33,Delivered,Wallet,186.73,154.73
286.00,285,10,2025-04-12,503.30,,0.00,503.30,0.00,314.39,Delivered,Cash,90.59,58.59
287.00,190,7,2025-01-18,561.47,,0.00,561.47,35.00,302.98,Delivered,Card,147.29,115.29
288.00,197,23,2025-10-13,787.24,,0.00,787.24,55.00,436.76,Delivered,UPI,196.70,164.70
289.00,213,6,2025-03-01,329.24,,0.00,329.24,0.00,188.47,Delivered,Wallet,65.85,33.85
290.00,283,8,2025-03-22,267.69,,0.00,267.69,25.00,150.30,Delivered,UPI,78.54,46.54
291.00,24,12,2025-06-12,312.73,,0.00,312.73,35.00,165.89,Delivered,Card,113.18,81.18
292.00,132,12,2025-09-24,235.68,,0.00,235.68,35.00,131.12,Cancelled,UPI,0.00,0.00
293.00,33,30,2025-05-22,752.00,,0.00,752.00,25.00,443.25,Delivered,Cash,175.40,143.40
294.00,94,26,2025-12-26,1235.23,,0.00,1235.23,0.00,756.98,Delivered,Cash,308.81,276.81
295.00,42,17,2025-07-29,480.64,,0.00,480.64,0.00,266.66,Delivered,UPI,96.13,64.13
296.00,193,12,2025-04-06,382.92,,0.00,382.92,25.00,216.59,Cancelled,UPI,0.00,0.00
297.00,49,2,2025-01-05,440.33,,0.00,440.33,55.00,234.07,Delivered,Wallet,134.26,102.26
298.00,136,8,2025-01-06,248.94,,0.00,248.94,55.00,145.14,Delivered,UPI,104.79,72.79
299.00,246,28,2025-05-13,453.79,,0.00,453.79,55.00,280.48,Delivered,Cash,168.45,136.45
300.00,101,2,2025-08-27,618.92,,0.00,618.92,35.00,326.70,Delivered,UPI,146.41,114.41
301.00,240,21,2025-06-27,474.26,,0.00,474.26,25.00,272.99,Cancelled,Card,0.00,0.00
302.00,133,15,2025-12-03,1038.91,,0.00,1038.91,25.00,602.43,Delivered,Card,232.78,200.78
303.00,206,30,2025-02-07,519.40,,0.00,519.40,55.00,311.03,Delivered,Wallet,158.88,126.88
304.00,71,5,2025-09-15,288.77,,0.00,288.77,25.00,162.17,Delivered,Wallet,82.75,50.75
305.00,101,6,2025-11-08,1174.12,,0.00,1174.12,35.00,731.33,Delivered,Cash,269.82,237.82
306.00,78,16,2025-02-18,475.66,,0.00,475.66,35.00,267.36,Delivered,Wallet,130.13,98.13
307.00,143,10,2025-05-11,435.37,,0.00,435.37,45.00,267.83,Delivered,UPI,123.37,91.37
308.00,30,3,2025-03-04,767.10,,0.00,767.10,0.00,463.30,Delivered,Wallet,191.78,159.78
309.00,198,17,2025-06-13,606.87,,0.00,606.87,0.00,365.87,Cancelled,Cash,0.00,0.00
310.00,49,23,2025-06-29,464.57,,0.00,464.57,45.00,286.59,Delivered,Card,128.62,96.62
311.00,269,3,2025-12-05,449.29,,0.00,449.29,45.00,248.99,Delivered,UPI,157.32,125.32
312.00,156,9,2025-03-26,482.33,,0.00,482.33,35.00,291.81,Delivered,Wallet,121.82,89.82
313.00,159,3,2025-12-04,572.24,,0.00,572.24,25.00,356.76,Cancelled,Wallet,0.00,0.00
314.00,135,1,2025-08-05,381.15,,0.00,381.15,45.00,220.29,Delivered,Cash,128.85,96.85
315.00,34,16,2025-10-24,1294.45,,0.00,1294.45,0.00,764.06,Delivered,Cash,258.89,226.89
316.00,102,23,2025-06-27,447.06,,0.00,447.06,0.00,277.60,Delivered,Cash,80.47,48.47
317.00,79,1,2025-08-13,498.39,,0.00,498.39,55.00,271.44,Delivered,Cash,164.65,132.65
318.00,260,22,2025-03-28,2134.15,,0.00,2134.15,25.00,1321.55,Delivered,UPI,558.54,526.54
319.00,12,30,2025-01-03,554.28,,0.00,554.28,55.00,304.59,Delivered,Cash,165.86,133.86
320.00,281,27,2025-04-26,859.27,,0.00,859.27,0.00,539.92,Delivered,Wallet,189.04,157.04
321.00,33,17,2025-09-15,337.04,,0.00,337.04,35.00,214.14,Delivered,UPI,102.41,70.41
322.00,144,19,2025-08-04,450.38,,0.00,450.38,55.00,244.97,Delivered,UPI,154.08,122.08
323.00,68,10,2025-06-09,566.38,,0.00,566.38,45.00,355.85,Delivered,Wallet,146.95,114.95
324.00,247,14,2025-12-21,678.13,,0.00,678.13,45.00,411.08,Cancelled,Card,0.00,0.00
325.00,75,17,2025-09-13,1023.41,,0.00,1023.41,0.00,644.74,Delivered,Card,204.68,172.68
326.00,163,4,2025-07-25,667.22,,0.00,667.22,45.00,388.50,Delivered,Card,165.10,133.10
327.00,85,23,2025-08-25,304.52,,0.00,304.52,45.00,171.62,Delivered,Wallet,99.81,67.81
328.00,138,29,2025-01-16,357.06,,0.00,357.06,0.00,195.57,Delivered,UPI,78.55,46.55
329.00,281,27,2025-09-27,1659.55,,0.00,1659.55,25.00,980.23,Cancelled,Card,0.00,0.00
330.00,226,19,2025-06-28,289.39,,0.00,289.39,0.00,160.69,Delivered,Card,63.67,31.67
331.00,53,13,2025-02-15,1262.84,,0.00,1262.84,45.00,722.53,Delivered,Card,322.82,290.82
332.00,46,29,2025-04-26,688.47,,0.00,688.47,25.00,408.15,Delivered,UPI,176.46,144.46
333.00,53,22,2025-01-16,610.46,,0.00,610.46,35.00,389.97,Delivered,Wallet,187.62,155.62
334.00,119,1,2025-05-09,953.51,5,200.00,753.51,35.00,580.30,Delivered,Cash,244.77,12.77
335.00,21,4,2025-09-14,442.03,,0.00,442.03,55.00,262.55,Delivered,Wallet,134.57,102.57
336.00,81,28,2025-03-04,554.89,,0.00,554.89,55.00,352.91,Delivered,Card,193.72,161.72
337.00,9,4,2025-08-12,336.36,,0.00,336.36,55.00,190.17,Delivered,Card,115.54,83.54
338.00,197,26,2025-09-03,695.05,,0.00,695.05,55.00,436.89,Delivered,Card,228.76,196.76
339.00,284,9,2025-11-18,1116.14,,0.00,1116.14,0.00,708.09,Delivered,Cash,200.91,168.91
340.00,145,17,2025-01-08,244.07,,0.00,244.07,45.00,138.71,Cancelled,UPI,0.00,0.00
341.00,39,10,2025-01-07,494.52,,0.00,494.52,45.00,289.72,Delivered,Card,134.01,102.01
342.00,77,2,2025-06-25,589.82,,0.00,589.82,35.00,377.04,Delivered,UPI,141.17,109.17
343.00,296,26,2025-12-02,410.36,,0.00,410.36,25.00,224.44,Delivered,Cash,127.59,95.59
344.00,66,16,2025-09-20,845.85,,0.00,845.85,35.00,534.75,Delivered,Card,204.17,172.17
345.00,23,15,2025-05-21,755.41,,0.00,755.41,0.00,452.83,Delivered,Cash,151.08,119.08
346.00,54,14,2025-01-25,275.85,,0.00,275.85,55.00,167.65,Cancelled,Wallet,0.00,0.00
347.00,223,15,2025-06-04,678.74,4,0.00,678.74,0.00,391.29,Delivered,Wallet,135.75,103.75
348.00,236,22,2025-03-24,403.68,,0.00,403.68,0.00,223.31,Delivered,Wallet,100.92,68.92
349.00,189,15,2025-10-15,221.48,,0.00,221.48,45.00,135.92,Delivered,Card,89.30,57.30
350.00,78,5,2025-09-20,851.72,,0.00,851.72,35.00,497.33,Delivered,Card,205.34,173.34
351.00,81,13,2025-09-07,982.96,,0.00,982.96,45.00,529.58,Cancelled,Wallet,0.00,0.00
352.00,60,20,2025-04-11,259.83,,0.00,259.83,25.00,154.49,Delivered,Cash,76.97,44.97
353.00,196,1,2025-04-17,336.70,,0.00,336.70,35.00,176.80,Cancelled,UPI,0.00,0.00
354.00,207,23,2025-01-18,562.88,,0.00,562.88,25.00,314.39,Delivered,Card,126.32,94.32
355.00,125,23,2025-01-19,909.01,,0.00,909.01,0.00,527.31,Delivered,Cash,163.62,131.62
356.00,109,8,2025-10-17,1011.98,,0.00,1011.98,45.00,624.38,Delivered,Cash,247.40,215.40
357.00,156,24,2025-07-15,461.53,,0.00,461.53,25.00,255.80,Delivered,Wallet,117.31,85.31
358.00,25,14,2025-06-20,690.09,,0.00,690.09,0.00,439.70,Delivered,Wallet,172.52,140.52
359.00,233,17,2025-07-26,621.21,,0.00,621.21,45.00,394.88,Delivered,UPI,169.24,137.24
360.00,299,9,2025-09-01,294.55,,0.00,294.55,45.00,159.25,Delivered,Card,98.02,66.02
361.00,15,4,2025-11-21,305.80,,0.00,305.80,0.00,167.28,Cancelled,Card,0.00,0.00
362.00,241,21,2025-02-27,1500.22,,0.00,1500.22,45.00,932.07,Delivered,Cash,315.04,283.04
363.00,116,27,2025-07-26,1046.77,,0.00,1046.77,25.00,635.52,Delivered,UPI,255.29,223.29
364.00,57,14,2025-03-29,471.89,,0.00,471.89,45.00,246.24,Delivered,Card,162.97,130.97
365.00,146,10,2025-05-18,484.61,,0.00,484.61,45.00,286.00,Delivered,Card,132.23,100.23
366.00,83,25,2025-10-31,850.62,,0.00,850.62,25.00,481.46,Delivered,Wallet,212.14,180.14
367.00,214,2,2025-09-20,538.15,,0.00,538.15,35.00,292.92,Delivered,UPI,131.87,99.87
368.00,272,4,2025-02-22,422.05,,0.00,422.05,0.00,240.22,Delivered,Card,75.97,43.97
369.00,14,26,2025-01-31,452.41,,0.00,452.41,45.00,270.95,Delivered,Card,158.10,126.10
370.00,126,6,2025-09-18,491.33,,0.00,491.33,45.00,278.28,Delivered,Cash,143.27,111.27
371.00,5,27,2025-02-22,337.45,,0.00,337.45,0.00,206.57,Delivered,Cash,74.24,42.24
372.00,276,1,2025-07-19,1066.02,,0.00,1066.02,45.00,563.55,Delivered,UPI,279.52,247.52
373.00,215,30,2025-03-06,449.97,,0.00,449.97,45.00,279.92,Delivered,Card,134.99,102.99
374.00,50,19,2025-03-23,1040.88,,0.00,1040.88,55.00,657.50,Delivered,Wallet,283.99,251.99
375.00,72,9,2025-06-13,295.85,,0.00,295.85,45.00,161.67,Delivered,Cash,98.25,66.25
376.00,127,3,2025-08-28,763.20,,0.00,763.20,45.00,427.05,Delivered,Cash,235.80,203.80
377.00,106,2,2025-12-17,415.83,,0.00,415.83,45.00,216.26,Delivered,Cash,119.85,87.85
378.00,233,17,2025-11-21,529.02,,0.00,529.02,55.00,297.45,Delivered,UPI,160.80,128.80
379.00,237,20,2025-04-06,1010.92,,0.00,1010.92,0.00,639.34,Delivered,Card,202.18,170.18
380.00,130,14,2025-12-03,225.53,,0.00,225.53,0.00,133.78,Delivered,Wallet,56.38,24.38
381.00,170,23,2025-04-02,356.60,,0.00,356.60,0.00,194.42,Delivered,Card,64.19,32.19
382.00,17,13,2025-07-07,454.97,,0.00,454.97,35.00,239.58,Delivered,Cash,135.09,103.09
383.00,91,7,2025-01-01,307.49,,0.00,307.49,45.00,169.01,Delivered,Wallet,106.50,74.50
384.00,15,12,2025-12-31,770.42,,0.00,770.42,45.00,473.94,Delivered,Wallet,237.61,205.61
385.00,158,11,2025-07-24,341.31,,0.00,341.31,35.00,199.41,Delivered,Cash,120.33,88.33
386.00,268,20,2025-02-06,257.52,,0.00,257.52,35.00,161.60,Delivered,Card,86.50,54.50
387.00,298,23,2025-10-12,268.49,,0.00,268.49,45.00,153.59,Delivered,Wallet,93.33,61.33
388.00,133,1,2025-09-27,575.87,,0.00,575.87,0.00,314.18,Delivered,Card,126.69,94.69
389.00,298,19,2025-02-09,542.94,,0.00,542.94,25.00,296.92,Delivered,UPI,144.45,112.45
390.00,217,26,2025-07-03,415.30,,0.00,415.30,0.00,221.84,Delivered,Cash,103.83,71.83
391.00,169,13,2025-09-19,794.12,,0.00,794.12,35.00,423.30,Delivered,Wallet,209.71,177.71
392.00,183,7,2025-10-08,972.88,,0.00,972.88,25.00,613.05,Delivered,Card,219.58,187.58
393.00,257,25,2025-09-29,529.21,,0.00,529.21,25.00,306.41,Delivered,UPI,141.43,109.43
394.00,35,6,2025-06-18,677.22,,0.00,677.22,45.00,366.28,Delivered,Cash,180.44,148.44
395.00,123,14,2025-03-13,1500.42,,0.00,1500.42,0.00,859.99,Delivered,Cash,375.11,343.11
396.00,118,20,2025-12-03,367.47,,0.00,367.47,35.00,228.98,Delivered,Card,108.49,76.49
397.00,52,23,2025-05-02,421.38,,0.00,421.38,45.00,235.39,Delivered,Cash,120.85,88.85
398.00,120,14,2025-09-24,516.98,4,45.00,471.98,0.00,328.57,Delivered,Cash,129.25,52.25
399.00,22,12,2025-02-22,292.89,,0.00,292.89,45.00,174.16,Delivered,Card,118.22,86.22
400.00,243,1,2025-08-23,742.62,,0.00,742.62,55.00,442.01,Delivered,Card,218.38,186.38
401.00,284,15,2025-07-13,307.75,,0.00,307.75,55.00,173.28,Delivered,Wallet,116.55,84.55
402.00,186,20,2025-02-03,272.14,,0.00,272.14,0.00,167.22,Delivered,Wallet,54.43,22.43
403.00,266,1,2025-07-18,554.51,8,180.00,374.51,55.00,307.54,Delivered,Wallet,176.99,-35.01
404.00,197,29,2025-06-19,907.74,,0.00,907.74,35.00,568.04,Delivered,UPI,234.70,202.70
405.00,238,1,2025-06-24,364.99,,0.00,364.99,55.00,200.62,Delivered,Wallet,135.30,103.30
406.00,179,18,2025-07-22,522.39,,0.00,522.39,0.00,313.12,Delivered,Card,94.03,62.03
407.00,167,23,2025-08-05,491.32,,0.00,491.32,25.00,306.70,Delivered,UPI,113.44,81.44
408.00,84,4,2025-10-05,353.18,,0.00,353.18,0.00,184.75,Delivered,Wallet,63.57,31.57
409.00,179,22,2025-05-12,280.40,,0.00,280.40,55.00,178.29,Delivered,UPI,125.10,93.10
410.00,135,27,2025-12-28,538.54,6,75.00,463.54,55.00,319.71,Delivered,Card,173.48,66.48
411.00,9,26,2025-06-25,502.48,,0.00,502.48,45.00,277.12,Delivered,Card,170.62,138.62
412.00,231,29,2025-03-07,436.85,,0.00,436.85,45.00,250.27,Delivered,Cash,141.11,109.11
413.00,144,25,2025-12-19,484.16,,0.00,484.16,25.00,274.35,Delivered,Cash,131.52,99.52
414.00,202,6,2025-01-01,237.67,,0.00,237.67,35.00,146.35,Cancelled,Wallet,0.00,0.00
415.00,26,29,2025-11-11,373.03,,0.00,373.03,35.00,222.23,Delivered,Card,117.07,85.07
416.00,9,18,2025-10-11,545.80,,0.00,545.80,55.00,298.07,Delivered,Wallet,153.24,121.24
417.00,295,9,2025-11-30,229.47,,0.00,229.47,35.00,145.55,Delivered,Card,76.30,44.30
418.00,100,8,2025-03-24,864.88,,0.00,864.88,35.00,518.47,Delivered,Wallet,207.98,175.98
419.00,155,27,2025-04-18,528.37,,0.00,528.37,55.00,323.12,Delivered,Cash,171.24,139.24
420.00,69,8,2025-10-07,1129.43,,0.00,1129.43,45.00,641.52,Delivered,Card,270.89,238.89
421.00,123,24,2025-12-15,429.26,,0.00,429.26,55.00,237.62,Cancelled,Card,0.00,0.00
422.00,85,29,2025-08-10,222.18,,0.00,222.18,0.00,141.42,Delivered,UPI,48.88,16.88
423.00,249,25,2025-05-29,626.97,,0.00,626.97,0.00,348.26,Delivered,Wallet,137.93,105.93
424.00,265,15,2025-11-08,405.15,,0.00,405.15,45.00,243.13,Delivered,UPI,126.03,94.03
425.00,181,7,2025-05-15,396.85,,0.00,396.85,55.00,218.25,Cancelled,Card,0.00,0.00
426.00,226,25,2025-02-04,328.09,,0.00,328.09,55.00,203.21,Delivered,Cash,127.18,95.18
427.00,278,29,2025-04-20,310.71,,0.00,310.71,45.00,197.18,Delivered,Wallet,113.36,81.36
428.00,203,13,2025-09-07,506.74,,0.00,506.74,25.00,280.21,Delivered,Card,136.48,104.48
429.00,54,8,2025-08-25,522.05,,0.00,522.05,25.00,296.53,Delivered,Card,129.41,97.41
430.00,176,19,2025-01-15,262.07,,0.00,262.07,35.00,150.70,Delivered,Wallet,92.66,60.66
431.00,181,9,2025-12-31,568.05,,0.00,568.05,45.00,348.98,Delivered,Card,147.25,115.25
432.00,159,21,2025-03-11,693.07,,0.00,693.07,45.00,409.01,Delivered,UPI,169.75,137.75
433.00,152,1,2025-10-02,1322.51,,0.00,1322.51,0.00,789.68,Delivered,Cash,290.95,258.95
434.00,94,18,2025-04-17,616.31,,0.00,616.31,55.00,329.31,Delivered,Cash,165.94,133.94
435.00,217,14,2025-12-12,436.92,,0.00,436.92,45.00,247.65,Delivered,UPI,154.23,122.23
436.00,130,17,2025-07-11,420.13,,0.00,420.13,0.00,268.86,Delivered,Cash,84.03,52.03
437.00,290,21,2025-08-02,312.62,,0.00,312.62,35.00,186.08,Delivered,Cash,91.27,59.27
438.00,52,29,2025-12-22,935.33,6,75.00,860.33,35.00,505.99,Delivered,Cash,240.77,133.77
439.00,109,30,2025-01-28,489.71,,0.00,489.71,35.00,293.75,Delivered,Wallet,132.94,100.94
440.00,77,20,2025-07-27,949.35,,0.00,949.35,55.00,590.31,Delivered,UPI,244.87,212.87
441.00,169,20,2025-11-16,295.78,,0.00,295.78,45.00,177.48,Delivered,Card,104.16,72.16
442.00,19,22,2025-10-22,272.91,,0.00,272.91,25.00,149.40,Delivered,Wallet,93.23,61.23
443.00,137,13,2025-06-20,420.08,,0.00,420.08,55.00,237.67,Delivered,UPI,147.42,115.42
444.00,1,12,2025-04-22,610.16,,0.00,610.16,35.00,361.76,Delivered,UPI,187.54,155.54
445.00,164,16,2025-05-07,881.93,,0.00,881.93,25.00,559.01,Delivered,Cash,201.39,169.39
446.00,137,8,2025-09-28,341.32,,0.00,341.32,25.00,195.06,Delivered,Wallet,93.26,61.26
447.00,188,8,2025-10-31,368.60,,0.00,368.60,55.00,211.74,Delivered,UPI,128.72,96.72
448.00,42,4,2025-09-24,630.20,,0.00,630.20,45.00,329.40,Delivered,Cash,158.44,126.44
449.00,71,2,2025-09-05,1450.41,,0.00,1450.41,35.00,861.45,Delivered,Cash,296.07,264.07
450.00,68,1,2025-09-22,577.11,,0.00,577.11,45.00,303.22,Delivered,Cash,171.96,139.96
451.00,70,27,2025-02-12,434.75,,0.00,434.75,0.00,239.51,Delivered,Card,95.65,63.65
452.00,201,11,2025-10-20,328.58,,0.00,328.58,45.00,178.56,Delivered,Card,127.15,95.15
453.00,74,30,2025-06-08,437.60,,0.00,437.60,0.00,256.14,Delivered,Cash,87.52,55.52
454.00,247,18,2025-01-16,659.45,,0.00,659.45,45.00,389.67,Delivered,UPI,163.70,131.70
455.00,205,17,2025-04-21,224.05,,0.00,224.05,0.00,117.90,Delivered,Cash,44.81,12.81
456.00,159,4,2025-12-29,469.77,,0.00,469.77,25.00,300.20,Delivered,Cash,109.56,77.56
457.00,210,14,2025-09-09,766.68,,0.00,766.68,0.00,437.85,Delivered,Cash,191.67,159.67
458.00,206,18,2025-12-04,417.66,,0.00,417.66,0.00,223.21,Delivered,Cash,75.18,43.18
459.00,283,20,2025-12-25,251.23,4,55.00,196.23,0.00,153.73,Delivered,Card,50.25,-36.75
460.00,87,6,2025-02-02,396.49,,0.00,396.49,0.00,245.20,Delivered,UPI,79.30,47.30
461.00,54,17,2025-10-23,323.08,,0.00,323.08,25.00,178.21,Delivered,Wallet,89.62,57.62
462.00,210,26,2025-05-21,298.05,,0.00,298.05,45.00,169.88,Cancelled,Wallet,0.00,0.00
463.00,145,2,2025-08-18,933.56,,0.00,933.56,35.00,485.48,Delivered,UPI,203.04,171.04
464.00,211,19,2025-08-05,323.26,,0.00,323.26,55.00,204.37,Delivered,Wallet,126.12,94.12
465.00,18,16,2025-11-16,1172.22,,0.00,1172.22,25.00,708.10,Delivered,UPI,259.44,227.44
466.00,256,6,2025-07-14,601.73,,0.00,601.73,55.00,331.73,Delivered,Card,175.35,143.35
467.00,33,27,2025-07-13,420.28,,0.00,420.28,25.00,251.20,Delivered,Wallet,117.46,85.46
468.00,169,23,2025-07-19,1064.29,,0.00,1064.29,35.00,633.05,Delivered,Wallet,226.57,194.57
469.00,228,18,2025-02-11,222.02,,0.00,222.02,55.00,126.31,Delivered,UPI,94.96,62.96
470.00,279,3,2025-02-13,284.36,,0.00,284.36,0.00,157.73,Delivered,Wallet,71.09,39.09
471.00,78,19,2025-06-09,472.12,,0.00,472.12,45.00,269.75,Delivered,UPI,148.87,116.87
472.00,116,7,2025-05-01,825.98,,0.00,825.98,45.00,502.95,Delivered,Wallet,210.20,178.20
473.00,276,10,2025-04-06,697.43,,0.00,697.43,45.00,402.91,Delivered,Wallet,170.54,138.54
474.00,73,30,2025-04-29,825.90,,0.00,825.90,45.00,470.20,Delivered,UPI,210.18,178.18
475.00,285,5,2025-05-20,929.54,,0.00,929.54,35.00,550.46,Cancelled,Card,0.00,0.00
476.00,21,6,2025-10-04,417.96,,0.00,417.96,25.00,237.48,Delivered,Cash,108.59,76.59
477.00,218,28,2025-10-13,638.49,,0.00,638.49,0.00,381.13,Delivered,Wallet,159.62,127.62
478.00,40,8,2025-04-05,291.15,,0.00,291.15,25.00,163.44,Delivered,Card,83.23,51.23
479.00,1,1,2025-07-31,441.77,,0.00,441.77,0.00,279.75,Delivered,Wallet,97.19,65.19
480.00,158,22,2025-01-27,307.04,,0.00,307.04,0.00,170.80,Delivered,UPI,76.76,44.76
481.00,200,11,2025-03-09,268.14,,0.00,268.14,0.00,157.27,Delivered,Card,67.04,35.04
482.00,228,5,2025-06-29,278.07,,0.00,278.07,0.00,169.80,Delivered,Cash,55.61,23.61
483.00,126,21,2025-06-29,1023.06,,0.00,1023.06,0.00,574.14,Delivered,Card,184.15,152.15
484.00,237,19,2025-03-24,333.24,,0.00,333.24,0.00,189.93,Delivered,Card,73.31,41.31
485.00,20,26,2025-09-18,261.42,,0.00,261.42,0.00,161.61,Delivered,UPI,65.36,33.36
486.00,108,18,2025-03-12,321.39,,0.00,321.39,45.00,168.71,Delivered,Wallet,102.85,70.85
487.00,255,18,2025-03-08,426.49,,0.00,426.49,55.00,269.73,Delivered,Card,131.77,99.77
488.00,84,7,2025-05-05,493.65,,0.00,493.65,0.00,300.44,Delivered,Wallet,98.73,66.73
489.00,49,13,2025-01-25,275.46,,0.00,275.46,55.00,168.56,Delivered,Card,115.60,83.60
490.00,137,5,2025-12-17,482.81,,0.00,482.81,25.00,295.48,Delivered,Wallet,121.56,89.56
491.00,200,15,2025-10-15,504.88,,0.00,504.88,0.00,307.41,Delivered,UPI,100.98,68.98
492.00,294,28,2025-08-23,462.71,8,157.43,305.28,55.00,244.86,Delivered,UPI,170.68,-18.75
493.00,3,17,2025-10-04,268.18,,0.00,268.18,25.00,149.67,Delivered,UPI,78.64,46.64
494.00,285,11,2025-08-18,603.15,,0.00,603.15,25.00,381.05,Delivered,Wallet,175.79,143.79
495.00,136,9,2025-04-13,309.34,,0.00,309.34,35.00,197.26,Delivered,Cash,90.68,58.68
496.00,96,17,2025-07-01,327.79,,0.00,327.79,35.00,187.26,Delivered,UPI,100.56,68.56
497.00,183,2,2025-12-24,816.47,,0.00,816.47,25.00,458.84,Delivered,Cash,171.96,139.96
498.00,204,8,2025-02-14,774.42,,0.00,774.42,55.00,404.43,Delivered,Wallet,209.88,177.88
499.00,88,24,2025-03-18,484.04,,0.00,484.04,25.00,280.02,Delivered,Cash,121.81,89.81
500.00,164,16,2025-12-11,233.86,,0.00,233.86,25.00,126.17,Cancelled,UPI,0.00,0.00
501.00,55,14,2025-02-03,486.04,,0.00,486.04,25.00,256.29,Cancelled,UPI,0.00,0.00
502.00,153,16,2025-08-28,739.76,,0.00,739.76,25.00,418.76,Delivered,Card,172.95,140.95
503.00,27,26,2025-05-09,856.86,,0.00,856.86,35.00,486.90,Delivered,Card,249.22,217.22
504.00,85,18,2025-05-26,667.50,,0.00,667.50,25.00,355.67,Delivered,Cash,145.15,113.15
505.00,78,19,2025-04-08,699.81,,0.00,699.81,0.00,368.81,Delivered,Cash,153.96,121.96
506.00,229,27,2025-01-28,306.60,,0.00,306.60,35.00,189.07,Delivered,Wallet,102.45,70.45
507.00,221,4,2025-01-04,287.81,,0.00,287.81,0.00,176.50,Delivered,Card,51.81,19.81
508.00,185,3,2025-07-13,497.02,,0.00,497.02,25.00,276.41,Delivered,Card,149.26,117.26
509.00,15,1,2025-01-29,341.32,,0.00,341.32,25.00,178.37,Delivered,Card,100.09,68.09
510.00,114,1,2025-04-26,303.74,,0.00,303.74,35.00,187.15,Delivered,Wallet,101.82,69.82
511.00,224,29,2025-08-28,294.31,,0.00,294.31,45.00,166.26,Delivered,UPI,109.75,77.75
512.00,137,17,2025-07-04,2352.11,,0.00,2352.11,0.00,1270.21,Delivered,UPI,470.42,438.42
513.00,299,26,2025-08-31,466.56,,0.00,466.56,45.00,259.50,Delivered,Cash,161.64,129.64
514.00,262,19,2025-08-19,538.83,,0.00,538.83,0.00,338.51,Delivered,Wallet,118.54,86.54
515.00,159,19,2025-02-06,503.73,,0.00,503.73,45.00,306.30,Delivered,Wallet,155.82,123.82
516.00,235,23,2025-03-31,256.48,,0.00,256.48,25.00,146.73,Delivered,Cash,71.17,39.17
517.00,78,20,2025-07-18,936.68,,0.00,936.68,25.00,525.55,Delivered,Cash,212.34,180.34
518.00,19,13,2025-11-04,516.99,1,150.00,366.99,0.00,274.83,Delivered,Wallet,113.74,-68.26
519.00,120,5,2025-01-05,225.17,,0.00,225.17,35.00,143.56,Delivered,Card,80.03,48.03
520.00,157,7,2025-11-15,764.75,,0.00,764.75,35.00,454.28,Delivered,Card,187.95,155.95
521.00,105,22,2025-11-09,1302.29,7,250.00,1052.29,45.00,787.32,Delivered,Card,370.57,88.57
522.00,114,26,2025-04-02,614.73,,0.00,614.73,0.00,369.49,Delivered,Cash,153.68,121.68
523.00,185,30,2025-08-13,410.17,,0.00,410.17,45.00,232.45,Delivered,Wallet,127.03,95.03
524.00,225,20,2025-05-07,530.62,,0.00,530.62,45.00,301.02,Delivered,Wallet,151.12,119.12
525.00,173,3,2025-10-09,539.77,,0.00,539.77,25.00,281.48,Delivered,Wallet,159.94,127.94
526.00,40,12,2025-04-23,403.93,,0.00,403.93,55.00,216.59,Delivered,Card,155.98,123.98
527.00,137,19,2025-11-14,254.96,,0.00,254.96,35.00,154.89,Delivered,Card,91.09,59.09
528.00,154,19,2025-11-19,1416.75,,0.00,1416.75,35.00,802.90,Delivered,Card,346.69,314.69
529.00,241,18,2025-12-18,648.30,,0.00,648.30,25.00,403.54,Delivered,Card,141.69,109.69
530.00,37,4,2025-05-06,526.05,,0.00,526.05,45.00,312.47,Delivered,Card,139.69,107.69
531.00,263,8,2025-01-15,291.49,,0.00,291.49,25.00,155.10,Cancelled,Wallet,0.00,0.00
532.00,134,13,2025-07-15,701.56,,0.00,701.56,55.00,407.43,Delivered,Cash,209.34,177.34
533.00,27,3,2025-01-14,1404.48,,0.00,1404.48,45.00,823.30,Delivered,UPI,396.12,364.12
534.00,122,14,2025-06-07,727.93,,0.00,727.93,55.00,407.10,Delivered,Card,236.98,204.98
535.00,120,14,2025-09-13,334.23,,0.00,334.23,0.00,178.73,Delivered,Card,83.56,51.56
536.00,64,23,2025-01-28,280.94,,0.00,280.94,45.00,150.80,Delivered,Card,95.57,63.57
537.00,10,16,2025-11-08,382.13,,0.00,382.13,55.00,208.17,Delivered,Wallet,131.43,99.43
538.00,112,14,2025-10-25,721.81,,0.00,721.81,35.00,446.36,Delivered,UPI,215.45,183.45
539.00,51,21,2025-08-27,433.14,,0.00,433.14,25.00,254.00,Delivered,Card,102.97,70.97
540.00,26,18,2025-04-04,647.37,,0.00,647.37,45.00,368.31,Delivered,Card,161.53,129.53
541.00,63,23,2025-03-31,404.57,,0.00,404.57,35.00,254.39,Delivered,UPI,107.82,75.82
542.00,16,27,2025-11-06,654.23,,0.00,654.23,35.00,343.43,Delivered,Wallet,178.93,146.93
543.00,177,25,2025-07-21,392.02,,0.00,392.02,0.00,232.28,Cancelled,Card,0.00,0.00
544.00,63,2,2025-11-28,620.11,3,120.00,500.11,25.00,355.45,Delivered,Card,136.62,-15.38
545.00,191,11,2025-09-16,294.66,,0.00,294.66,35.00,154.50,Delivered,UPI,108.67,76.67
546.00,294,25,2025-06-21,374.50,,0.00,374.50,25.00,220.09,Delivered,Card,107.39,75.39
547.00,177,13,2025-02-24,690.77,,0.00,690.77,0.00,375.39,Delivered,Card,151.97,119.97
548.00,12,17,2025-08-01,372.63,,0.00,372.63,45.00,214.29,Delivered,UPI,119.53,87.53
549.00,163,14,2025-10-29,1022.01,7,250.00,772.01,55.00,533.14,Delivered,UPI,310.50,28.50
550.00,150,27,2025-09-20,553.96,,0.00,553.96,0.00,299.91,Delivered,Wallet,121.87,89.87
551.00,78,3,2025-10-12,423.77,,0.00,423.77,0.00,255.01,Delivered,Cash,105.94,73.94
552.00,100,15,2025-11-21,745.36,2,100.00,645.36,35.00,414.08,Cancelled,UPI,0.00,0.00
553.00,123,17,2025-09-18,800.26,,0.00,800.26,0.00,470.62,Delivered,Card,160.05,128.05
554.00,291,20,2025-11-07,348.37,,0.00,348.37,55.00,196.00,Delivered,Card,124.67,92.67
555.00,185,28,2025-03-29,653.35,,0.00,653.35,45.00,386.18,Cancelled,Card,0.00,0.00
556.00,169,25,2025-11-15,623.15,,0.00,623.15,25.00,377.64,Delivered,Cash,162.09,130.09
557.00,85,2,2025-07-04,378.67,,0.00,378.67,45.00,219.40,Delivered,UPI,113.16,81.16
558.00,138,17,2025-12-29,356.14,,0.00,356.14,35.00,200.21,Delivered,UPI,106.23,74.23
559.00,264,9,2025-10-22,599.03,,0.00,599.03,35.00,341.47,Delivered,Wallet,142.83,110.83
560.00,207,9,2025-08-12,420.64,,0.00,420.64,55.00,225.84,Delivered,Card,130.72,98.72
561.00,209,28,2025-05-28,685.43,,0.00,685.43,35.00,394.54,Cancelled,Card,0.00,0.00
562.00,227,23,2025-03-22,543.71,,0.00,543.71,35.00,289.74,Delivered,UPI,132.87,100.87
563.00,59,13,2025-09-12,304.95,,0.00,304.95,0.00,162.17,Delivered,Card,67.09,35.09
564.00,200,30,2025-02-01,292.67,,0.00,292.67,35.00,154.52,Delivered,Card,93.53,61.53
565.00,157,16,2025-07-06,834.36,,0.00,834.36,0.00,494.53,Delivered,Cash,166.87,134.87
566.00,265,17,2025-07-26,397.70,,0.00,397.70,25.00,240.15,Delivered,Cash,104.54,72.54
567.00,35,9,2025-04-19,398.76,,0.00,398.76,45.00,219.08,Delivered,Cash,116.78,84.78
568.00,58,13,2025-11-03,402.96,,0.00,402.96,55.00,219.54,Delivered,UPI,143.65,111.65
569.00,209,15,2025-05-11,1486.23,,0.00,1486.23,55.00,905.57,Delivered,Cash,352.25,320.25
570.00,259,12,2025-10-25,665.69,,0.00,665.69,55.00,366.81,Delivered,Cash,221.42,189.42
571.00,155,2,2025-12-19,495.65,,0.00,495.65,0.00,308.59,Cancelled,UPI,0.00,0.00
572.00,104,3,2025-11-30,523.04,,0.00,523.04,55.00,280.53,Delivered,Wallet,185.76,153.76
573.00,153,25,2025-03-17,587.45,,0.00,587.45,45.00,314.48,Delivered,UPI,174.24,142.24
574.00,174,1,2025-06-14,298.36,,0.00,298.36,0.00,179.58,Delivered,UPI,65.64,33.64
575.00,142,13,2025-11-24,408.72,,0.00,408.72,0.00,218.00,Delivered,Card,89.92,57.92
576.00,54,21,2025-07-25,845.63,,0.00,845.63,55.00,494.79,Delivered,Card,207.21,175.21
577.00,89,20,2025-04-17,511.83,,0.00,511.83,0.00,312.83,Delivered,Wallet,102.37,70.37
578.00,44,22,2025-12-26,820.75,,0.00,820.75,35.00,482.87,Delivered,Card,240.19,208.19
579.00,172,26,2025-06-25,345.79,,0.00,345.79,45.00,203.42,Delivered,Card,131.45,99.45
580.00,86,21,2025-07-24,397.65,,0.00,397.65,45.00,237.68,Delivered,Cash,116.58,84.58
581.00,142,22,2025-12-24,425.79,,0.00,425.79,45.00,243.71,Delivered,UPI,151.45,119.45
582.00,189,15,2025-09-08,446.02,,0.00,446.02,0.00,276.71,Delivered,Card,89.20,57.20
583.00,157,26,2025-05-07,622.44,,0.00,622.44,0.00,339.38,Cancelled,UPI,0.00,0.00
584.00,17,3,2025-07-21,351.62,,0.00,351.62,0.00,188.80,Delivered,UPI,87.91,55.91
585.00,202,6,2025-06-28,423.35,,0.00,423.35,35.00,245.84,Delivered,UPI,119.67,87.67
586.00,169,20,2025-11-30,321.21,,0.00,321.21,55.00,200.13,Delivered,Cash,119.24,87.24
587.00,208,23,2025-06-12,692.60,,0.00,692.60,25.00,370.97,Delivered,Cash,149.67,117.67
588.00,195,17,2025-03-05,477.67,,0.00,477.67,35.00,284.79,Cancelled,Cash,0.00,0.00
589.00,84,5,2025-07-26,531.56,,0.00,531.56,0.00,301.66,Delivered,UPI,106.31,74.31
590.00,46,27,2025-09-12,381.92,,0.00,381.92,0.00,213.22,Delivered,Wallet,84.02,52.02
591.00,268,25,2025-09-27,252.37,,0.00,252.37,0.00,148.84,Delivered,UPI,55.52,23.52
592.00,34,4,2025-01-10,282.04,,0.00,282.04,45.00,159.30,Delivered,UPI,95.77,63.77
593.00,14,11,2025-04-02,421.42,,0.00,421.42,35.00,230.40,Cancelled,Card,0.00,0.00
594.00,195,22,2025-04-11,981.47,,0.00,981.47,35.00,531.06,Cancelled,UPI,0.00,0.00
595.00,126,10,2025-11-25,315.80,,0.00,315.80,25.00,179.07,Delivered,Cash,81.84,49.84
596.00,121,28,2025-12-07,467.70,,0.00,467.70,55.00,285.19,Delivered,Wallet,171.93,139.93
597.00,180,7,2025-08-26,625.69,,0.00,625.69,25.00,385.51,Delivered,UPI,150.14,118.14
598.00,210,9,2025-12-05,720.49,,0.00,720.49,45.00,423.45,Delivered,Cash,174.69,142.69
599.00,37,8,2025-02-27,360.80,,0.00,360.80,55.00,191.71,Delivered,UPI,127.16,95.16
600.00,113,23,2025-01-02,243.21,,0.00,243.21,25.00,152.53,Delivered,UPI,68.78,36.78
601.00,213,17,2025-12-14,437.15,,0.00,437.15,25.00,233.47,Delivered,UPI,112.43,80.43
602.00,33,15,2025-09-07,1318.65,,0.00,1318.65,35.00,781.92,Delivered,UPI,298.73,266.73
603.00,171,1,2025-04-03,870.30,,0.00,870.30,55.00,528.40,Delivered,Wallet,246.47,214.47
604.00,215,6,2025-01-30,536.86,,0.00,536.86,0.00,279.38,Delivered,Wallet,107.37,75.37
605.00,212,15,2025-10-08,281.28,,0.00,281.28,0.00,166.66,Delivered,Wallet,56.26,24.26
606.00,142,28,2025-09-17,1436.72,,0.00,1436.72,35.00,851.11,Delivered,Card,394.18,362.18
607.00,74,26,2025-07-11,526.41,,0.00,526.41,25.00,278.25,Delivered,Cash,156.60,124.60
608.00,127,8,2025-04-22,445.24,,0.00,445.24,45.00,283.73,Delivered,Card,134.05,102.05
609.00,220,28,2025-08-31,452.43,,0.00,452.43,45.00,272.70,Delivered,Cash,158.11,126.11
610.00,131,19,2025-03-19,460.23,,0.00,460.23,35.00,273.69,Delivered,Card,136.25,104.25
611.00,218,8,2025-10-31,840.93,7,213.74,627.19,0.00,463.79,Delivered,Cash,168.19,-77.55
612.00,150,4,2025-06-01,683.95,,0.00,683.95,45.00,368.35,Delivered,Cash,168.11,136.11
613.00,138,24,2025-11-03,301.96,,0.00,301.96,0.00,174.51,Delivered,UPI,60.39,28.39
614.00,56,24,2025-02-24,389.90,,0.00,389.90,25.00,236.29,Delivered,UPI,102.98,70.98
615.00,287,19,2025-01-22,263.49,,0.00,263.49,45.00,137.05,Delivered,Card,102.97,70.97
616.00,175,25,2025-08-16,388.37,,0.00,388.37,45.00,235.04,Delivered,Card,130.44,98.44
617.00,144,23,2025-06-21,372.18,,0.00,372.18,0.00,230.00,Delivered,Cash,66.99,34.99
618.00,18,16,2025-10-23,441.49,,0.00,441.49,55.00,233.60,Delivered,Card,143.30,111.30
619.00,124,9,2025-04-14,450.31,,0.00,450.31,45.00,235.13,Delivered,Wallet,126.06,94.06
620.00,103,5,2025-08-10,892.46,6,75.00,817.46,55.00,533.82,Delivered,Card,233.49,126.49
621.00,11,24,2025-09-25,391.57,,0.00,391.57,35.00,233.66,Delivered,Cash,113.31,81.31
622.00,277,12,2025-06-29,465.96,,0.00,465.96,55.00,264.35,Delivered,Cash,171.49,139.49
623.00,162,5,2025-04-07,319.85,,0.00,319.85,55.00,169.31,Delivered,Wallet,118.97,86.97
624.00,39,18,2025-08-31,728.30,5,156.32,571.98,55.00,420.57,Delivered,Card,186.09,-2.23
625.00,161,2,2025-02-25,584.94,,0.00,584.94,0.00,369.97,Cancelled,UPI,0.00,0.00
626.00,56,7,2025-12-17,284.99,,0.00,284.99,35.00,169.86,Delivered,UPI,92.00,60.00
627.00,34,22,2025-02-02,405.04,,0.00,405.04,0.00,223.54,Delivered,Wallet,101.26,69.26
628.00,202,19,2025-01-12,1298.94,,0.00,1298.94,0.00,678.34,Cancelled,Cash,0.00,0.00
629.00,207,29,2025-01-06,656.70,,0.00,656.70,45.00,348.94,Delivered,Wallet,189.47,157.47
630.00,172,8,2025-11-01,565.54,,0.00,565.54,35.00,315.19,Cancelled,Cash,0.00,0.00
631.00,299,6,2025-09-18,785.48,,0.00,785.48,45.00,479.85,Delivered,Card,202.10,170.10
632.00,34,20,2025-04-04,798.42,,0.00,798.42,25.00,464.70,Delivered,UPI,184.68,152.68
633.00,115,9,2025-06-09,684.32,2,100.00,584.32,55.00,430.83,Delivered,Wallet,178.18,46.18
634.00,205,2,2025-09-28,233.69,,0.00,233.69,0.00,132.41,Delivered,UPI,42.06,10.06
635.00,293,2,2025-08-06,309.59,,0.00,309.59,25.00,181.73,Delivered,Card,80.73,48.73
636.00,20,21,2025-11-25,688.41,,0.00,688.41,45.00,381.56,Delivered,Card,168.91,136.91
637.00,212,14,2025-02-14,364.92,,0.00,364.92,25.00,196.62,Delivered,Card,116.23,84.23
638.00,294,22,2025-12-22,310.25,,0.00,310.25,55.00,185.77,Delivered,Cash,132.56,100.56
639.00,201,20,2025-02-13,320.09,,0.00,320.09,55.00,201.17,Delivered,UPI,119.02,87.02
640.00,208,22,2025-06-05,389.47,,0.00,389.47,45.00,246.98,Cancelled,UPI,0.00,0.00
641.00,187,11,2025-10-24,485.46,,0.00,485.46,55.00,290.00,Delivered,Cash,176.37,144.37
642.00,67,10,2025-08-19,535.44,,0.00,535.44,25.00,281.63,Delivered,UPI,121.38,89.38
643.00,32,25,2025-08-16,1092.11,,0.00,1092.11,25.00,625.02,Delivered,Card,265.26,233.26
644.00,119,13,2025-06-11,1271.61,,0.00,1271.61,35.00,787.31,Delivered,UPI,314.75,282.75
645.00,151,26,2025-09-23,379.84,,0.00,379.84,0.00,202.47,Delivered,UPI,94.96,62.96
646.00,276,20,2025-10-03,426.79,,0.00,426.79,0.00,258.28,Delivered,Cash,85.36,53.36
647.00,33,16,2025-08-18,566.96,,0.00,566.96,55.00,351.36,Delivered,Cash,168.39,136.39
648.00,132,15,2025-01-24,515.80,,0.00,515.80,55.00,283.55,Delivered,UPI,158.16,126.16
649.00,56,30,2025-09-16,405.66,,0.00,405.66,45.00,247.04,Delivered,Cash,126.13,94.13
650.00,225,1,2025-05-31,865.23,,0.00,865.23,35.00,505.75,Delivered,UPI,225.35,193.35
651.00,107,24,2025-09-26,296.56,,0.00,296.56,0.00,159.86,Delivered,UPI,59.31,27.31
652.00,222,2,2025-11-23,632.90,,0.00,632.90,25.00,342.48,Delivered,UPI,138.92,106.92
653.00,139,22,2025-02-21,744.34,,0.00,744.34,35.00,393.83,Delivered,Wallet,221.09,189.09
654.00,243,24,2025-05-10,994.44,,0.00,994.44,0.00,578.91,Delivered,Cash,198.89,166.89
655.00,204,28,2025-03-18,301.51,,0.00,301.51,55.00,181.88,Delivered,Card,130.38,98.38
656.00,239,20,2025-08-01,688.19,,0.00,688.19,35.00,429.26,Delivered,Cash,172.64,140.64
657.00,275,22,2025-11-10,384.49,,0.00,384.49,35.00,203.28,Delivered,Card,131.12,99.12
658.00,1,18,2025-09-07,1344.84,,0.00,1344.84,0.00,785.49,Delivered,Cash,242.07,210.07
659.00,285,1,2025-10-06,808.75,,0.00,808.75,55.00,471.03,Delivered,Card,232.93,200.93
660.00,102,4,2025-05-05,510.21,,0.00,510.21,35.00,271.99,Delivered,Wallet,126.84,94.84
661.00,158,9,2025-09-30,352.82,,0.00,352.82,0.00,183.47,Delivered,Wallet,63.51,31.51
662.00,82,22,2025-12-27,416.04,,0.00,416.04,0.00,235.82,Delivered,Cash,104.01,72.01
663.00,288,27,2025-05-29,590.16,,0.00,590.16,25.00,371.64,Delivered,Cash,154.84,122.84
664.00,109,22,2025-05-27,901.35,,0.00,901.35,25.00,538.68,Delivered,Wallet,250.34,218.34
665.00,288,22,2025-03-17,933.23,,0.00,933.23,0.00,503.90,Delivered,UPI,233.31,201.31
666.00,254,20,2025-09-29,488.04,,0.00,488.04,25.00,293.69,Delivered,Card,122.61,90.61
667.00,53,13,2025-07-11,665.81,,0.00,665.81,45.00,383.14,Delivered,UPI,191.48,159.48
668.00,111,19,2025-12-17,586.94,,0.00,586.94,0.00,319.41,Delivered,Wallet,129.13,97.13
669.00,229,22,2025-08-27,483.05,,0.00,483.05,55.00,271.78,Delivered,Cash,175.76,143.76
670.00,190,6,2025-09-02,391.51,,0.00,391.51,45.00,249.27,Delivered,UPI,123.30,91.30
671.00,55,14,2025-10-22,726.18,,0.00,726.18,55.00,395.79,Delivered,UPI,236.55,204.55
672.00,114,11,2025-06-18,671.30,,0.00,671.30,0.00,428.60,Delivered,Cash,167.83,135.83
673.00,45,5,2025-09-18,540.46,,0.00,540.46,45.00,299.23,Delivered,Wallet,153.09,121.09
674.00,177,22,2025-07-03,667.78,,0.00,667.78,35.00,383.08,Delivered,Card,201.95,169.95
675.00,197,18,2025-01-15,458.98,,0.00,458.98,45.00,264.00,Delivered,Wallet,127.62,95.62
676.00,206,22,2025-06-16,349.96,,0.00,349.96,45.00,219.03,Delivered,Cash,132.49,100.49
677.00,271,7,2025-09-08,444.63,,0.00,444.63,35.00,258.04,Delivered,Cash,123.93,91.93
678.00,283,5,2025-05-15,1197.35,,0.00,1197.35,45.00,766.26,Delivered,Card,284.47,252.47
679.00,113,7,2025-10-12,1075.28,,0.00,1075.28,55.00,623.36,Delivered,Cash,270.06,238.06
680.00,8,28,2025-05-12,254.36,,0.00,254.36,25.00,158.45,Delivered,Cash,88.59,56.59
681.00,150,6,2025-07-10,914.77,,0.00,914.77,35.00,512.36,Delivered,Card,217.95,185.95
682.00,96,22,2025-10-23,318.97,,0.00,318.97,25.00,184.69,Delivered,Wallet,104.74,72.74
683.00,47,4,2025-03-05,472.76,,0.00,472.76,0.00,289.88,Delivered,UPI,85.10,53.10
684.00,240,20,2025-04-10,308.93,,0.00,308.93,0.00,168.53,Delivered,Card,61.79,29.79
685.00,286,28,2025-11-28,1520.38,,0.00,1520.38,55.00,860.97,Delivered,Cash,435.10,403.10
686.00,140,17,2025-08-29,1193.75,,0.00,1193.75,25.00,633.56,Delivered,Cash,263.75,231.75
687.00,141,17,2025-03-18,778.12,,0.00,778.12,0.00,419.13,Delivered,Cash,155.62,123.62
688.00,260,15,2025-01-26,584.20,,0.00,584.20,35.00,314.05,Delivered,UPI,151.84,119.84
689.00,186,16,2025-03-06,690.20,,0.00,690.20,55.00,422.29,Delivered,Card,193.04,161.04
690.00,225,10,2025-08-02,1442.90,8,180.00,1262.90,35.00,767.58,Delivered,UPI,294.72,82.72
691.00,272,12,2025-06-11,322.94,,0.00,322.94,35.00,176.86,Delivered,Cash,115.74,83.74
692.00,52,29,2025-08-21,955.96,,0.00,955.96,45.00,592.21,Delivered,UPI,255.31,223.31
693.00,27,17,2025-11-28,482.94,,0.00,482.94,55.00,267.48,Delivered,UPI,151.59,119.59
694.00,181,3,2025-03-18,577.18,,0.00,577.18,25.00,317.74,Delivered,Wallet,169.30,137.30
695.00,224,28,2025-05-11,250.89,,0.00,250.89,45.00,154.58,Delivered,Cash,107.72,75.72
696.00,245,24,2025-05-19,501.28,,0.00,501.28,55.00,281.88,Delivered,Wallet,155.26,123.26
697.00,78,15,2025-04-16,360.30,,0.00,360.30,35.00,196.95,Delivered,Wallet,107.06,75.06
698.00,52,17,2025-09-23,906.97,,0.00,906.97,45.00,564.82,Delivered,Cash,226.39,194.39
699.00,265,22,2025-12-31,1682.61,,0.00,1682.61,35.00,888.96,Delivered,Wallet,455.65,423.65
700.00,47,28,2025-01-02,508.60,,0.00,508.60,55.00,294.50,Delivered,UPI,182.15,150.15
701.00,51,15,2025-09-25,905.74,,0.00,905.74,55.00,497.63,Delivered,Card,236.15,204.15
702.00,42,16,2025-12-18,441.44,,0.00,441.44,0.00,260.93,Delivered,UPI,88.29,56.29
703.00,177,9,2025-12-13,229.12,,0.00,229.12,35.00,141.14,Delivered,UPI,76.24,44.24
704.00,89,9,2025-02-26,508.37,,0.00,508.37,55.00,278.10,Delivered,Cash,146.51,114.51
705.00,278,10,2025-10-16,1004.78,,0.00,1004.78,35.00,638.33,Delivered,Cash,215.86,183.86
706.00,196,14,2025-06-26,660.29,,0.00,660.29,55.00,365.26,Delivered,UPI,220.07,188.07
707.00,82,22,2025-07-20,1085.93,,0.00,1085.93,55.00,592.46,Delivered,UPI,326.48,294.48
708.00,75,19,2025-05-23,368.06,,0.00,368.06,25.00,202.01,Delivered,Wallet,105.97,73.97
709.00,282,6,2025-06-10,3786.10,,0.00,3786.10,35.00,2412.70,Delivered,Wallet,792.22,760.22
710.00,122,11,2025-03-01,643.04,,0.00,643.04,45.00,409.61,Delivered,Card,205.76,173.76
711.00,232,24,2025-02-18,390.15,,0.00,390.15,55.00,229.29,Delivered,UPI,133.03,101.03
712.00,42,20,2025-02-18,356.95,,0.00,356.95,25.00,221.38,Delivered,UPI,96.39,64.39
713.00,55,12,2025-11-06,1186.87,7,250.00,936.87,55.00,718.92,Delivered,Card,351.72,69.72
714.00,108,5,2025-05-14,346.00,,0.00,346.00,25.00,182.52,Cancelled,Cash,0.00,0.00
715.00,125,9,2025-04-05,449.38,,0.00,449.38,25.00,277.50,Delivered,Card,105.89,73.89
716.00,185,3,2025-08-14,244.36,,0.00,244.36,25.00,150.32,Delivered,Cash,86.09,54.09
717.00,174,2,2025-09-25,951.75,,0.00,951.75,25.00,560.20,Delivered,Card,196.32,164.32
718.00,255,27,2025-11-07,645.78,3,120.00,525.78,35.00,393.97,Delivered,UPI,177.07,25.07
719.00,189,10,2025-03-11,246.40,,0.00,246.40,0.00,152.65,Delivered,Card,44.35,12.35
720.00,134,1,2025-04-21,505.46,,0.00,505.46,25.00,265.00,Delivered,Cash,136.20,104.20
721.00,84,21,2025-05-28,428.73,,0.00,428.73,55.00,262.29,Delivered,Wallet,132.17,100.17
722.00,276,17,2025-12-12,733.54,1,150.00,583.54,0.00,406.50,Delivered,UPI,146.71,-35.29
723.00,5,1,2025-08-17,335.30,,0.00,335.30,35.00,192.01,Delivered,Card,108.77,76.77
724.00,82,21,2025-07-21,2340.46,,0.00,2340.46,25.00,1261.82,Delivered,Card,446.28,414.28
725.00,91,27,2025-12-28,1242.96,,0.00,1242.96,25.00,776.63,Delivered,Cash,298.45,266.45
726.00,208,7,2025-11-06,220.91,,0.00,220.91,35.00,116.23,Delivered,Card,79.18,47.18
727.00,123,25,2025-08-20,761.98,,0.00,761.98,0.00,407.76,Delivered,Card,167.64,135.64
728.00,132,20,2025-01-25,878.01,,0.00,878.01,0.00,526.76,Delivered,Wallet,175.60,143.60
729.00,13,18,2025-03-25,1036.98,,0.00,1036.98,25.00,660.80,Delivered,Cash,211.66,179.66
730.00,268,9,2025-11-10,974.39,,0.00,974.39,55.00,536.16,Delivered,Cash,230.39,198.39
731.00,89,3,2025-09-08,648.63,,0.00,648.63,25.00,344.40,Cancelled,Card,0.00,0.00
732.00,73,19,2025-03-19,359.95,,0.00,359.95,35.00,200.39,Delivered,Wallet,114.19,82.19
733.00,21,18,2025-07-28,2446.63,,0.00,2446.63,45.00,1541.19,Delivered,Card,485.39,453.39
734.00,73,6,2025-04-20,557.97,,0.00,557.97,25.00,318.39,Delivered,Wallet,136.59,104.59
735.00,181,21,2025-10-25,981.24,,0.00,981.24,45.00,522.76,Delivered,Card,221.62,189.62
736.00,277,25,2025-09-02,1008.20,,0.00,1008.20,35.00,615.65,Delivered,UPI,256.80,224.80
737.00,166,27,2025-01-01,302.13,,0.00,302.13,45.00,163.48,Delivered,Wallet,111.47,79.47
738.00,152,8,2025-07-07,1359.90,,0.00,1359.90,45.00,733.41,Delivered,Cash,316.98,284.98
739.00,113,26,2025-02-26,310.30,,0.00,310.30,25.00,162.41,Cancelled,UPI,0.00,0.00
740.00,25,19,2025-12-16,477.34,,0.00,477.34,35.00,299.04,Delivered,Cash,140.01,108.01
741.00,37,15,2025-04-04,332.24,,0.00,332.24,0.00,177.53,Delivered,Wallet,66.45,34.45
742.00,64,15,2025-03-28,261.00,,0.00,261.00,0.00,165.11,Delivered,UPI,52.20,20.20
743.00,96,4,2025-11-19,557.39,,0.00,557.39,25.00,342.59,Cancelled,Card,0.00,0.00
744.00,179,8,2025-02-16,463.00,,0.00,463.00,35.00,243.76,Delivered,Wallet,127.60,95.60
745.00,49,16,2025-06-07,325.32,,0.00,325.32,0.00,208.03,Delivered,UPI,65.06,33.06
746.00,153,30,2025-11-27,655.78,,0.00,655.78,35.00,361.70,Delivered,Card,166.16,134.16
747.00,52,19,2025-07-25,732.32,,0.00,732.32,35.00,416.60,Delivered,Cash,196.11,164.11
748.00,15,23,2025-12-05,857.25,,0.00,857.25,0.00,522.19,Delivered,Wallet,154.31,122.31
749.00,291,11,2025-06-05,510.14,,0.00,510.14,35.00,312.49,Delivered,UPI,162.54,130.54
750.00,94,3,2025-05-09,885.10,,0.00,885.10,35.00,478.05,Delivered,Wallet,256.27,224.27
751.00,208,15,2025-05-15,502.80,,0.00,502.80,35.00,281.29,Delivered,Card,135.56,103.56
752.00,220,15,2025-08-07,434.69,,0.00,434.69,25.00,270.24,Delivered,Wallet,111.94,79.94
753.00,64,9,2025-08-11,319.42,,0.00,319.42,0.00,201.08,Delivered,UPI,57.50,25.50
754.00,70,28,2025-05-11,580.21,,0.00,580.21,35.00,346.54,Delivered,Card,180.05,148.05
755.00,262,4,2025-06-16,778.34,,0.00,778.34,45.00,408.55,Delivered,Wallet,185.10,153.10
756.00,58,28,2025-03-18,247.44,,0.00,247.44,25.00,149.34,Delivered,Wallet,86.86,54.86
757.00,252,18,2025-02-05,569.23,,0.00,569.23,25.00,351.11,Delivered,Wallet,127.46,95.46
758.00,207,6,2025-09-14,526.43,,0.00,526.43,45.00,305.06,Delivered,Wallet,150.29,118.29
759.00,95,17,2025-12-12,605.18,,0.00,605.18,55.00,347.16,Delivered,Card,176.04,144.04
760.00,79,25,2025-08-10,423.40,,0.00,423.40,25.00,256.21,Delivered,UPI,118.15,86.15
761.00,196,6,2025-05-16,445.53,,0.00,445.53,55.00,266.01,Delivered,Card,144.11,112.11
762.00,277,4,2025-11-09,473.58,,0.00,473.58,45.00,259.71,Delivered,Cash,130.24,98.24
763.00,283,4,2025-09-01,336.95,,0.00,336.95,0.00,193.01,Delivered,Wallet,60.65,28.65
764.00,96,5,2025-01-29,1002.41,,0.00,1002.41,35.00,600.39,Delivered,UPI,235.48,203.48
765.00,107,12,2025-04-02,658.19,,0.00,658.19,25.00,372.18,Delivered,Card,189.55,157.55
766.00,295,21,2025-08-22,431.60,,0.00,431.60,55.00,257.47,Delivered,Card,132.69,100.69
767.00,99,15,2025-11-12,909.78,,0.00,909.78,45.00,544.28,Delivered,UPI,226.96,194.96
768.00,83,18,2025-01-16,722.04,,0.00,722.04,45.00,396.85,Delivered,Card,174.97,142.97
769.00,139,4,2025-11-02,594.41,,0.00,594.41,25.00,337.01,Delivered,Card,131.99,99.99
770.00,3,7,2025-10-17,974.80,,0.00,974.80,45.00,535.40,Delivered,Card,239.96,207.96
771.00,50,9,2025-04-04,1186.08,,0.00,1186.08,0.00,637.56,Delivered,Card,213.49,181.49
772.00,71,19,2025-10-05,658.70,,0.00,658.70,45.00,383.43,Delivered,Card,189.91,157.91
773.00,128,8,2025-12-11,616.65,,0.00,616.65,35.00,343.51,Delivered,Wallet,158.33,126.33
774.00,229,29,2025-01-16,1228.86,,0.00,1228.86,25.00,641.96,Delivered,UPI,295.35,263.35
775.00,13,22,2025-12-07,259.05,,0.00,259.05,55.00,143.43,Delivered,Card,119.76,87.76
776.00,266,8,2025-10-01,260.93,,0.00,260.93,45.00,166.77,Delivered,Wallet,97.19,65.19
777.00,248,6,2025-01-23,468.59,,0.00,468.59,0.00,269.36,Delivered,UPI,93.72,61.72
778.00,178,30,2025-11-04,479.94,,0.00,479.94,35.00,286.55,Delivered,Cash,130.99,98.99
779.00,252,21,2025-03-13,569.68,,0.00,569.68,25.00,345.47,Delivered,Card,127.54,95.54
780.00,204,30,2025-09-07,266.78,,0.00,266.78,25.00,153.44,Delivered,Card,78.36,46.36
781.00,184,28,2025-10-14,222.77,,0.00,222.77,35.00,123.67,Delivered,Wallet,90.69,58.69
782.00,50,26,2025-02-22,335.36,,0.00,335.36,35.00,179.18,Delivered,Cash,118.84,86.84
783.00,126,8,2025-09-27,250.48,,0.00,250.48,0.00,137.34,Delivered,Cash,50.10,18.10
784.00,130,14,2025-06-20,241.94,,0.00,241.94,25.00,128.22,Delivered,Card,85.49,53.49
785.00,8,17,2025-07-18,740.16,,0.00,740.16,35.00,417.72,Delivered,Wallet,183.03,151.03
786.00,80,22,2025-07-17,432.88,,0.00,432.88,45.00,263.48,Delivered,UPI,153.22,121.22
787.00,89,14,2025-11-24,877.19,,0.00,877.19,55.00,480.68,Delivered,Wallet,274.30,242.30
788.00,158,26,2025-06-18,420.51,,0.00,420.51,0.00,243.92,Delivered,UPI,105.13,73.13
789.00,135,10,2025-01-08,416.76,,0.00,416.76,25.00,223.35,Delivered,UPI,100.02,68.02
790.00,236,22,2025-12-21,586.27,,0.00,586.27,25.00,368.73,Delivered,Cash,171.57,139.57
791.00,48,25,2025-11-07,531.51,,0.00,531.51,55.00,323.39,Delivered,Wallet,171.93,139.93
792.00,271,23,2025-07-12,298.87,,0.00,298.87,0.00,166.28,Delivered,Wallet,53.80,21.80
793.00,164,23,2025-04-09,510.16,,0.00,510.16,25.00,312.71,Delivered,Card,116.83,84.83
794.00,92,11,2025-08-16,662.78,,0.00,662.78,0.00,370.92,Delivered,UPI,165.70,133.70
795.00,260,21,2025-01-29,650.41,,0.00,650.41,0.00,377.06,Delivered,UPI,117.07,85.07
796.00,148,27,2025-07-30,997.43,1,150.00,847.43,35.00,566.78,Delivered,Wallet,254.43,72.43
797.00,209,29,2025-04-25,302.34,,0.00,302.34,25.00,176.15,Delivered,Card,91.51,59.51
798.00,135,20,2025-09-08,224.49,,0.00,224.49,0.00,140.87,Delivered,Cash,44.90,12.90
799.00,95,11,2025-06-28,287.65,,0.00,287.65,0.00,154.18,Cancelled,Card,0.00,0.00
800.00,243,9,2025-01-15,650.13,,0.00,650.13,55.00,373.91,Delivered,Wallet,172.02,140.02
801.00,10,4,2025-11-13,331.07,,0.00,331.07,55.00,189.51,Delivered,Card,114.59,82.59
802.00,143,10,2025-09-25,258.08,,0.00,258.08,55.00,157.35,Cancelled,Card,0.00,0.00
803.00,112,30,2025-09-03,1377.81,6,75.00,1302.81,0.00,820.50,Delivered,Wallet,275.56,168.56
804.00,43,25,2025-06-21,517.20,,0.00,517.20,55.00,288.40,Delivered,Card,168.78,136.78
805.00,58,30,2025-07-23,434.38,,0.00,434.38,35.00,262.13,Delivered,Wallet,121.88,89.88
806.00,220,15,2025-05-20,616.55,3,120.00,496.55,25.00,382.39,Delivered,UPI,148.31,-3.69
807.00,250,9,2025-06-01,1087.65,,0.00,1087.65,55.00,581.97,Delivered,Cash,250.78,218.78
808.00,100,16,2025-03-24,471.17,,0.00,471.17,45.00,256.71,Delivered,Card,139.23,107.23
809.00,37,19,2025-06-04,255.93,,0.00,255.93,55.00,138.32,Delivered,Cash,111.30,79.30
810.00,21,13,2025-05-10,251.52,,0.00,251.52,25.00,135.58,Delivered,Card,80.33,48.33
811.00,23,14,2025-05-02,413.78,,0.00,413.78,0.00,264.40,Delivered,Wallet,103.45,71.45
812.00,10,12,2025-01-27,565.31,,0.00,565.31,35.00,352.04,Delivered,UPI,176.33,144.33
813.00,98,26,2025-02-23,587.91,,0.00,587.91,35.00,309.89,Delivered,UPI,181.98,149.98
814.00,278,9,2025-07-07,663.79,,0.00,663.79,45.00,412.16,Delivered,Card,164.48,132.48
815.00,10,15,2025-02-18,431.17,,0.00,431.17,35.00,237.25,Delivered,Wallet,121.23,89.23
816.00,82,4,2025-08-09,241.68,,0.00,241.68,45.00,128.38,Delivered,Cash,88.50,56.50
817.00,142,24,2025-11-23,864.69,,0.00,864.69,35.00,544.88,Delivered,Card,207.94,175.94
818.00,295,12,2025-02-16,1410.88,,0.00,1410.88,25.00,749.70,Delivered,Wallet,377.72,345.72
819.00,173,14,2025-06-03,248.19,,0.00,248.19,25.00,156.96,Delivered,Cash,87.05,55.05
820.00,271,12,2025-10-19,367.46,,0.00,367.46,25.00,230.31,Delivered,Cash,116.87,84.87
821.00,152,14,2025-02-27,513.87,,0.00,513.87,45.00,315.54,Delivered,Cash,173.47,141.47
822.00,121,16,2025-04-24,591.94,,0.00,591.94,45.00,318.38,Cancelled,Card,0.00,0.00
823.00,66,22,2025-01-25,658.37,,0.00,658.37,45.00,389.02,Delivered,Wallet,209.59,177.59
824.00,273,21,2025-05-30,463.31,,0.00,463.31,35.00,253.78,Delivered,Card,118.40,86.40
825.00,5,4,2025-09-10,1366.08,5,200.00,1166.08,55.00,785.16,Delivered,Wallet,300.89,68.89
826.00,263,2,2025-12-18,308.05,,0.00,308.05,0.00,160.77,Delivered,UPI,55.45,23.45
827.00,142,19,2025-07-19,499.49,,0.00,499.49,35.00,286.36,Delivered,Wallet,144.89,112.89
828.00,137,25,2025-12-28,259.75,,0.00,259.75,0.00,147.91,Delivered,Cash,57.15,25.15
829.00,72,2,2025-01-10,315.07,,0.00,315.07,25.00,188.89,Delivered,Cash,81.71,49.71
830.00,253,28,2025-05-05,545.53,,0.00,545.53,35.00,307.73,Delivered,Card,171.38,139.38
831.00,194,30,2025-05-08,477.64,,0.00,477.64,0.00,293.65,Delivered,Cash,95.53,63.53
832.00,288,27,2025-04-03,484.94,,0.00,484.94,55.00,267.65,Delivered,Wallet,161.69,129.69
833.00,110,10,2025-06-09,454.85,,0.00,454.85,45.00,263.47,Delivered,Wallet,126.87,94.87
834.00,278,5,2025-02-28,530.56,,0.00,530.56,35.00,284.62,Delivered,Wallet,141.11,109.11
835.00,48,18,2025-07-26,649.19,,0.00,649.19,0.00,395.45,Delivered,Cash,116.85,84.85
836.00,256,16,2025-01-01,525.93,,0.00,525.93,45.00,334.58,Delivered,Card,150.19,118.19
837.00,207,20,2025-08-30,256.36,,0.00,256.36,35.00,137.04,Delivered,Wallet,86.27,54.27
838.00,198,29,2025-07-12,426.61,,0.00,426.61,0.00,222.70,Delivered,Wallet,93.85,61.85
839.00,100,3,2025-08-19,979.89,,0.00,979.89,35.00,603.91,Delivered,Wallet,279.97,247.97
840.00,275,19,2025-04-30,250.80,,0.00,250.80,55.00,157.40,Delivered,UPI,110.18,78.18
841.00,277,21,2025-08-14,434.47,,0.00,434.47,45.00,250.35,Delivered,Cash,123.20,91.20
842.00,11,19,2025-07-08,297.54,,0.00,297.54,45.00,182.50,Cancelled,Wallet,0.00,0.00
843.00,17,17,2025-07-27,318.68,,0.00,318.68,55.00,186.30,Delivered,Wallet,118.74,86.74
844.00,197,19,2025-09-27,497.37,,0.00,497.37,55.00,281.56,Delivered,Cash,164.42,132.42
845.00,273,1,2025-03-09,280.87,,0.00,280.87,45.00,159.78,Delivered,Wallet,106.79,74.79
846.00,122,22,2025-01-19,440.37,,0.00,440.37,45.00,268.67,Delivered,UPI,155.09,123.09
847.00,283,29,2025-05-11,609.36,,0.00,609.36,55.00,336.49,Delivered,UPI,189.06,157.06
848.00,222,15,2025-12-11,562.89,,0.00,562.89,35.00,309.15,Delivered,UPI,147.58,115.58
849.00,75,26,2025-06-15,369.65,,0.00,369.65,0.00,199.96,Delivered,Card,92.41,60.41
850.00,154,4,2025-06-02,406.29,,0.00,406.29,25.00,241.44,Delivered,Wallet,98.13,66.13
851.00,27,30,2025-05-16,252.58,,0.00,252.58,55.00,134.43,Delivered,Cash,105.52,73.52
852.00,163,27,2025-01-14,1121.03,,0.00,1121.03,35.00,594.76,Delivered,Cash,281.63,249.63
853.00,145,25,2025-08-05,224.89,,0.00,224.89,25.00,117.27,Cancelled,Wallet,0.00,0.00
854.00,53,9,2025-12-24,958.30,,0.00,958.30,0.00,541.80,Delivered,UPI,172.49,140.49
855.00,221,11,2025-04-10,341.55,,0.00,341.55,25.00,215.09,Delivered,Wallet,110.39,78.39
856.00,252,16,2025-02-16,444.80,,0.00,444.80,45.00,237.29,Delivered,UPI,133.96,101.96
857.00,90,9,2025-01-28,689.19,,0.00,689.19,25.00,368.65,Delivered,Cash,149.05,117.05
858.00,203,4,2025-08-24,659.49,,0.00,659.49,25.00,343.31,Delivered,Card,143.71,111.71
859.00,77,30,2025-06-03,228.05,,0.00,228.05,25.00,140.22,Delivered,UPI,70.61,38.61
860.00,104,29,2025-07-10,1107.55,,0.00,1107.55,35.00,608.15,Delivered,UPI,278.66,246.66
861.00,211,9,2025-12-23,524.81,,0.00,524.81,45.00,283.75,Delivered,UPI,139.47,107.47
862.00,140,22,2025-11-19,507.33,,0.00,507.33,55.00,264.80,Delivered,Card,181.83,149.83
863.00,130,1,2025-10-21,315.55,,0.00,315.55,55.00,195.67,Delivered,Card,124.42,92.42
864.00,263,27,2025-08-26,717.97,,0.00,717.97,25.00,422.65,Delivered,Wallet,182.95,150.95
865.00,198,7,2025-11-09,275.68,,0.00,275.68,45.00,162.78,Delivered,Cash,100.14,68.14
866.00,122,9,2025-12-13,498.93,,0.00,498.93,25.00,305.71,Delivered,Cash,114.81,82.81
867.00,290,16,2025-06-18,378.90,,0.00,378.90,25.00,231.10,Cancelled,Wallet,0.00,0.00
868.00,127,23,2025-11-18,686.72,,0.00,686.72,25.00,366.67,Cancelled,Card,0.00,0.00
869.00,204,25,2025-09-17,353.05,,0.00,353.05,35.00,207.94,Delivered,Cash,112.67,80.67
870.00,102,17,2025-03-01,460.68,,0.00,460.68,55.00,250.28,Delivered,Cash,147.14,115.14
871.00,286,8,2025-01-02,232.56,,0.00,232.56,25.00,148.05,Delivered,Card,71.51,39.51
872.00,220,5,2025-02-18,332.42,,0.00,332.42,55.00,180.74,Delivered,UPI,121.48,89.48
873.00,5,11,2025-10-18,254.71,,0.00,254.71,25.00,133.69,Delivered,Wallet,88.68,56.68
874.00,148,1,2025-09-19,225.24,,0.00,225.24,45.00,128.62,Delivered,Cash,94.55,62.55
875.00,265,13,2025-01-12,337.51,,0.00,337.51,35.00,208.49,Delivered,Card,109.25,77.25
876.00,199,9,2025-02-13,278.36,,0.00,278.36,45.00,173.32,Cancelled,Card,0.00,0.00
877.00,168,17,2025-04-30,409.49,,0.00,409.49,0.00,248.20,Delivered,Cash,81.90,49.90
878.00,274,4,2025-06-21,376.01,,0.00,376.01,55.00,201.22,Delivered,Cash,122.68,90.68
879.00,247,27,2025-05-06,456.56,,0.00,456.56,55.00,244.46,Delivered,Cash,155.44,123.44
880.00,267,11,2025-07-19,1005.66,,0.00,1005.66,45.00,574.34,Delivered,Wallet,296.41,264.41
881.00,297,20,2025-10-28,704.90,,0.00,704.90,25.00,394.13,Delivered,UPI,165.98,133.98
882.00,198,1,2025-12-12,267.96,,0.00,267.96,35.00,171.20,Delivered,Card,93.95,61.95
883.00,204,15,2025-02-10,378.21,,0.00,378.21,35.00,224.07,Delivered,Cash,110.64,78.64
884.00,45,8,2025-03-20,474.74,,0.00,474.74,0.00,303.15,Delivered,Wallet,94.95,62.95
885.00,14,17,2025-02-10,1321.14,,0.00,1321.14,55.00,836.18,Delivered,Cash,319.23,287.23
886.00,37,30,2025-09-05,281.55,,0.00,281.55,0.00,157.35,Delivered,Wallet,56.31,24.31
887.00,102,12,2025-05-17,762.32,,0.00,762.32,55.00,461.58,Delivered,Wallet,245.58,213.58
888.00,237,5,2025-11-20,1126.57,,0.00,1126.57,45.00,671.78,Delivered,Wallet,270.31,238.31
889.00,183,23,2025-02-17,269.35,,0.00,269.35,35.00,163.15,Delivered,Cash,83.48,51.48
890.00,162,11,2025-05-18,586.78,,0.00,586.78,35.00,370.16,Delivered,UPI,181.70,149.70
891.00,224,2,2025-09-18,715.42,,0.00,715.42,35.00,401.68,Delivered,Cash,163.78,131.78
892.00,49,2,2025-11-09,429.17,,0.00,429.17,0.00,239.13,Delivered,UPI,77.25,45.25
893.00,231,29,2025-05-09,428.60,,0.00,428.60,0.00,225.94,Delivered,Card,94.29,62.29
894.00,25,19,2025-09-07,759.57,,0.00,759.57,45.00,458.54,Delivered,Cash,212.11,180.11
895.00,94,6,2025-05-02,790.44,,0.00,790.44,35.00,440.70,Cancelled,Wallet,0.00,0.00
896.00,259,19,2025-07-09,666.27,,0.00,666.27,55.00,386.14,Delivered,Cash,201.58,169.58
897.00,265,10,2025-01-19,364.17,,0.00,364.17,35.00,204.57,Delivered,Wallet,100.55,68.55
898.00,275,13,2025-03-31,263.57,,0.00,263.57,0.00,162.37,Cancelled,Cash,0.00,0.00
899.00,104,27,2025-02-26,1162.94,,0.00,1162.94,25.00,640.04,Delivered,Wallet,280.85,248.85
900.00,209,30,2025-02-08,805.34,,0.00,805.34,0.00,469.05,Delivered,Cash,161.07,129.07
901.00,210,20,2025-07-22,297.20,,0.00,297.20,25.00,157.76,Delivered,Card,84.44,52.44
902.00,62,27,2025-04-06,533.90,,0.00,533.90,25.00,322.29,Delivered,UPI,142.46,110.46
903.00,269,9,2025-10-02,306.85,,0.00,306.85,25.00,167.19,Delivered,Cash,80.23,48.23
904.00,240,22,2025-02-14,224.18,,0.00,224.18,45.00,138.47,Delivered,UPI,101.05,69.05
905.00,194,26,2025-02-20,246.87,,0.00,246.87,35.00,143.40,Delivered,Wallet,96.72,64.72
906.00,277,20,2025-03-03,548.95,,0.00,548.95,0.00,313.29,Delivered,UPI,109.79,77.79
907.00,125,10,2025-01-14,545.06,,0.00,545.06,45.00,303.60,Delivered,UPI,143.11,111.11
908.00,196,1,2025-06-19,2066.16,,0.00,2066.16,55.00,1159.42,Delivered,Cash,509.56,477.56
909.00,119,21,2025-12-11,507.42,,0.00,507.42,35.00,265.70,Cancelled,Cash,0.00,0.00
910.00,43,10,2025-01-21,1436.55,,0.00,1436.55,55.00,892.67,Delivered,Wallet,313.58,281.58
911.00,103,27,2025-05-10,834.88,,0.00,834.88,55.00,441.04,Delivered,Card,238.67,206.67
912.00,180,19,2025-11-25,597.83,,0.00,597.83,25.00,356.02,Delivered,UPI,156.52,124.52
913.00,77,30,2025-03-31,504.09,,0.00,504.09,35.00,307.44,Delivered,Card,135.82,103.82
914.00,96,14,2025-03-30,675.14,,0.00,675.14,45.00,384.26,Cancelled,Card,0.00,0.00
915.00,207,21,2025-09-01,511.03,,0.00,511.03,0.00,304.17,Delivered,Card,91.99,59.99
916.00,210,10,2025-08-22,330.63,,0.00,330.63,55.00,193.25,Delivered,UPI,114.51,82.51
917.00,292,7,2025-11-18,1549.02,,0.00,1549.02,35.00,861.62,Delivered,UPI,344.80,312.80
918.00,173,21,2025-10-06,439.21,6,75.00,364.21,55.00,255.55,Delivered,Cash,134.06,27.06
919.00,54,21,2025-11-25,250.90,,0.00,250.90,25.00,145.99,Delivered,Card,70.16,38.16
920.00,68,8,2025-01-25,489.99,,0.00,489.99,25.00,262.26,Delivered,Wallet,123.00,91.00
921.00,208,5,2025-02-04,501.82,,0.00,501.82,35.00,269.46,Delivered,Wallet,135.36,103.36
922.00,114,19,2025-01-27,334.53,,0.00,334.53,0.00,186.84,Delivered,Wallet,73.60,41.60
923.00,62,21,2025-07-15,380.29,,0.00,380.29,55.00,217.78,Delivered,Cash,123.45,91.45
924.00,44,13,2025-12-05,647.92,,0.00,647.92,25.00,386.11,Cancelled,Wallet,0.00,0.00
925.00,292,10,2025-05-06,1134.09,,0.00,1134.09,0.00,599.35,Delivered,Wallet,204.14,172.14
926.00,244,26,2025-08-13,494.14,,0.00,494.14,45.00,312.11,Delivered,UPI,168.54,136.54
927.00,156,3,2025-09-05,709.31,,0.00,709.31,0.00,427.46,Delivered,UPI,177.33,145.33
928.00,256,1,2025-04-18,624.55,,0.00,624.55,25.00,379.28,Delivered,UPI,162.40,130.40
929.00,141,22,2025-01-15,903.37,,0.00,903.37,55.00,496.50,Delivered,Wallet,280.84,248.84
930.00,222,15,2025-08-22,510.88,,0.00,510.88,55.00,302.17,Delivered,Card,157.18,125.18
931.00,56,18,2025-04-03,363.12,,0.00,363.12,35.00,204.23,Delivered,Cash,100.36,68.36
932.00,225,5,2025-06-15,467.02,,0.00,467.02,25.00,245.18,Delivered,Card,118.40,86.40
933.00,96,15,2025-05-29,392.21,,0.00,392.21,35.00,204.81,Delivered,Wallet,113.44,81.44
934.00,6,13,2025-11-06,569.23,,0.00,569.23,55.00,312.73,Delivered,Card,180.23,148.23
935.00,79,5,2025-04-04,615.50,,0.00,615.50,25.00,362.06,Delivered,UPI,148.10,116.10
936.00,177,16,2025-05-28,794.46,,0.00,794.46,25.00,419.61,Delivered,Card,183.89,151.89
937.00,33,18,2025-12-29,1440.39,,0.00,1440.39,0.00,828.76,Cancelled,Cash,0.00,0.00
938.00,144,9,2025-05-07,580.85,,0.00,580.85,25.00,342.29,Delivered,Cash,129.55,97.55
939.00,134,23,2025-02-25,1159.67,,0.00,1159.67,55.00,726.65,Cancelled,Card,0.00,0.00
940.00,293,18,2025-04-13,495.12,,0.00,495.12,55.00,263.76,Delivered,Cash,144.12,112.12
941.00,273,24,2025-09-02,227.21,,0.00,227.21,55.00,131.41,Delivered,UPI,100.44,68.44
942.00,209,8,2025-02-15,504.47,,0.00,504.47,25.00,318.55,Delivered,Wallet,125.89,93.89
943.00,126,29,2025-06-02,657.01,6,75.00,582.01,25.00,385.00,Delivered,Wallet,169.54,62.54
944.00,266,5,2025-04-04,313.60,,0.00,313.60,35.00,169.14,Delivered,Wallet,97.72,65.72
945.00,188,20,2025-01-27,533.48,,0.00,533.48,0.00,285.10,Delivered,UPI,106.70,74.70
946.00,88,7,2025-11-12,584.41,,0.00,584.41,0.00,332.09,Delivered,Cash,116.88,84.88
947.00,145,1,2025-07-10,221.39,,0.00,221.39,45.00,125.67,Delivered,Card,93.71,61.71
948.00,110,28,2025-02-09,328.68,,0.00,328.68,25.00,192.83,Delivered,Cash,107.17,75.17
949.00,216,4,2025-01-05,967.67,,0.00,967.67,0.00,585.01,Delivered,Card,174.18,142.18
950.00,298,7,2025-09-16,342.46,,0.00,342.46,55.00,208.64,Delivered,UPI,123.49,91.49
951.00,203,25,2025-09-13,580.38,,0.00,580.38,25.00,370.27,Delivered,Wallet,152.68,120.68
952.00,116,21,2025-12-27,1897.99,,0.00,1897.99,35.00,1054.13,Delivered,Card,376.64,344.64
953.00,91,8,2025-05-26,474.45,,0.00,474.45,35.00,250.99,Delivered,Cash,129.89,97.89
954.00,265,6,2025-09-08,246.93,,0.00,246.93,35.00,128.98,Delivered,Cash,84.39,52.39
955.00,275,22,2025-06-24,221.28,,0.00,221.28,0.00,133.95,Delivered,Card,55.32,23.32
956.00,256,14,2025-01-03,1022.77,,0.00,1022.77,25.00,534.43,Delivered,Cash,280.69,248.69
957.00,151,27,2025-09-05,804.10,,0.00,804.10,45.00,449.15,Delivered,Card,221.90,189.90
958.00,297,3,2025-06-07,1537.42,,0.00,1537.42,0.00,893.61,Delivered,Cash,384.36,352.36
959.00,15,20,2025-12-05,241.01,,0.00,241.01,25.00,149.90,Cancelled,Card,0.00,0.00
960.00,191,14,2025-07-15,361.41,,0.00,361.41,25.00,214.67,Delivered,Cash,115.35,83.35
961.00,250,16,2025-02-24,249.99,,0.00,249.99,55.00,146.93,Delivered,Cash,105.00,73.00
962.00,27,30,2025-10-18,421.45,,0.00,421.45,25.00,259.20,Delivered,Cash,109.29,77.29
963.00,87,3,2025-05-22,503.45,,0.00,503.45,55.00,314.92,Delivered,Wallet,180.86,148.86
964.00,23,13,2025-06-29,390.83,,0.00,390.83,25.00,206.41,Delivered,Cash,110.98,78.98
965.00,138,2,2025-01-01,575.53,,0.00,575.53,45.00,309.51,Delivered,Card,148.60,116.60
966.00,65,3,2025-12-17,1137.30,,0.00,1137.30,0.00,640.81,Delivered,Cash,284.33,252.33
967.00,19,28,2025-02-15,646.21,,0.00,646.21,0.00,397.51,Delivered,UPI,161.55,129.55
968.00,8,27,2025-05-14,242.08,,0.00,242.08,25.00,127.12,Delivered,Wallet,78.26,46.26
969.00,188,21,2025-03-10,383.79,,0.00,383.79,35.00,200.19,Delivered,Card,104.08,72.08
970.00,12,21,2025-10-19,294.64,,0.00,294.64,45.00,177.25,Delivered,UPI,98.04,66.04
971.00,100,25,2025-06-20,577.16,,0.00,577.16,35.00,328.72,Delivered,Card,161.98,129.98
972.00,216,29,2025-05-18,1413.70,,0.00,1413.70,55.00,749.21,Delivered,Card,366.01,334.01
973.00,298,18,2025-06-04,736.62,,0.00,736.62,35.00,386.43,Delivered,UPI,167.59,135.59
974.00,265,24,2025-07-30,1248.61,,0.00,1248.61,55.00,747.04,Delivered,Card,304.72,272.72
975.00,124,18,2025-08-06,221.67,,0.00,221.67,25.00,116.14,Delivered,UPI,64.90,32.90
976.00,21,1,2025-02-16,1138.42,,0.00,1138.42,45.00,714.53,Delivered,Card,295.45,263.45
977.00,196,16,2025-06-01,228.02,,0.00,228.02,55.00,145.05,Delivered,Card,100.60,68.60
978.00,102,15,2025-01-09,485.43,,0.00,485.43,25.00,263.37,Delivered,Cash,122.09,90.09
979.00,67,2,2025-07-08,351.15,,0.00,351.15,25.00,217.10,Delivered,Cash,88.21,56.21
980.00,144,8,2025-11-10,632.64,3,120.00,512.64,45.00,337.34,Delivered,Cash,171.53,19.53
981.00,252,6,2025-07-03,557.55,3,111.51,446.04,55.00,327.94,Delivered,Card,166.51,23.00
982.00,14,8,2025-04-22,869.79,,0.00,869.79,55.00,459.04,Delivered,Wallet,228.96,196.96
983.00,87,19,2025-05-22,388.26,,0.00,388.26,45.00,241.99,Delivered,Card,130.42,98.42
984.00,232,9,2025-09-02,794.25,1,150.00,644.25,45.00,453.89,Delivered,Wallet,187.97,5.97
985.00,181,10,2025-06-19,327.92,,0.00,327.92,25.00,174.93,Delivered,Cash,84.03,52.03
986.00,300,4,2025-08-04,391.30,,0.00,391.30,25.00,204.71,Delivered,Cash,95.43,63.43
987.00,102,10,2025-11-26,730.94,,0.00,730.94,25.00,415.14,Delivered,Cash,156.57,124.57
988.00,290,8,2025-10-27,436.79,,0.00,436.79,0.00,270.53,Delivered,Card,87.36,55.36
989.00,276,24,2025-11-28,269.99,,0.00,269.99,55.00,142.97,Delivered,Wallet,109.00,77.00
990.00,25,8,2025-06-10,257.65,,0.00,257.65,35.00,152.40,Delivered,Card,86.53,54.53
991.00,94,10,2025-02-21,596.89,,0.00,596.89,45.00,375.02,Delivered,UPI,152.44,120.44
992.00,73,5,2025-05-20,669.56,,0.00,669.56,55.00,348.20,Delivered,Card,188.91,156.91
993.00,218,22,2025-11-30,752.34,,0.00,752.34,25.00,440.30,Delivered,UPI,213.09,181.09
994.00,208,12,2025-02-09,754.77,,0.00,754.77,25.00,459.49,Delivered,UPI,213.69,181.69
995.00,90,1,2025-01-11,239.04,,0.00,239.04,45.00,126.10,Delivered,Card,97.59,65.59
996.00,126,7,2025-04-16,299.21,,0.00,299.21,55.00,183.54,Delivered,Card,114.84,82.84
997.00,128,17,2025-09-25,499.52,,0.00,499.52,45.00,276.66,Delivered,Wallet,144.90,112.90
998.00,91,1,2025-12-08,806.25,,0.00,806.25,25.00,443.37,Delivered,Card,202.38,170.38
999.00,14,10,2025-07-07,315.23,,0.00,315.23,0.00,186.57,Delivered,Card,56.74,24.74
1000.00,126,12,2025-03-24,238.71,,0.00,238.71,35.00,131.79,Delivered,Cash,94.68,62.68
1001.00,290,1,2025-12-03,253.56,,0.00,253.56,55.00,156.14,Delivered,Wallet,110.78,78.78
1002.00,114,7,2025-04-14,319.85,,0.00,319.85,45.00,194.77,Delivered,Card,108.97,76.97
1003.00,51,5,2025-05-19,772.47,,0.00,772.47,25.00,481.93,Delivered,Card,179.49,147.49
1004.00,187,21,2025-01-10,460.21,,0.00,460.21,45.00,249.58,Delivered,Card,127.84,95.84
1005.00,38,5,2025-12-28,360.36,,0.00,360.36,45.00,221.94,Delivered,Wallet,117.07,85.07
1006.00,220,11,2025-12-16,242.67,,0.00,242.67,35.00,141.78,Delivered,Cash,95.67,63.67
1007.00,34,10,2025-05-12,362.69,,0.00,362.69,25.00,221.24,Delivered,Card,90.28,58.28
1008.00,295,25,2025-09-03,304.76,,0.00,304.76,55.00,173.11,Delivered,Cash,122.05,90.05
1009.00,66,23,2025-03-12,787.95,,0.00,787.95,35.00,430.76,Cancelled,UPI,0.00,0.00
1010.00,208,9,2025-08-27,293.33,,0.00,293.33,0.00,177.64,Delivered,UPI,52.80,20.80
1011.00,9,15,2025-11-04,640.54,,0.00,640.54,55.00,406.65,Delivered,Cash,183.11,151.11
1012.00,211,18,2025-10-28,480.02,,0.00,480.02,25.00,278.49,Delivered,UPI,111.40,79.40
1013.00,4,4,2025-03-03,709.73,,0.00,709.73,0.00,453.76,Delivered,Wallet,127.75,95.75
1014.00,228,12,2025-04-01,368.58,,0.00,368.58,25.00,234.33,Delivered,Cash,117.15,85.15
1015.00,278,9,2025-10-20,664.37,,0.00,664.37,55.00,422.47,Delivered,UPI,174.59,142.59
1016.00,74,17,2025-05-15,832.90,,0.00,832.90,25.00,472.19,Delivered,Wallet,191.58,159.58
1017.00,247,11,2025-11-20,792.63,,0.00,792.63,45.00,445.54,Delivered,Card,243.16,211.16
1018.00,105,23,2025-05-06,732.76,,0.00,732.76,45.00,434.84,Delivered,Card,176.90,144.90
1019.00,264,23,2025-07-03,571.69,,0.00,571.69,45.00,338.38,Delivered,UPI,147.90,115.90
1020.00,43,18,2025-09-08,506.69,,0.00,506.69,45.00,291.46,Delivered,Wallet,136.20,104.20
1021.00,136,12,2025-08-13,1648.30,,0.00,1648.30,35.00,895.17,Delivered,Cash,447.08,415.08
1022.00,44,1,2025-05-01,632.08,,0.00,632.08,0.00,391.80,Delivered,Wallet,139.06,107.06
1023.00,184,9,2025-02-24,1001.52,,0.00,1001.52,45.00,605.76,Delivered,Cash,225.27,193.27
1024.00,264,17,2025-09-14,421.95,,0.00,421.95,45.00,257.39,Delivered,UPI,129.39,97.39
1025.00,220,19,2025-01-15,336.33,,0.00,336.33,55.00,210.27,Delivered,Card,128.99,96.99
1026.00,133,22,2025-10-09,428.06,,0.00,428.06,45.00,244.39,Delivered,Card,152.01,120.01
1027.00,8,7,2025-04-21,714.28,,0.00,714.28,45.00,427.54,Delivered,Cash,187.86,155.86
1028.00,21,7,2025-02-12,425.46,,0.00,425.46,35.00,237.43,Delivered,UPI,120.09,88.09
1029.00,39,25,2025-02-07,348.75,,0.00,348.75,0.00,192.93,Delivered,UPI,76.72,44.72
1030.00,206,11,2025-12-28,2239.38,,0.00,2239.38,55.00,1219.10,Delivered,Cash,614.85,582.85
1031.00,197,9,2025-10-20,420.12,,0.00,420.12,0.00,234.76,Delivered,Cash,75.62,43.62
1032.00,144,6,2025-05-22,230.51,,0.00,230.51,25.00,126.34,Delivered,Card,71.10,39.10
1033.00,227,3,2025-01-10,236.88,,0.00,236.88,35.00,145.39,Delivered,UPI,94.22,62.22
1034.00,136,3,2025-02-01,413.18,,0.00,413.18,0.00,264.38,Delivered,Wallet,103.30,71.30
1035.00,204,14,2025-09-27,279.93,,0.00,279.93,35.00,145.69,Delivered,Wallet,104.98,72.98
1036.00,223,26,2025-02-18,386.43,,0.00,386.43,35.00,217.30,Delivered,Wallet,131.61,99.61
1037.00,87,27,2025-12-31,743.26,,0.00,743.26,25.00,468.38,Cancelled,UPI,0.00,0.00
1038.00,207,20,2025-08-28,327.52,,0.00,327.52,55.00,189.19,Delivered,UPI,120.50,88.50
1039.00,50,18,2025-12-04,357.49,,0.00,357.49,45.00,193.30,Delivered,UPI,109.35,77.35
1040.00,131,16,2025-06-26,838.71,,0.00,838.71,25.00,500.06,Delivered,Cash,192.74,160.74
1041.00,213,29,2025-03-28,261.74,,0.00,261.74,35.00,139.51,Delivered,Cash,92.58,60.58
1042.00,45,18,2025-01-15,247.96,,0.00,247.96,55.00,148.40,Delivered,UPI,99.63,67.63
1043.00,48,3,2025-03-14,855.48,,0.00,855.48,45.00,504.85,Delivered,Card,258.87,226.87
1044.00,137,2,2025-02-27,570.50,,0.00,570.50,0.00,360.10,Delivered,Card,102.69,70.69
1045.00,101,17,2025-03-25,767.14,,0.00,767.14,55.00,488.05,Cancelled,Card,0.00,0.00
1046.00,298,1,2025-12-03,451.45,,0.00,451.45,45.00,287.86,Delivered,Cash,144.32,112.32
1047.00,113,27,2025-12-02,388.57,,0.00,388.57,25.00,227.17,Delivered,Wallet,110.49,78.49
1048.00,178,12,2025-03-22,433.89,,0.00,433.89,25.00,239.55,Delivered,UPI,133.47,101.47
1049.00,195,21,2025-07-23,340.40,,0.00,340.40,0.00,193.21,Delivered,Cash,61.27,29.27
1050.00,162,16,2025-08-05,630.94,,0.00,630.94,0.00,337.96,Delivered,Card,126.19,94.19
1051.00,186,13,2025-12-18,308.27,,0.00,308.27,25.00,190.95,Delivered,UPI,92.82,60.82
1052.00,94,21,2025-02-04,1139.88,,0.00,1139.88,55.00,592.96,Delivered,UPI,260.18,228.18
1053.00,34,18,2025-11-15,356.13,,0.00,356.13,25.00,190.18,Delivered,Cash,89.10,57.10
1054.00,270,12,2025-02-05,971.73,,0.00,971.73,35.00,530.66,Cancelled,Cash,0.00,0.00
1055.00,180,24,2025-10-04,737.33,,0.00,737.33,35.00,414.76,Delivered,Card,182.47,150.47
1056.00,30,4,2025-02-14,413.61,,0.00,413.61,55.00,256.26,Delivered,UPI,129.45,97.45
1057.00,161,23,2025-08-20,535.63,,0.00,535.63,25.00,320.99,Delivered,Wallet,121.41,89.41
1058.00,176,19,2025-11-14,1814.57,,0.00,1814.57,35.00,1094.97,Delivered,Cash,434.21,402.21
1059.00,141,27,2025-11-09,302.52,,0.00,302.52,55.00,175.80,Delivered,Wallet,121.55,89.55
1060.00,258,4,2025-01-20,533.88,,0.00,533.88,55.00,297.69,Delivered,UPI,151.10,119.10
1061.00,2,27,2025-03-23,1036.17,,0.00,1036.17,55.00,546.00,Delivered,Cash,282.96,250.96
1062.00,146,27,2025-08-14,361.03,,0.00,361.03,35.00,209.18,Delivered,Cash,114.43,82.43
1063.00,81,20,2025-05-28,602.04,,0.00,602.04,25.00,313.32,Delivered,UPI,145.41,113.41
1064.00,95,24,2025-10-02,783.24,,0.00,783.24,0.00,444.86,Delivered,Wallet,156.65,124.65
1065.00,196,4,2025-04-12,238.75,,0.00,238.75,25.00,145.64,Delivered,Cash,67.97,35.97
1066.00,297,25,2025-06-22,446.95,,0.00,446.95,25.00,252.44,Delivered,Wallet,123.33,91.33
1067.00,22,25,2025-06-20,539.67,,0.00,539.67,25.00,323.39,Delivered,Cash,143.73,111.73
1068.00,76,27,2025-09-07,387.01,,0.00,387.01,25.00,235.95,Delivered,Cash,110.14,78.14
1069.00,183,25,2025-09-28,277.72,,0.00,277.72,0.00,159.49,Delivered,Card,61.10,29.10
1070.00,227,18,2025-04-13,928.80,,0.00,928.80,35.00,512.16,Delivered,Card,202.18,170.18
1071.00,175,4,2025-03-05,474.32,,0.00,474.32,25.00,266.78,Delivered,Wallet,110.38,78.38
1072.00,199,29,2025-11-19,340.88,,0.00,340.88,45.00,194.64,Delivered,UPI,119.99,87.99
1073.00,76,27,2025-02-11,478.80,6,75.00,403.80,45.00,292.18,Delivered,Wallet,150.34,43.34
1074.00,89,1,2025-05-09,518.05,,0.00,518.05,45.00,282.40,Delivered,Cash,158.97,126.97
1075.00,44,8,2025-09-30,1497.07,,0.00,1497.07,55.00,810.53,Delivered,Cash,354.41,322.41
1076.00,143,29,2025-07-31,468.82,1,150.00,318.82,35.00,282.55,Delivered,Wallet,138.14,-43.86
1077.00,282,15,2025-02-04,1163.56,,0.00,1163.56,0.00,742.35,Delivered,UPI,232.71,200.71
1078.00,14,7,2025-07-24,388.56,,0.00,388.56,55.00,242.41,Delivered,UPI,132.71,100.71
1079.00,181,26,2025-05-23,812.26,,0.00,812.26,0.00,478.46,Delivered,Card,203.07,171.07
1080.00,287,5,2025-12-03,641.18,,0.00,641.18,0.00,383.09,Delivered,Card,128.24,96.24
1081.00,62,12,2025-01-28,425.62,,0.00,425.62,0.00,236.00,Delivered,Wallet,106.41,74.41
1082.00,68,21,2025-08-16,451.35,,0.00,451.35,25.00,239.40,Delivered,Card,106.24,74.24
1083.00,152,23,2025-10-22,353.51,,0.00,353.51,25.00,184.47,Delivered,UPI,88.63,56.63
1084.00,239,19,2025-04-03,258.48,,0.00,258.48,45.00,157.71,Delivered,UPI,101.87,69.87
1085.00,175,10,2025-03-13,935.02,,0.00,935.02,0.00,521.63,Delivered,Wallet,168.30,136.30
1086.00,103,23,2025-01-08,495.48,,0.00,495.48,35.00,258.76,Delivered,Cash,124.19,92.19
1087.00,197,21,2025-02-15,688.71,,0.00,688.71,35.00,417.59,Delivered,Wallet,158.97,126.97
1088.00,25,15,2025-01-24,242.62,,0.00,242.62,0.00,137.77,Delivered,UPI,48.52,16.52
1089.00,268,13,2025-01-22,224.85,,0.00,224.85,55.00,132.72,Delivered,Card,104.47,72.47
1090.00,227,21,2025-12-31,227.40,,0.00,227.40,55.00,124.43,Delivered,Card,95.93,63.93
1091.00,108,25,2025-06-13,315.34,,0.00,315.34,45.00,186.61,Delivered,Cash,114.37,82.37
1092.00,8,6,2025-01-02,237.70,,0.00,237.70,0.00,128.27,Delivered,Card,47.54,15.54
1093.00,180,28,2025-12-11,512.97,,0.00,512.97,0.00,318.63,Delivered,Card,128.24,96.24
1094.00,198,4,2025-01-26,277.32,,0.00,277.32,55.00,164.13,Delivered,UPI,104.92,72.92
1095.00,259,14,2025-06-14,733.87,,0.00,733.87,35.00,455.43,Delivered,Card,218.47,186.47
1096.00,188,24,2025-12-22,1123.03,4,25.00,1098.03,0.00,594.37,Delivered,Wallet,224.61,167.61
1097.00,221,19,2025-05-22,804.93,,0.00,804.93,45.00,455.24,Delivered,Card,222.08,190.08
1098.00,56,12,2025-04-17,282.32,,0.00,282.32,25.00,157.30,Delivered,UPI,95.58,63.58
1099.00,49,27,2025-06-15,340.98,,0.00,340.98,55.00,178.18,Delivered,Cash,130.02,98.02
1100.00,114,21,2025-04-07,606.11,,0.00,606.11,45.00,366.67,Delivered,Card,154.10,122.10
1101.00,179,26,2025-12-14,421.99,,0.00,421.99,55.00,257.68,Delivered,Cash,160.50,128.50
1102.00,134,21,2025-08-02,499.27,,0.00,499.27,35.00,270.55,Delivered,Cash,124.87,92.87
1103.00,55,5,2025-01-04,1333.47,,0.00,1333.47,25.00,810.75,Delivered,Cash,291.69,259.69
1104.00,38,1,2025-02-21,238.79,,0.00,238.79,45.00,127.01,Delivered,Wallet,97.53,65.53
1105.00,289,21,2025-06-26,271.60,,0.00,271.60,0.00,147.75,Delivered,Wallet,48.89,16.89
1106.00,186,14,2025-09-07,353.43,,0.00,353.43,0.00,206.33,Delivered,Cash,88.36,56.36
1107.00,202,29,2025-02-26,361.09,,0.00,361.09,35.00,212.58,Delivered,Card,114.44,82.44
1108.00,104,30,2025-10-10,618.14,,0.00,618.14,25.00,340.49,Delivered,Wallet,148.63,116.63
1109.00,14,24,2025-08-21,396.98,,0.00,396.98,0.00,250.51,Delivered,Card,79.40,47.40
1110.00,63,26,2025-10-09,490.15,,0.00,490.15,0.00,266.38,Delivered,Card,122.54,90.54
1111.00,231,14,2025-06-25,536.86,,0.00,536.86,25.00,307.12,Delivered,Cash,159.22,127.22
1112.00,159,10,2025-02-04,558.24,,0.00,558.24,0.00,291.66,Delivered,UPI,100.48,68.48
1113.00,166,4,2025-09-24,1255.58,,0.00,1255.58,45.00,670.40,Delivered,UPI,271.00,239.00
1114.00,179,16,2025-12-07,481.56,,0.00,481.56,35.00,288.38,Delivered,UPI,131.31,99.31
1115.00,31,5,2025-04-29,587.36,,0.00,587.36,35.00,316.80,Cancelled,Wallet,0.00,0.00
1116.00,163,28,2025-01-26,496.72,,0.00,496.72,45.00,279.02,Delivered,UPI,169.18,137.18
1117.00,14,5,2025-02-23,318.46,,0.00,318.46,25.00,187.31,Delivered,Cash,88.69,56.69
1118.00,101,2,2025-06-07,309.12,,0.00,309.12,25.00,162.62,Delivered,Wallet,80.64,48.64
1119.00,300,29,2025-08-11,399.48,,0.00,399.48,45.00,253.62,Delivered,Card,132.89,100.89
1120.00,17,23,2025-11-19,285.01,,0.00,285.01,45.00,156.84,Delivered,UPI,96.30,64.30
1121.00,256,15,2025-07-01,255.81,,0.00,255.81,0.00,144.82,Delivered,UPI,51.16,19.16
1122.00,72,29,2025-01-25,413.57,,0.00,413.57,0.00,253.78,Delivered,Card,90.99,58.99
1123.00,31,4,2025-10-01,443.27,,0.00,443.27,0.00,276.52,Delivered,UPI,79.79,47.79
1124.00,299,6,2025-02-09,580.32,,0.00,580.32,45.00,312.05,Delivered,UPI,161.06,129.06
1125.00,116,9,2025-08-12,461.61,,0.00,461.61,35.00,250.64,Delivered,Cash,118.09,86.09
1126.00,254,21,2025-08-05,289.71,,0.00,289.71,45.00,172.41,Delivered,Card,97.15,65.15
1127.00,258,15,2025-11-19,773.85,,0.00,773.85,0.00,406.75,Delivered,Wallet,154.77,122.77
1128.00,251,28,2025-07-03,289.62,,0.00,289.62,45.00,174.77,Delivered,Cash,117.41,85.41
1129.00,230,2,2025-11-11,499.12,,0.00,499.12,25.00,288.64,Delivered,Wallet,114.84,82.84
1130.00,22,10,2025-05-23,262.62,,0.00,262.62,55.00,138.63,Delivered,Wallet,102.27,70.27
1131.00,178,2,2025-08-20,931.59,,0.00,931.59,55.00,553.09,Delivered,Wallet,222.69,190.69
1132.00,231,12,2025-11-14,615.39,,0.00,615.39,55.00,380.67,Delivered,Wallet,208.85,176.85
1133.00,56,6,2025-05-07,550.00,,0.00,550.00,0.00,342.30,Delivered,Card,110.00,78.00
1134.00,251,8,2025-10-27,275.88,,0.00,275.88,45.00,166.51,Delivered,Card,100.18,68.18
1135.00,186,22,2025-09-29,292.68,,0.00,292.68,35.00,171.11,Delivered,Wallet,108.17,76.17
1136.00,228,2,2025-09-22,405.32,,0.00,405.32,45.00,238.89,Delivered,Card,117.96,85.96
1137.00,142,22,2025-03-28,542.72,,0.00,542.72,55.00,344.00,Delivered,UPI,190.68,158.68
1138.00,61,30,2025-08-16,494.24,,0.00,494.24,25.00,267.34,Delivered,Card,123.85,91.85
1139.00,127,26,2025-06-10,481.00,,0.00,481.00,35.00,289.85,Delivered,Wallet,155.25,123.25
1140.00,40,4,2025-12-26,239.79,,0.00,239.79,45.00,150.96,Delivered,Card,88.16,56.16
1141.00,114,8,2025-06-08,1059.94,,0.00,1059.94,35.00,665.85,Delivered,Card,246.99,214.99
1142.00,258,10,2025-06-28,641.67,,0.00,641.67,0.00,375.57,Delivered,Cash,115.50,83.50
1143.00,171,11,2025-08-21,435.31,,0.00,435.31,25.00,243.85,Delivered,Cash,133.83,101.83
1144.00,158,25,2025-12-07,625.08,,0.00,625.08,0.00,377.68,Delivered,Cash,137.52,105.52
1145.00,169,25,2025-05-15,268.73,,0.00,268.73,25.00,168.75,Delivered,Card,84.12,52.12
1146.00,48,28,2025-10-18,750.87,,0.00,750.87,35.00,432.39,Delivered,UPI,222.72,190.72
1147.00,108,8,2025-05-29,493.61,,0.00,493.61,0.00,270.60,Delivered,Card,98.72,66.72
1148.00,223,25,2025-10-18,252.47,,0.00,252.47,45.00,150.97,Delivered,Card,100.54,68.54
1149.00,37,17,2025-05-12,717.73,,0.00,717.73,25.00,456.22,Delivered,Card,168.55,136.55
1150.00,114,14,2025-09-06,374.78,,0.00,374.78,0.00,201.39,Delivered,Wallet,93.70,61.70
1151.00,156,7,2025-02-17,1003.93,,0.00,1003.93,35.00,558.18,Delivered,Wallet,235.79,203.79
1152.00,27,21,2025-05-26,781.66,,0.00,781.66,35.00,463.04,Delivered,UPI,175.70,143.70
1153.00,283,27,2025-01-03,607.06,,0.00,607.06,0.00,344.56,Delivered,Cash,133.55,101.55
1154.00,214,10,2025-10-26,302.88,,0.00,302.88,25.00,179.60,Delivered,Wallet,79.52,47.52
1155.00,44,27,2025-11-08,470.64,,0.00,470.64,35.00,271.80,Cancelled,UPI,0.00,0.00
1156.00,56,19,2025-06-05,300.94,,0.00,300.94,45.00,178.39,Delivered,Wallet,111.21,79.21
1157.00,283,21,2025-08-07,462.83,,0.00,462.83,45.00,243.56,Delivered,Card,128.31,96.31
1158.00,11,28,2025-11-15,624.21,4,25.00,599.21,0.00,375.58,Cancelled,Cash,0.00,0.00
1159.00,115,2,2025-08-21,389.22,,0.00,389.22,25.00,226.23,Delivered,Cash,95.06,63.06
1160.00,205,24,2025-02-05,479.30,,0.00,479.30,0.00,284.70,Delivered,Cash,95.86,63.86
1161.00,264,10,2025-07-01,671.24,,0.00,671.24,25.00,367.90,Delivered,Card,145.82,113.82
1162.00,214,26,2025-10-09,471.84,,0.00,471.84,45.00,258.02,Cancelled,UPI,0.00,0.00
1163.00,223,24,2025-12-07,1253.76,,0.00,1253.76,0.00,670.25,Delivered,Wallet,250.75,218.75
1164.00,182,4,2025-08-31,296.60,,0.00,296.60,35.00,180.96,Delivered,UPI,88.39,56.39
1165.00,96,12,2025-06-11,446.00,,0.00,446.00,55.00,253.07,Delivered,Card,166.50,134.50
1166.00,201,24,2025-04-05,223.31,,0.00,223.31,55.00,130.45,Delivered,Card,99.66,67.66
1167.00,193,18,2025-11-17,321.44,,0.00,321.44,45.00,202.90,Delivered,Wallet,102.86,70.86
1168.00,202,4,2025-02-03,274.45,,0.00,274.45,35.00,158.80,Delivered,UPI,84.40,52.40
1169.00,2,21,2025-03-31,323.55,,0.00,323.55,55.00,176.34,Delivered,Wallet,113.24,81.24
1170.00,223,18,2025-01-10,592.34,,0.00,592.34,35.00,313.11,Delivered,Wallet,141.62,109.62
1171.00,191,21,2025-02-25,273.38,,0.00,273.38,0.00,145.68,Delivered,Wallet,49.21,17.21
1172.00,271,11,2025-01-08,635.25,,0.00,635.25,25.00,333.08,Delivered,Card,183.81,151.81
1173.00,299,7,2025-03-17,278.80,,0.00,278.80,25.00,167.43,Cancelled,Cash,0.00,0.00
1174.00,150,27,2025-08-02,1248.77,,0.00,1248.77,45.00,694.39,Delivered,Cash,319.73,287.73
1175.00,39,2,2025-09-19,400.51,,0.00,400.51,0.00,221.25,Delivered,UPI,72.09,40.09
1176.00,17,17,2025-02-04,335.95,,0.00,335.95,45.00,211.20,Delivered,Wallet,112.19,80.19
1177.00,18,7,2025-06-15,290.12,,0.00,290.12,35.00,177.85,Delivered,UPI,93.02,61.02
1178.00,59,13,2025-04-27,734.74,,0.00,734.74,35.00,406.24,Delivered,Wallet,196.64,164.64
1179.00,238,9,2025-08-30,319.24,,0.00,319.24,35.00,168.10,Delivered,Cash,92.46,60.46
1180.00,122,24,2025-12-20,338.79,,0.00,338.79,25.00,187.18,Delivered,Cash,92.76,60.76
1181.00,26,5,2025-03-03,1192.37,,0.00,1192.37,55.00,710.93,Delivered,Cash,293.47,261.47
1182.00,280,13,2025-04-27,841.65,,0.00,841.65,0.00,466.76,Delivered,UPI,185.16,153.16
1183.00,299,25,2025-02-27,577.90,,0.00,577.90,35.00,333.71,Cancelled,Cash,0.00,0.00
1184.00,139,12,2025-06-01,417.12,,0.00,417.12,45.00,219.90,Delivered,Wallet,149.28,117.28
1185.00,51,17,2025-12-24,675.90,,0.00,675.90,0.00,406.51,Delivered,Card,135.18,103.18
1186.00,297,26,2025-10-07,504.60,,0.00,504.60,25.00,272.68,Delivered,UPI,151.15,119.15
1187.00,292,2,2025-03-02,239.36,,0.00,239.36,55.00,134.69,Delivered,UPI,98.08,66.08
1188.00,205,16,2025-04-13,242.38,,0.00,242.38,25.00,138.95,Delivered,Card,73.48,41.48
1189.00,93,29,2025-12-03,875.40,,0.00,875.40,55.00,517.79,Delivered,UPI,247.59,215.59
1190.00,191,5,2025-05-13,384.54,,0.00,384.54,25.00,207.57,Delivered,Cash,101.91,69.91
1191.00,278,25,2025-01-14,391.33,,0.00,391.33,55.00,223.18,Delivered,UPI,141.09,109.09
1192.00,237,13,2025-05-02,705.02,,0.00,705.02,25.00,393.70,Delivered,UPI,180.10,148.10
1193.00,137,30,2025-04-20,249.93,,0.00,249.93,55.00,151.30,Delivered,UPI,104.99,72.99
1194.00,243,5,2025-08-11,447.45,,0.00,447.45,0.00,263.38,Cancelled,UPI,0.00,0.00
1195.00,285,25,2025-08-05,567.86,,0.00,567.86,25.00,317.77,Delivered,Cash,149.93,117.93
1196.00,103,2,2025-05-05,333.32,,0.00,333.32,35.00,182.92,Delivered,UPI,95.00,63.00
1197.00,158,4,2025-11-07,272.74,,0.00,272.74,0.00,168.72,Delivered,Wallet,49.09,17.09
1198.00,113,2,2025-04-05,271.46,,0.00,271.46,45.00,152.99,Delivered,Cash,93.86,61.86
1199.00,282,13,2025-02-12,1876.67,,0.00,1876.67,0.00,1084.90,Delivered,UPI,412.87,380.87
1200.00,246,13,2025-09-25,554.44,,0.00,554.44,0.00,339.11,Delivered,UPI,121.98,89.98
1201.00,42,8,2025-08-07,363.08,,0.00,363.08,45.00,207.47,Delivered,Cash,117.62,85.62
1202.00,18,2,2025-11-02,372.17,,0.00,372.17,0.00,198.31,Delivered,Card,66.99,34.99
1203.00,253,19,2025-10-01,319.56,,0.00,319.56,35.00,190.79,Delivered,UPI,105.30,73.30
1204.00,155,30,2025-05-30,1295.75,2,100.00,1195.75,35.00,684.81,Delivered,UPI,294.15,162.15
1205.00,96,3,2025-09-24,1206.37,,0.00,1206.37,0.00,659.50,Delivered,Cash,301.59,269.59
1206.00,38,8,2025-08-22,240.18,,0.00,240.18,55.00,146.40,Delivered,UPI,103.04,71.04
1207.00,124,10,2025-08-01,532.46,,0.00,532.46,35.00,300.49,Delivered,Cash,130.84,98.84
1208.00,163,13,2025-12-10,474.44,,0.00,474.44,35.00,259.64,Delivered,UPI,139.38,107.38
1209.00,169,18,2025-07-28,573.61,,0.00,573.61,25.00,358.68,Delivered,Card,128.25,96.25
1210.00,53,18,2025-11-08,574.96,,0.00,574.96,25.00,359.98,Delivered,Wallet,128.49,96.49
1211.00,235,6,2025-04-15,699.12,,0.00,699.12,0.00,443.82,Delivered,Cash,139.82,107.82
1212.00,168,17,2025-09-08,627.69,,0.00,627.69,25.00,375.98,Delivered,Card,150.54,118.54
1213.00,191,4,2025-11-24,684.29,,0.00,684.29,35.00,410.88,Delivered,Card,158.17,126.17
1214.00,91,20,2025-02-12,1188.40,,0.00,1188.40,35.00,707.07,Delivered,Card,272.68,240.68
1215.00,91,25,2025-09-23,978.88,,0.00,978.88,55.00,567.27,Delivered,Card,270.35,238.35
1216.00,49,19,2025-10-01,414.74,,0.00,414.74,0.00,244.94,Delivered,Cash,91.24,59.24
1217.00,275,25,2025-03-21,384.30,,0.00,384.30,0.00,219.25,Delivered,UPI,84.55,52.55
1218.00,86,21,2025-09-09,228.56,,0.00,228.56,55.00,133.38,Delivered,UPI,96.14,64.14
1219.00,46,14,2025-10-10,237.05,,0.00,237.05,55.00,132.28,Delivered,Card,114.26,82.26
1220.00,26,15,2025-02-28,314.43,,0.00,314.43,25.00,177.31,Delivered,UPI,87.89,55.89
1221.00,237,2,2025-07-31,600.30,,0.00,600.30,35.00,340.20,Delivered,Cash,143.05,111.05
1222.00,216,8,2025-02-09,1166.93,,0.00,1166.93,0.00,663.97,Delivered,UPI,233.39,201.39
1223.00,114,7,2025-03-05,431.48,,0.00,431.48,35.00,237.51,Delivered,UPI,121.30,89.30
1224.00,163,8,2025-12-16,307.53,,0.00,307.53,25.00,177.43,Delivered,Wallet,86.51,54.51
1225.00,218,13,2025-08-02,221.65,,0.00,221.65,55.00,123.46,Delivered,Card,103.76,71.76
1226.00,75,27,2025-05-20,625.18,,0.00,625.18,25.00,378.68,Delivered,Card,162.54,130.54
1227.00,256,5,2025-03-09,521.59,,0.00,521.59,45.00,300.56,Delivered,Card,149.32,117.32
1228.00,255,2,2025-09-20,230.82,,0.00,230.82,0.00,129.00,Cancelled,UPI,0.00,0.00
1229.00,265,15,2025-01-15,280.58,,0.00,280.58,35.00,153.60,Delivered,Cash,91.12,59.12
1230.00,64,11,2025-01-10,544.10,,0.00,544.10,55.00,322.80,Delivered,UPI,191.03,159.03
1231.00,174,17,2025-12-16,672.24,,0.00,672.24,55.00,360.32,Delivered,Cash,189.45,157.45
1232.00,189,5,2025-09-23,454.42,6,75.00,379.42,0.00,268.88,Delivered,Cash,90.88,-16.12
1233.00,169,7,2025-09-16,709.80,,0.00,709.80,0.00,371.45,Delivered,Cash,141.96,109.96
1234.00,274,6,2025-06-27,363.60,,0.00,363.60,35.00,211.72,Delivered,Card,107.72,75.72
1235.00,187,29,2025-09-23,234.62,,0.00,234.62,0.00,134.77,Delivered,Card,51.62,19.62
1236.00,41,17,2025-12-11,483.57,,0.00,483.57,35.00,298.93,Delivered,Cash,131.71,99.71
1237.00,90,24,2025-11-30,417.02,,0.00,417.02,35.00,252.44,Delivered,Card,118.40,86.40
1238.00,54,11,2025-01-13,704.90,,0.00,704.90,45.00,395.20,Delivered,UPI,221.23,189.23
1239.00,191,21,2025-09-23,307.97,,0.00,307.97,45.00,169.13,Delivered,Wallet,100.43,68.43
1240.00,31,28,2025-07-20,590.39,,0.00,590.39,25.00,331.54,Delivered,UPI,172.60,140.60
1241.00,58,24,2025-07-01,348.79,,0.00,348.79,25.00,215.05,Delivered,Card,94.76,62.76
1242.00,147,13,2025-04-25,514.85,,0.00,514.85,55.00,282.42,Delivered,Cash,168.27,136.27
1243.00,91,10,2025-12-28,432.23,,0.00,432.23,25.00,266.62,Delivered,Card,102.80,70.80
1244.00,261,13,2025-10-15,836.05,7,230.14,605.91,55.00,514.45,Delivered,UPI,238.93,-23.21
1245.00,43,18,2025-11-25,354.91,,0.00,354.91,0.00,186.84,Delivered,Wallet,63.88,31.88
1246.00,9,21,2025-08-01,376.82,,0.00,376.82,45.00,207.03,Delivered,Card,112.83,80.83
1247.00,7,3,2025-03-15,664.43,,0.00,664.43,45.00,370.88,Delivered,Wallet,211.11,179.11
1248.00,157,17,2025-02-18,1377.14,,0.00,1377.14,0.00,788.74,Delivered,Card,275.43,243.43
1249.00,91,4,2025-02-02,256.81,,0.00,256.81,0.00,153.94,Delivered,Card,46.23,14.23
1250.00,52,23,2025-01-23,481.56,,0.00,481.56,25.00,271.71,Delivered,UPI,111.68,79.68
1251.00,113,3,2025-07-21,525.10,,0.00,525.10,55.00,325.32,Delivered,Wallet,186.28,154.28
1252.00,202,12,2025-10-14,573.62,,0.00,573.62,25.00,337.51,Delivered,Card,168.41,136.41
1253.00,215,18,2025-09-24,281.66,,0.00,281.66,0.00,165.13,Delivered,Cash,50.70,18.70
1254.00,228,7,2025-12-08,292.35,,0.00,292.35,0.00,158.03,Delivered,Cash,58.47,26.47
1255.00,196,21,2025-03-08,501.28,,0.00,501.28,55.00,264.19,Delivered,UPI,145.23,113.23
1256.00,53,13,2025-12-15,1303.86,,0.00,1303.86,35.00,788.18,Delivered,UPI,321.85,289.85
1257.00,201,3,2025-09-13,291.26,,0.00,291.26,0.00,185.75,Delivered,Wallet,72.82,40.82
1258.00,286,28,2025-10-25,1561.80,,0.00,1561.80,35.00,948.58,Delivered,UPI,425.45,393.45
1259.00,35,13,2025-01-08,404.63,,0.00,404.63,45.00,252.44,Delivered,Card,134.02,102.02
1260.00,120,3,2025-01-10,660.57,,0.00,660.57,35.00,389.11,Delivered,Wallet,200.14,168.14
1261.00,37,8,2025-02-01,534.79,,0.00,534.79,0.00,307.63,Delivered,Wallet,106.96,74.96
1262.00,49,29,2025-07-19,361.24,1,150.00,211.24,25.00,228.74,Delivered,Card,104.47,-77.53
1263.00,52,12,2025-05-12,726.77,,0.00,726.77,55.00,385.28,Delivered,UPI,236.69,204.69
1264.00,172,12,2025-08-25,391.91,,0.00,391.91,0.00,227.15,Delivered,Cash,97.98,65.98
1265.00,10,15,2025-02-03,913.20,,0.00,913.20,25.00,494.49,Delivered,Cash,207.64,175.64
1266.00,2,17,2025-06-19,558.65,,0.00,558.65,35.00,290.97,Delivered,Card,146.73,114.73
1267.00,214,18,2025-07-09,1158.44,,0.00,1158.44,0.00,691.27,Delivered,Wallet,208.52,176.52
1268.00,239,2,2025-10-15,495.60,,0.00,495.60,25.00,303.72,Delivered,UPI,114.21,82.21
1269.00,141,21,2025-01-21,950.79,,0.00,950.79,45.00,504.20,Delivered,Wallet,216.14,184.14
1270.00,71,13,2025-03-01,557.78,,0.00,557.78,35.00,324.12,Delivered,UPI,157.71,125.71
1271.00,70,23,2025-07-14,276.26,,0.00,276.26,0.00,166.76,Delivered,Wallet,49.73,17.73
1272.00,266,25,2025-07-04,1014.93,8,180.00,834.93,0.00,625.39,Delivered,Wallet,223.28,11.28
1273.00,129,8,2025-08-15,1107.63,,0.00,1107.63,35.00,673.65,Delivered,Wallet,256.53,224.53
1274.00,282,23,2025-07-10,936.08,,0.00,936.08,35.00,580.90,Delivered,Card,203.49,171.49
1275.00,86,17,2025-12-30,874.01,,0.00,874.01,0.00,477.44,Delivered,UPI,174.80,142.80
1276.00,130,19,2025-04-01,363.46,,0.00,363.46,0.00,191.78,Cancelled,Card,0.00,0.00
1277.00,235,13,2025-12-01,701.64,,0.00,701.64,45.00,377.23,Delivered,Card,199.36,167.36
1278.00,101,24,2025-06-19,858.93,,0.00,858.93,55.00,514.05,Delivered,Card,226.79,194.79
1279.00,194,17,2025-12-03,274.28,,0.00,274.28,45.00,152.99,Delivered,Card,99.86,67.86
1280.00,179,16,2025-12-05,448.28,,0.00,448.28,0.00,278.94,Delivered,UPI,89.66,57.66
1281.00,296,7,2025-01-27,649.64,,0.00,649.64,0.00,395.57,Delivered,Card,129.93,97.93
1282.00,283,1,2025-07-29,300.03,,0.00,300.03,45.00,166.12,Delivered,UPI,111.01,79.01
1283.00,35,26,2025-04-04,537.04,,0.00,537.04,55.00,342.44,Delivered,Cash,189.26,157.26
1284.00,217,23,2025-10-31,667.32,,0.00,667.32,45.00,367.45,Delivered,Cash,165.12,133.12
1285.00,109,14,2025-07-06,383.28,1,150.00,233.28,45.00,207.41,Delivered,Wallet,140.82,-41.18
1286.00,248,18,2025-05-18,251.25,,0.00,251.25,25.00,140.64,Delivered,Card,70.22,38.22
1287.00,205,26,2025-06-24,568.86,,0.00,568.86,45.00,316.44,Delivered,UPI,187.22,155.22
1288.00,28,17,2025-04-01,579.75,,0.00,579.75,45.00,337.31,Delivered,Wallet,160.95,128.95
1289.00,63,28,2025-01-16,630.68,,0.00,630.68,45.00,339.65,Delivered,Card,202.67,170.67
1290.00,87,20,2025-08-30,471.07,,0.00,471.07,55.00,269.30,Delivered,Wallet,149.21,117.21
1291.00,274,22,2025-08-28,398.41,,0.00,398.41,25.00,226.76,Delivered,UPI,124.60,92.60
1292.00,78,29,2025-03-05,546.28,,0.00,546.28,35.00,323.22,Delivered,Card,155.18,123.18
1293.00,229,13,2025-09-16,441.24,,0.00,441.24,55.00,270.32,Delivered,UPI,152.07,120.07
1294.00,70,17,2025-03-12,513.08,,0.00,513.08,0.00,312.40,Delivered,UPI,102.62,70.62
1295.00,101,11,2025-11-18,239.66,,0.00,239.66,55.00,135.93,Delivered,Wallet,114.92,82.92
1296.00,255,9,2025-03-18,392.86,,0.00,392.86,55.00,238.93,Delivered,Card,125.71,93.71
1297.00,31,5,2025-01-07,651.73,,0.00,651.73,55.00,381.98,Delivered,UPI,185.35,153.35
1298.00,158,10,2025-08-14,442.94,,0.00,442.94,55.00,250.84,Delivered,Wallet,134.73,102.73
1299.00,10,16,2025-03-16,491.92,,0.00,491.92,25.00,305.06,Delivered,Wallet,123.38,91.38
1300.00,54,11,2025-07-10,349.34,,0.00,349.34,25.00,187.73,Cancelled,Card,0.00,0.00
1301.00,55,29,2025-11-21,672.60,,0.00,672.60,45.00,400.14,Delivered,Cash,192.97,160.97
1302.00,197,16,2025-06-13,724.39,,0.00,724.39,45.00,378.69,Delivered,Cash,189.88,157.88
1303.00,14,6,2025-10-28,244.52,,0.00,244.52,55.00,153.08,Delivered,Wallet,103.90,71.90
1304.00,145,2,2025-07-02,632.66,,0.00,632.66,0.00,363.61,Delivered,Cash,113.88,81.88
1305.00,99,5,2025-08-18,228.53,,0.00,228.53,25.00,144.03,Delivered,Cash,70.71,38.71
1306.00,205,11,2025-09-28,551.24,,0.00,551.24,55.00,350.60,Delivered,Cash,192.81,160.81
1307.00,44,9,2025-08-01,904.76,,0.00,904.76,0.00,546.96,Delivered,UPI,162.86,130.86
1308.00,116,3,2025-07-08,384.19,,0.00,384.19,25.00,238.31,Delivered,Cash,121.05,89.05
1309.00,47,5,2025-11-27,449.25,,0.00,449.25,25.00,245.72,Delivered,Wallet,114.85,82.85
1310.00,280,5,2025-06-29,462.06,,0.00,462.06,55.00,241.09,Delivered,Wallet,147.41,115.41
1311.00,14,29,2025-02-23,316.66,,0.00,316.66,35.00,185.94,Delivered,Card,104.67,72.67
1312.00,41,9,2025-06-25,370.47,,0.00,370.47,25.00,200.17,Delivered,Cash,91.68,59.68
1313.00,272,25,2025-03-29,1091.98,,0.00,1091.98,55.00,654.72,Delivered,Wallet,295.24,263.24
1314.00,60,24,2025-07-04,461.04,,0.00,461.04,25.00,280.83,Delivered,Card,117.21,85.21
1315.00,113,10,2025-09-25,339.70,,0.00,339.70,25.00,183.64,Delivered,Cash,86.15,54.15
1316.00,6,11,2025-08-04,777.00,,0.00,777.00,45.00,475.80,Delivered,Wallet,239.25,207.25
1317.00,281,20,2025-08-06,442.60,3,88.52,354.08,0.00,256.07,Delivered,Card,88.52,-32.00
1318.00,178,21,2025-01-03,602.58,,0.00,602.58,45.00,329.64,Delivered,Cash,153.46,121.46
1319.00,6,4,2025-03-20,417.85,,0.00,417.85,25.00,258.75,Delivered,Card,100.21,68.21
1320.00,1,9,2025-02-11,1301.11,,0.00,1301.11,0.00,715.57,Delivered,UPI,234.20,202.20
1321.00,256,16,2025-11-28,776.62,,0.00,776.62,45.00,454.28,Delivered,Wallet,200.32,168.32
1322.00,54,9,2025-10-02,786.39,6,75.00,711.39,55.00,503.21,Delivered,Wallet,196.55,89.55
1323.00,162,14,2025-06-20,396.24,,0.00,396.24,55.00,222.05,Cancelled,Card,0.00,0.00
1324.00,210,28,2025-08-21,278.27,,0.00,278.27,0.00,166.06,Delivered,Card,69.57,37.57
1325.00,7,16,2025-08-21,301.24,,0.00,301.24,25.00,186.71,Delivered,Cash,85.25,53.25
1326.00,30,22,2025-11-21,1060.67,,0.00,1060.67,25.00,643.54,Cancelled,Card,0.00,0.00
1327.00,250,24,2025-11-14,371.49,,0.00,371.49,25.00,199.51,Delivered,Cash,99.30,67.30
1328.00,10,25,2025-05-25,234.96,,0.00,234.96,35.00,139.06,Delivered,Wallet,86.69,54.69
1329.00,199,21,2025-07-25,462.60,8,154.39,308.21,55.00,263.09,Delivered,Wallet,138.27,-48.12
1330.00,96,26,2025-11-01,398.35,,0.00,398.35,45.00,240.38,Delivered,Card,144.59,112.59
1331.00,56,1,2025-11-26,629.32,,0.00,629.32,55.00,361.40,Delivered,UPI,193.45,161.45
1332.00,250,22,2025-06-28,541.65,,0.00,541.65,25.00,302.81,Delivered,Card,160.41,128.41
1333.00,243,7,2025-05-22,816.74,,0.00,816.74,45.00,442.13,Delivered,Cash,208.35,176.35
1334.00,259,27,2025-10-04,1125.00,,0.00,1125.00,45.00,674.79,Delivered,Card,292.50,260.50
1335.00,280,18,2025-06-23,941.88,,0.00,941.88,55.00,551.37,Delivered,Wallet,224.54,192.54
1336.00,47,1,2025-09-17,923.18,,0.00,923.18,0.00,584.70,Delivered,Card,203.10,171.10
1337.00,23,6,2025-03-25,579.12,,0.00,579.12,25.00,314.44,Delivered,UPI,140.82,108.82
1338.00,284,11,2025-03-28,1196.79,3,120.00,1076.79,0.00,629.82,Delivered,Card,299.20,147.20
1339.00,247,11,2025-05-26,619.29,,0.00,619.29,35.00,332.61,Delivered,Card,189.82,157.82
1340.00,279,20,2025-09-28,424.94,,0.00,424.94,35.00,224.12,Delivered,Wallet,119.99,87.99
1341.00,240,25,2025-07-23,987.82,,0.00,987.82,25.00,581.49,Delivered,Cash,242.32,210.32
1342.00,99,9,2025-05-13,320.30,,0.00,320.30,35.00,175.18,Delivered,UPI,92.65,60.65
1343.00,217,8,2025-01-01,343.44,,0.00,343.44,0.00,183.77,Delivered,Cash,68.69,36.69
1344.00,145,24,2025-04-23,646.72,,0.00,646.72,35.00,343.40,Delivered,UPI,164.34,132.34
1345.00,224,18,2025-07-03,961.66,,0.00,961.66,45.00,541.03,Delivered,Cash,218.10,186.10
1346.00,129,27,2025-03-03,239.52,,0.00,239.52,55.00,137.63,Cancelled,UPI,0.00,0.00
1347.00,209,6,2025-12-03,312.13,,0.00,312.13,45.00,187.16,Delivered,Card,107.43,75.43
1348.00,272,17,2025-10-31,674.79,,0.00,674.79,55.00,402.00,Delivered,Card,189.96,157.96
1349.00,298,8,2025-05-14,240.79,,0.00,240.79,55.00,138.34,Delivered,Card,103.16,71.16
1350.00,117,20,2025-08-28,571.22,,0.00,571.22,35.00,365.34,Delivered,Wallet,149.24,117.24
1351.00,19,20,2025-05-15,231.08,,0.00,231.08,25.00,134.94,Delivered,Cash,71.22,39.22
1352.00,270,20,2025-05-06,913.24,,0.00,913.24,55.00,496.15,Delivered,Wallet,237.65,205.65
1353.00,173,30,2025-07-16,394.65,,0.00,394.65,55.00,247.42,Delivered,UPI,133.93,101.93
1354.00,266,7,2025-12-18,567.22,,0.00,567.22,45.00,349.84,Delivered,Cash,158.44,126.44
1355.00,282,16,2025-02-12,583.45,,0.00,583.45,25.00,309.23,Delivered,Card,141.69,109.69
1356.00,212,14,2025-06-11,263.45,,0.00,263.45,35.00,155.27,Delivered,Cash,100.86,68.86
1357.00,20,27,2025-11-17,244.03,,0.00,244.03,25.00,131.05,Delivered,Card,78.69,46.69
1358.00,152,14,2025-10-10,571.86,,0.00,571.86,25.00,356.46,Delivered,UPI,167.97,135.97
1359.00,101,28,2025-03-20,291.64,,0.00,291.64,0.00,179.48,Delivered,Wallet,72.91,40.91
1360.00,247,15,2025-06-25,1099.30,8,180.00,919.30,45.00,654.24,Delivered,Wallet,264.86,52.86
1361.00,217,16,2025-01-26,447.99,,0.00,447.99,0.00,282.27,Delivered,UPI,89.60,57.60
1362.00,108,23,2025-04-12,894.40,,0.00,894.40,25.00,562.26,Delivered,UPI,185.99,153.99
1363.00,250,7,2025-12-12,623.51,,0.00,623.51,25.00,333.05,Delivered,Wallet,149.70,117.70
1364.00,143,25,2025-03-19,1372.31,,0.00,1372.31,35.00,727.67,Delivered,UPI,336.91,304.91
1365.00,173,20,2025-06-30,1246.06,,0.00,1246.06,45.00,713.28,Delivered,Wallet,294.21,262.21
1366.00,158,4,2025-11-20,343.45,,0.00,343.45,0.00,181.00,Delivered,Cash,61.82,29.82
1367.00,174,17,2025-08-05,619.54,4,55.00,564.54,0.00,332.26,Delivered,UPI,123.91,36.91
1368.00,129,11,2025-05-07,324.48,,0.00,324.48,25.00,192.66,Delivered,UPI,106.12,74.12
1369.00,114,9,2025-05-07,325.92,,0.00,325.92,25.00,178.84,Delivered,Cash,83.67,51.67
1370.00,74,25,2025-01-25,224.11,,0.00,224.11,0.00,124.49,Delivered,Card,49.30,17.30
1371.00,282,29,2025-04-08,591.85,,0.00,591.85,45.00,313.20,Delivered,Cash,175.21,143.21
1372.00,9,12,2025-03-09,233.70,,0.00,233.70,0.00,126.27,Delivered,Card,58.43,26.43
1373.00,139,21,2025-03-08,322.52,,0.00,322.52,55.00,199.47,Delivered,Cash,113.05,81.05
1374.00,284,12,2025-10-14,619.51,,0.00,619.51,25.00,375.61,Delivered,Cash,179.88,147.88
1375.00,257,14,2025-06-07,455.96,,0.00,455.96,55.00,241.74,Delivered,Wallet,168.99,136.99
1376.00,271,8,2025-10-13,337.83,,0.00,337.83,35.00,203.81,Delivered,UPI,102.57,70.57
1377.00,4,26,2025-02-01,323.98,,0.00,323.98,25.00,195.83,Delivered,Card,106.00,74.00
1378.00,86,3,2025-09-29,1067.18,,0.00,1067.18,45.00,619.77,Delivered,UPI,311.80,279.80
1379.00,184,18,2025-12-22,291.18,,0.00,291.18,25.00,185.07,Delivered,Wallet,77.41,45.41
1380.00,5,15,2025-08-20,349.63,,0.00,349.63,35.00,221.20,Delivered,Card,104.93,72.93
1381.00,153,6,2025-10-03,1448.70,,0.00,1448.70,0.00,880.57,Delivered,UPI,289.74,257.74
1382.00,37,21,2025-11-15,395.67,,0.00,395.67,0.00,241.74,Delivered,UPI,71.22,39.22
1383.00,279,24,2025-09-13,435.55,,0.00,435.55,25.00,271.73,Delivered,UPI,112.11,80.11
1384.00,209,8,2025-01-13,382.93,,0.00,382.93,35.00,241.96,Delivered,UPI,111.59,79.59
1385.00,25,27,2025-01-24,487.22,,0.00,487.22,35.00,262.08,Delivered,Wallet,142.19,110.19
1386.00,4,18,2025-02-11,300.54,,0.00,300.54,0.00,190.97,Delivered,Cash,54.10,22.10
1387.00,57,1,2025-12-30,502.59,,0.00,502.59,25.00,318.73,Delivered,Wallet,135.57,103.57
1388.00,1,20,2025-09-16,520.79,,0.00,520.79,35.00,273.48,Delivered,Wallet,139.16,107.16
1389.00,36,12,2025-03-14,262.29,,0.00,262.29,45.00,166.25,Delivered,Card,110.57,78.57
1390.00,231,16,2025-02-19,500.13,,0.00,500.13,25.00,284.99,Delivered,Wallet,125.03,93.03
1391.00,81,29,2025-11-25,694.13,,0.00,694.13,45.00,418.35,Delivered,Card,197.71,165.71
1392.00,204,23,2025-06-14,265.28,,0.00,265.28,55.00,154.72,Delivered,Wallet,102.75,70.75
1393.00,131,28,2025-04-06,1129.36,,0.00,1129.36,35.00,657.32,Delivered,Card,317.34,285.34
1394.00,252,4,2025-07-18,223.65,,0.00,223.65,0.00,135.50,Delivered,Card,40.26,8.26
1395.00,96,16,2025-10-11,514.85,,0.00,514.85,35.00,304.34,Delivered,Wallet,137.97,105.97
1396.00,153,21,2025-07-31,409.27,,0.00,409.27,35.00,227.21,Cancelled,Cash,0.00,0.00
1397.00,50,16,2025-11-10,924.46,,0.00,924.46,25.00,503.72,Delivered,UPI,209.89,177.89
1398.00,264,11,2025-04-22,555.39,,0.00,555.39,0.00,345.96,Delivered,Cash,138.85,106.85
1399.00,176,25,2025-03-02,449.28,,0.00,449.28,55.00,286.28,Delivered,Wallet,153.84,121.84
1400.00,120,11,2025-06-15,342.22,,0.00,342.22,35.00,207.35,Delivered,Card,120.56,88.56
1401.00,28,28,2025-12-06,406.09,,0.00,406.09,0.00,253.27,Delivered,UPI,101.52,69.52
1402.00,53,19,2025-10-03,814.76,,0.00,814.76,0.00,444.59,Delivered,UPI,179.25,147.25
1403.00,43,10,2025-10-14,255.37,,0.00,255.37,45.00,149.23,Cancelled,Cash,0.00,0.00
1404.00,121,4,2025-11-11,515.35,,0.00,515.35,25.00,313.98,Delivered,UPI,117.76,85.76
1405.00,182,19,2025-05-10,994.88,,0.00,994.88,0.00,556.36,Delivered,Wallet,218.87,186.87
1406.00,209,30,2025-04-04,410.61,,0.00,410.61,55.00,258.28,Cancelled,Cash,0.00,0.00
1407.00,203,15,2025-10-02,403.33,,0.00,403.33,45.00,221.92,Delivered,Cash,125.67,93.67
1408.00,5,2,2025-03-20,747.85,,0.00,747.85,55.00,450.28,Delivered,UPI,189.61,157.61
1409.00,82,28,2025-02-24,515.91,,0.00,515.91,25.00,275.25,Delivered,UPI,153.98,121.98
1410.00,22,9,2025-03-26,313.32,,0.00,313.32,35.00,185.69,Delivered,Card,91.40,59.40
1411.00,42,22,2025-12-04,574.09,,0.00,574.09,35.00,335.29,Delivered,Card,178.52,146.52
1412.00,114,8,2025-08-26,265.52,,0.00,265.52,25.00,146.90,Delivered,Card,78.10,46.10
1413.00,19,23,2025-07-15,701.23,,0.00,701.23,45.00,406.01,Delivered,Card,171.22,139.22
1414.00,7,15,2025-09-10,492.42,,0.00,492.42,25.00,311.53,Delivered,Wallet,123.48,91.48
1415.00,284,29,2025-02-03,410.65,,0.00,410.65,25.00,256.84,Delivered,Wallet,115.34,83.34
1416.00,218,11,2025-12-30,788.24,,0.00,788.24,35.00,412.30,Delivered,Wallet,232.06,200.06
1417.00,259,28,2025-12-02,597.64,,0.00,597.64,35.00,336.52,Delivered,Wallet,184.41,152.41
1418.00,274,7,2025-07-20,693.14,,0.00,693.14,45.00,402.22,Delivered,UPI,183.63,151.63
1419.00,229,4,2025-03-03,517.91,,0.00,517.91,45.00,302.82,Delivered,Wallet,138.22,106.22
1420.00,192,16,2025-01-31,613.68,,0.00,613.68,45.00,377.56,Delivered,Card,167.74,135.74
1421.00,21,4,2025-10-11,324.40,,0.00,324.40,0.00,192.03,Delivered,Card,58.39,26.39
1422.00,96,8,2025-11-06,1564.05,,0.00,1564.05,55.00,899.61,Delivered,Cash,367.81,335.81
1423.00,70,22,2025-01-10,1381.75,,0.00,1381.75,0.00,842.56,Delivered,Wallet,345.44,313.44
1424.00,109,18,2025-04-09,608.29,,0.00,608.29,45.00,381.55,Delivered,Wallet,154.49,122.49
1425.00,86,27,2025-06-09,247.08,,0.00,247.08,25.00,156.39,Delivered,UPI,79.36,47.36
1426.00,226,11,2025-01-02,586.98,,0.00,586.98,0.00,356.50,Delivered,UPI,146.75,114.75
1427.00,20,8,2025-06-03,292.25,,0.00,292.25,55.00,157.02,Delivered,Cash,113.45,81.45
1428.00,210,5,2025-03-19,350.50,,0.00,350.50,35.00,186.69,Delivered,UPI,105.10,73.10
1429.00,28,11,2025-11-22,656.16,,0.00,656.16,0.00,352.41,Delivered,UPI,164.04,132.04
1430.00,259,5,2025-03-19,2738.41,,0.00,2738.41,35.00,1657.16,Delivered,Card,582.68,550.68
1431.00,289,5,2025-12-03,1052.82,,0.00,1052.82,35.00,564.42,Delivered,Card,245.56,213.56
1432.00,268,24,2025-07-23,355.20,,0.00,355.20,55.00,199.74,Delivered,Cash,126.04,94.04
1433.00,153,15,2025-09-24,871.05,,0.00,871.05,35.00,490.49,Delivered,UPI,209.21,177.21
1434.00,25,27,2025-11-25,717.62,,0.00,717.62,45.00,417.12,Delivered,Wallet,202.88,170.88
1435.00,136,29,2025-11-29,619.93,,0.00,619.93,25.00,380.78,Delivered,Card,161.38,129.38
1436.00,239,17,2025-03-19,757.42,,0.00,757.42,45.00,410.97,Delivered,Card,196.48,164.48
1437.00,279,22,2025-05-11,355.26,,0.00,355.26,0.00,222.09,Delivered,Card,88.82,56.82
1438.00,77,11,2025-12-22,888.82,,0.00,888.82,25.00,541.79,Delivered,Cash,247.21,215.21
1439.00,90,18,2025-08-15,371.38,,0.00,371.38,25.00,223.02,Delivered,UPI,91.85,59.85
1440.00,84,4,2025-06-21,225.02,,0.00,225.02,25.00,142.14,Delivered,Card,65.50,33.50
1441.00,64,28,2025-08-22,255.43,,0.00,255.43,55.00,162.63,Delivered,Cash,118.86,86.86
1442.00,223,21,2025-04-23,949.60,,0.00,949.60,0.00,603.83,Delivered,Card,170.93,138.93
1443.00,148,13,2025-05-24,757.16,,0.00,757.16,0.00,428.02,Delivered,Card,166.58,134.58
1444.00,275,6,2025-10-11,819.68,,0.00,819.68,55.00,484.35,Delivered,UPI,218.94,186.94
1445.00,251,11,2025-05-11,314.19,,0.00,314.19,55.00,172.69,Delivered,Card,133.55,101.55
1446.00,47,3,2025-09-26,1216.50,,0.00,1216.50,0.00,650.80,Delivered,Wallet,304.13,272.13
1447.00,86,14,2025-04-25,288.61,,0.00,288.61,45.00,169.38,Delivered,Card,117.15,85.15
1448.00,137,8,2025-02-18,478.76,,0.00,478.76,45.00,296.49,Delivered,Cash,140.75,108.75
1449.00,297,13,2025-09-11,964.08,,0.00,964.08,55.00,551.66,Delivered,Cash,267.10,235.10
1450.00,268,27,2025-04-14,412.96,,0.00,412.96,25.00,260.28,Cancelled,Wallet,0.00,0.00
1451.00,249,20,2025-03-17,363.90,,0.00,363.90,35.00,193.11,Delivered,Cash,107.78,75.78
1452.00,246,28,2025-09-28,457.46,,0.00,457.46,35.00,253.89,Delivered,Card,149.37,117.37
1453.00,95,16,2025-09-11,227.32,,0.00,227.32,35.00,134.36,Delivered,Card,80.46,48.46
1454.00,271,23,2025-03-26,468.90,,0.00,468.90,25.00,287.08,Delivered,Wallet,109.40,77.40
1455.00,87,22,2025-07-16,321.87,,0.00,321.87,35.00,187.65,Delivered,Cash,115.47,83.47
1456.00,139,9,2025-08-28,408.30,,0.00,408.30,55.00,252.74,Delivered,UPI,128.49,96.49
1457.00,33,26,2025-08-21,606.72,,0.00,606.72,55.00,381.64,Delivered,Card,206.68,174.68
1458.00,95,16,2025-10-26,465.22,,0.00,465.22,45.00,282.45,Delivered,Cash,138.04,106.04
1459.00,177,9,2025-02-28,265.76,,0.00,265.76,45.00,162.70,Delivered,Cash,92.84,60.84
1460.00,219,18,2025-03-25,240.77,,0.00,240.77,25.00,135.79,Delivered,UPI,68.34,36.34
1461.00,103,26,2025-01-18,252.75,,0.00,252.75,45.00,148.15,Delivered,Wallet,108.19,76.19
1462.00,118,25,2025-06-26,334.47,,0.00,334.47,35.00,193.14,Delivered,Card,108.58,76.58
1463.00,249,22,2025-03-14,414.30,,0.00,414.30,45.00,236.09,Delivered,Card,148.57,116.57
1464.00,88,6,2025-03-03,876.98,,0.00,876.98,25.00,486.33,Delivered,Card,200.40,168.40
1465.00,254,2,2025-10-08,1400.14,7,250.00,1150.14,45.00,728.18,Delivered,Card,297.03,15.03
1466.00,157,2,2025-02-16,424.14,,0.00,424.14,45.00,263.14,Delivered,Cash,121.35,89.35
1467.00,148,4,2025-11-07,1184.31,,0.00,1184.31,25.00,731.34,Delivered,Card,238.18,206.18
1468.00,114,15,2025-08-24,636.14,,0.00,636.14,25.00,376.95,Delivered,Card,152.23,120.23
1469.00,137,7,2025-10-11,481.62,,0.00,481.62,45.00,259.66,Delivered,UPI,141.32,109.32
1470.00,109,20,2025-08-17,357.98,,0.00,357.98,0.00,200.95,Delivered,UPI,71.60,39.60
1471.00,12,12,2025-07-04,316.84,,0.00,316.84,35.00,180.38,Delivered,Cash,114.21,82.21
1472.00,281,3,2025-04-09,661.39,,0.00,661.39,0.00,365.25,Delivered,Wallet,165.35,133.35
1473.00,169,25,2025-10-01,291.42,,0.00,291.42,45.00,171.64,Delivered,Cash,109.11,77.11
1474.00,101,25,2025-12-30,241.58,,0.00,241.58,55.00,134.28,Delivered,Wallet,108.15,76.15
1475.00,261,11,2025-08-16,1261.47,,0.00,1261.47,45.00,763.88,Delivered,Wallet,360.37,328.37
1476.00,134,8,2025-04-13,727.48,,0.00,727.48,55.00,465.54,Delivered,UPI,200.50,168.50
1477.00,295,2,2025-06-02,276.34,,0.00,276.34,35.00,173.25,Delivered,Card,84.74,52.74
1478.00,76,11,2025-10-28,909.43,,0.00,909.43,0.00,485.73,Delivered,Wallet,227.36,195.36
1479.00,114,21,2025-02-26,338.13,,0.00,338.13,25.00,214.19,Delivered,UPI,85.86,53.86
1480.00,53,4,2025-05-12,459.58,,0.00,459.58,45.00,277.87,Delivered,UPI,127.72,95.72
1481.00,124,10,2025-06-08,657.11,,0.00,657.11,25.00,368.16,Delivered,UPI,143.28,111.28
1482.00,56,5,2025-08-03,626.77,,0.00,626.77,45.00,358.30,Delivered,Wallet,170.35,138.35
1483.00,177,16,2025-05-21,360.42,,0.00,360.42,25.00,196.85,Delivered,Card,97.08,65.08
1484.00,15,30,2025-02-18,445.49,,0.00,445.49,35.00,284.32,Delivered,Cash,124.10,92.10
1485.00,115,18,2025-09-16,311.52,,0.00,311.52,45.00,177.07,Cancelled,Cash,0.00,0.00
1486.00,135,28,2025-04-01,611.37,,0.00,611.37,25.00,383.14,Delivered,Cash,177.84,145.84
1487.00,28,13,2025-03-20,597.83,,0.00,597.83,0.00,347.61,Delivered,Card,131.52,99.52
1488.00,222,20,2025-11-26,958.01,,0.00,958.01,45.00,558.11,Delivered,Wallet,236.60,204.60
1489.00,78,19,2025-01-31,260.03,,0.00,260.03,55.00,135.75,Delivered,Card,112.21,80.21
1490.00,286,6,2025-07-09,318.44,,0.00,318.44,45.00,187.40,Delivered,Wallet,108.69,76.69
1491.00,49,23,2025-11-22,337.26,,0.00,337.26,25.00,178.63,Delivered,Card,85.71,53.71
1492.00,271,24,2025-08-13,532.61,,0.00,532.61,0.00,298.14,Delivered,Cash,106.52,74.52
1493.00,194,25,2025-07-13,232.93,,0.00,232.93,0.00,137.63,Delivered,Wallet,51.24,19.24
1494.00,175,17,2025-10-23,303.60,,0.00,303.60,55.00,167.91,Delivered,UPI,115.72,83.72
1495.00,17,28,2025-06-12,374.47,,0.00,374.47,25.00,208.13,Delivered,Wallet,118.62,86.62
1496.00,108,20,2025-03-13,669.47,,0.00,669.47,35.00,418.79,Delivered,Wallet,168.89,136.89
1497.00,117,17,2025-03-09,400.64,,0.00,400.64,45.00,228.79,Delivered,Cash,125.13,93.13
1498.00,255,9,2025-07-20,915.41,,0.00,915.41,0.00,527.38,Delivered,Cash,164.77,132.77
1499.00,3,10,2025-03-09,353.89,,0.00,353.89,25.00,212.22,Delivered,Wallet,88.70,56.70
1500.00,16,7,2025-07-03,1402.80,,0.00,1402.80,0.00,771.05,Delivered,Wallet,280.56,248.56
1501.00,38,9,2025-11-15,590.10,,0.00,590.10,25.00,371.89,Delivered,Cash,131.22,99.22
1502.00,262,4,2025-03-26,410.35,,0.00,410.35,55.00,224.56,Delivered,Wallet,128.86,96.86
1503.00,50,5,2025-06-08,1255.61,,0.00,1255.61,35.00,663.61,Delivered,Card,286.12,254.12
1504.00,221,6,2025-02-20,315.41,,0.00,315.41,25.00,190.24,Delivered,Card,88.08,56.08
1505.00,180,5,2025-10-14,340.12,,0.00,340.12,55.00,196.01,Delivered,Wallet,123.02,91.02
1506.00,129,20,2025-12-26,590.20,,0.00,590.20,45.00,357.62,Delivered,Cash,163.04,131.04
1507.00,19,24,2025-07-03,250.64,,0.00,250.64,55.00,145.89,Delivered,Card,105.13,73.13
1508.00,192,2,2025-01-28,377.99,,0.00,377.99,0.00,222.91,Delivered,Card,68.04,36.04
1509.00,216,27,2025-06-27,262.80,,0.00,262.80,35.00,149.65,Delivered,Card,92.82,60.82
1510.00,243,26,2025-10-19,1320.88,,0.00,1320.88,45.00,810.66,Cancelled,Wallet,0.00,0.00
1511.00,278,30,2025-02-05,404.67,,0.00,404.67,35.00,223.03,Delivered,Cash,115.93,83.93
1512.00,210,4,2025-04-22,628.21,,0.00,628.21,25.00,387.99,Delivered,UPI,138.08,106.08
1513.00,16,21,2025-01-23,741.29,,0.00,741.29,55.00,426.70,Delivered,Card,188.43,156.43
1514.00,127,24,2025-09-02,960.46,,0.00,960.46,25.00,499.94,Delivered,Card,217.09,185.09
1515.00,174,19,2025-01-31,249.54,,0.00,249.54,45.00,153.37,Cancelled,UPI,0.00,0.00
1516.00,294,2,2025-12-24,830.14,,0.00,830.14,0.00,488.61,Delivered,Wallet,149.43,117.43
1517.00,204,24,2025-11-21,240.95,,0.00,240.95,0.00,126.81,Delivered,Wallet,48.19,16.19
1518.00,161,12,2025-09-24,560.54,,0.00,560.54,45.00,329.78,Delivered,Wallet,185.14,153.14
1519.00,244,10,2025-04-03,416.82,4,55.00,361.82,0.00,253.38,Delivered,UPI,75.03,-11.97
1520.00,152,17,2025-11-03,459.94,,0.00,459.94,35.00,258.82,Cancelled,Card,0.00,0.00
1521.00,216,30,2025-02-26,802.48,,0.00,802.48,0.00,440.18,Cancelled,Cash,0.00,0.00
1522.00,62,4,2025-03-25,375.83,,0.00,375.83,55.00,209.58,Delivered,UPI,122.65,90.65
1523.00,263,11,2025-05-09,584.60,,0.00,584.60,45.00,310.88,Delivered,Wallet,191.15,159.15
1524.00,179,29,2025-09-26,558.82,,0.00,558.82,35.00,303.60,Delivered,UPI,157.94,125.94
1525.00,94,9,2025-12-04,422.58,,0.00,422.58,45.00,246.29,Delivered,UPI,121.06,89.06
1526.00,285,16,2025-12-17,455.91,,0.00,455.91,0.00,261.99,Delivered,Cash,91.18,59.18
1527.00,68,8,2025-03-23,792.36,3,120.00,672.36,25.00,457.58,Delivered,Card,183.47,31.47
1528.00,50,29,2025-01-07,526.66,,0.00,526.66,0.00,303.09,Delivered,Wallet,115.87,83.87
1529.00,56,19,2025-06-06,414.57,,0.00,414.57,45.00,218.57,Delivered,Cash,136.21,104.21
1530.00,145,2,2025-01-15,221.72,,0.00,221.72,45.00,131.88,Delivered,Wallet,84.91,52.91
1531.00,256,10,2025-05-27,1638.41,,0.00,1638.41,0.00,1021.22,Delivered,Wallet,294.91,262.91
1532.00,156,6,2025-12-17,667.81,,0.00,667.81,35.00,360.20,Delivered,UPI,168.56,136.56
1533.00,11,17,2025-09-02,741.09,,0.00,741.09,55.00,434.10,Delivered,Card,203.22,171.22
1534.00,125,12,2025-07-15,726.39,,0.00,726.39,35.00,429.09,Delivered,Cash,216.60,184.60
1535.00,134,24,2025-10-09,405.11,,0.00,405.11,55.00,227.69,Delivered,Card,136.02,104.02
1536.00,32,7,2025-07-18,349.67,,0.00,349.67,45.00,206.93,Delivered,Card,114.93,82.93
1537.00,82,5,2025-03-08,223.98,,0.00,223.98,35.00,124.04,Delivered,UPI,79.80,47.80
1538.00,180,8,2025-01-18,851.59,,0.00,851.59,25.00,475.60,Delivered,UPI,195.32,163.32
1539.00,56,10,2025-09-28,678.97,,0.00,678.97,0.00,411.02,Delivered,UPI,122.21,90.21
1540.00,27,21,2025-08-08,300.18,,0.00,300.18,35.00,189.98,Delivered,Card,89.03,57.03
1541.00,183,6,2025-07-15,245.35,,0.00,245.35,35.00,148.68,Delivered,Cash,84.07,52.07
1542.00,128,22,2025-02-27,491.18,,0.00,491.18,55.00,255.83,Delivered,UPI,177.80,145.80
1543.00,156,11,2025-03-24,676.24,,0.00,676.24,25.00,383.70,Delivered,Card,194.06,162.06
1544.00,277,3,2025-05-28,768.85,,0.00,768.85,35.00,468.48,Delivered,UPI,227.21,195.21
1545.00,81,28,2025-05-06,1125.68,,0.00,1125.68,55.00,609.34,Delivered,Card,336.42,304.42
1546.00,51,22,2025-01-22,495.76,,0.00,495.76,25.00,279.65,Delivered,Cash,148.94,116.94
1547.00,118,21,2025-08-16,518.98,6,75.00,443.98,55.00,322.80,Delivered,UPI,148.42,41.42
1548.00,57,22,2025-05-25,537.77,,0.00,537.77,25.00,306.78,Delivered,UPI,159.44,127.44
1549.00,90,12,2025-08-16,225.30,,0.00,225.30,25.00,120.33,Delivered,Cash,81.33,49.33
1550.00,264,14,2025-08-26,1326.22,,0.00,1326.22,0.00,749.28,Delivered,Card,331.56,299.56
1551.00,8,1,2025-10-27,224.45,,0.00,224.45,35.00,125.10,Delivered,Wallet,84.38,52.38
1552.00,228,22,2025-02-16,251.41,,0.00,251.41,25.00,150.59,Delivered,UPI,87.85,55.85
1553.00,145,24,2025-06-23,258.88,,0.00,258.88,45.00,155.54,Delivered,Wallet,96.78,64.78
1554.00,174,26,2025-11-29,262.84,,0.00,262.84,55.00,136.80,Delivered,UPI,120.71,88.71
1555.00,298,11,2025-01-03,384.55,,0.00,384.55,55.00,204.93,Delivered,Cash,151.14,119.14
1556.00,252,19,2025-10-26,921.62,,0.00,921.62,35.00,565.92,Delivered,UPI,237.76,205.76
1557.00,243,13,2025-11-20,1082.03,,0.00,1082.03,35.00,577.91,Cancelled,Card,0.00,0.00
1558.00,235,28,2025-02-09,879.51,,0.00,879.51,0.00,508.60,Delivered,Cash,219.88,187.88
1559.00,177,8,2025-01-21,239.71,,0.00,239.71,35.00,136.73,Delivered,Card,82.94,50.94
1560.00,278,5,2025-08-29,245.73,,0.00,245.73,55.00,130.41,Delivered,UPI,104.15,72.15
1561.00,100,4,2025-04-07,586.14,,0.00,586.14,35.00,352.89,Delivered,Wallet,140.51,108.51
1562.00,66,22,2025-12-03,351.10,,0.00,351.10,35.00,211.91,Delivered,Card,122.78,90.78
1563.00,300,13,2025-05-06,611.08,,0.00,611.08,0.00,335.66,Delivered,Wallet,134.44,102.44
1564.00,25,23,2025-10-23,267.23,,0.00,267.23,0.00,144.00,Delivered,Cash,48.10,16.10
1565.00,64,25,2025-10-31,225.80,,0.00,225.80,45.00,139.84,Delivered,Card,94.68,62.68
1566.00,129,13,2025-09-10,494.43,,0.00,494.43,55.00,306.52,Delivered,Wallet,163.77,131.77
1567.00,187,28,2025-05-01,829.32,,0.00,829.32,35.00,514.27,Delivered,UPI,242.33,210.33
1568.00,207,12,2025-05-26,357.13,,0.00,357.13,55.00,198.18,Delivered,Card,144.28,112.28
1569.00,8,21,2025-02-21,383.33,,0.00,383.33,45.00,244.67,Delivered,Card,114.00,82.00
1570.00,95,29,2025-01-21,224.74,,0.00,224.74,35.00,121.25,Delivered,Cash,84.44,52.44
1571.00,206,13,2025-04-08,357.60,,0.00,357.60,35.00,221.53,Cancelled,Card,0.00,0.00
1572.00,162,11,2025-07-09,294.77,,0.00,294.77,55.00,158.68,Delivered,Wallet,128.69,96.69
1573.00,8,7,2025-09-16,674.72,,0.00,674.72,25.00,398.82,Delivered,Card,159.94,127.94
1574.00,262,3,2025-09-03,804.60,,0.00,804.60,45.00,430.33,Cancelled,UPI,0.00,0.00
1575.00,249,3,2025-09-10,399.99,,0.00,399.99,45.00,220.98,Delivered,UPI,145.00,113.00
1576.00,152,11,2025-02-16,467.91,,0.00,467.91,25.00,268.96,Delivered,UPI,141.98,109.98
1577.00,285,24,2025-02-16,1393.76,,0.00,1393.76,25.00,856.66,Delivered,Wallet,303.75,271.75
1578.00,8,19,2025-09-09,239.92,,0.00,239.92,0.00,150.70,Delivered,UPI,52.78,20.78
1579.00,99,15,2025-10-13,446.41,,0.00,446.41,45.00,268.49,Delivered,Cash,134.28,102.28
1580.00,162,22,2025-11-15,447.82,,0.00,447.82,0.00,260.22,Delivered,UPI,111.96,79.96
1581.00,79,18,2025-09-14,447.94,,0.00,447.94,45.00,285.36,Delivered,Wallet,125.63,93.63
1582.00,127,29,2025-12-14,789.10,,0.00,789.10,35.00,441.15,Delivered,Wallet,208.60,176.60
1583.00,151,13,2025-01-21,425.07,,0.00,425.07,0.00,246.24,Delivered,Card,93.52,61.52
1584.00,156,9,2025-01-29,692.08,,0.00,692.08,35.00,398.55,Delivered,UPI,159.57,127.57
1585.00,59,13,2025-04-13,466.35,,0.00,466.35,45.00,285.26,Delivered,Card,147.60,115.60
1586.00,44,15,2025-12-01,799.04,,0.00,799.04,35.00,477.94,Delivered,Wallet,194.81,162.81
1587.00,234,13,2025-10-24,318.34,,0.00,318.34,35.00,174.30,Delivered,UPI,105.03,73.03
1588.00,98,9,2025-12-01,918.62,,0.00,918.62,25.00,513.46,Delivered,UPI,190.35,158.35
1589.00,157,8,2025-06-09,1016.72,,0.00,1016.72,25.00,627.01,Delivered,UPI,228.34,196.34
1590.00,54,29,2025-11-06,534.37,,0.00,534.37,55.00,341.15,Delivered,Card,172.56,140.56
1591.00,260,10,2025-06-14,501.12,,0.00,501.12,55.00,310.96,Delivered,Wallet,145.20,113.20
1592.00,263,5,2025-09-26,554.79,,0.00,554.79,25.00,289.29,Delivered,Wallet,135.96,103.96
1593.00,156,2,2025-07-28,828.20,,0.00,828.20,25.00,498.52,Delivered,UPI,174.08,142.08
1594.00,221,3,2025-03-11,450.07,,0.00,450.07,55.00,244.51,Delivered,Card,167.52,135.52
1595.00,298,25,2025-01-04,415.61,,0.00,415.61,45.00,242.22,Delivered,Wallet,136.43,104.43
1596.00,160,9,2025-03-26,514.48,,0.00,514.48,0.00,301.94,Delivered,UPI,92.61,60.61
1597.00,272,29,2025-04-16,271.79,,0.00,271.79,45.00,147.19,Delivered,Cash,104.79,72.79
1598.00,245,26,2025-02-01,519.45,,0.00,519.45,45.00,280.77,Delivered,Wallet,174.86,142.86
1599.00,92,25,2025-01-19,512.92,,0.00,512.92,55.00,323.48,Delivered,UPI,167.84,135.84
1600.00,65,16,2025-01-06,253.22,,0.00,253.22,25.00,160.85,Delivered,UPI,75.64,43.64
1601.00,296,29,2025-11-17,328.13,,0.00,328.13,45.00,181.82,Delivered,Wallet,117.19,85.19
1602.00,227,18,2025-02-14,235.83,,0.00,235.83,35.00,144.84,Delivered,Wallet,77.45,45.45
1603.00,29,27,2025-02-11,317.60,,0.00,317.60,55.00,171.73,Delivered,UPI,124.87,92.87
1604.00,48,14,2025-06-11,629.17,,0.00,629.17,55.00,389.01,Delivered,Cash,212.29,180.29
1605.00,234,2,2025-08-14,284.52,,0.00,284.52,0.00,176.35,Delivered,UPI,51.21,19.21
1606.00,35,17,2025-12-08,303.15,,0.00,303.15,45.00,186.55,Delivered,UPI,105.63,73.63
1607.00,122,13,2025-07-21,1405.58,,0.00,1405.58,25.00,876.18,Delivered,UPI,334.23,302.23
1608.00,221,26,2025-01-22,535.43,,0.00,535.43,0.00,316.92,Delivered,Card,133.86,101.86
1609.00,77,9,2025-10-03,284.26,,0.00,284.26,0.00,177.59,Delivered,Wallet,51.17,19.17
1610.00,48,8,2025-08-30,506.09,,0.00,506.09,0.00,283.17,Cancelled,UPI,0.00,0.00
1611.00,260,25,2025-07-14,715.52,8,180.00,535.52,55.00,445.57,Delivered,Card,212.41,0.41
1612.00,293,4,2025-02-05,269.78,,0.00,269.78,25.00,145.84,Cancelled,Wallet,0.00,0.00
1613.00,295,28,2025-10-16,1316.33,,0.00,1316.33,25.00,739.30,Delivered,Cash,354.08,322.08
1614.00,124,6,2025-09-14,728.98,,0.00,728.98,45.00,421.88,Delivered,Wallet,190.80,158.80
1615.00,23,25,2025-03-16,288.48,,0.00,288.48,45.00,175.88,Delivered,Cash,108.47,76.47
1616.00,164,28,2025-02-24,290.34,,0.00,290.34,55.00,173.59,Delivered,Cash,127.59,95.59
1617.00,75,9,2025-05-16,742.20,,0.00,742.20,35.00,408.48,Delivered,Wallet,168.60,136.60
1618.00,266,19,2025-12-27,1146.74,,0.00,1146.74,25.00,611.50,Delivered,Card,277.28,245.28
1619.00,47,8,2025-07-09,2326.36,,0.00,2326.36,35.00,1238.70,Cancelled,Wallet,0.00,0.00
1620.00,105,25,2025-12-07,770.94,,0.00,770.94,55.00,401.97,Delivered,Wallet,224.61,192.61
1621.00,258,26,2025-12-25,448.77,,0.00,448.77,0.00,282.33,Delivered,UPI,112.19,80.19
1622.00,263,1,2025-01-08,453.20,,0.00,453.20,35.00,271.07,Delivered,Card,134.70,102.70
1623.00,187,6,2025-10-09,1186.57,,0.00,1186.57,45.00,617.66,Cancelled,UPI,0.00,0.00
1624.00,269,28,2025-10-21,499.38,,0.00,499.38,35.00,316.36,Delivered,Wallet,159.85,127.85
1625.00,52,20,2025-03-24,470.33,,0.00,470.33,25.00,248.16,Delivered,Cash,119.07,87.07
1626.00,241,24,2025-10-26,712.56,,0.00,712.56,35.00,400.89,Delivered,UPI,177.51,145.51
1627.00,124,8,2025-04-29,310.92,,0.00,310.92,0.00,179.89,Cancelled,Cash,0.00,0.00
1628.00,204,27,2025-04-01,361.55,,0.00,361.55,0.00,209.56,Delivered,Wallet,79.54,47.54
1629.00,230,20,2025-01-16,419.18,,0.00,419.18,55.00,227.68,Delivered,Wallet,138.84,106.84
1630.00,49,21,2025-01-13,901.30,,0.00,901.30,55.00,472.65,Delivered,Wallet,217.23,185.23
1631.00,193,7,2025-06-19,612.28,,0.00,612.28,35.00,361.36,Delivered,Card,157.46,125.46
1632.00,124,25,2025-01-09,495.12,,0.00,495.12,25.00,306.78,Delivered,Card,133.93,101.93
1633.00,37,28,2025-02-03,345.26,,0.00,345.26,45.00,186.36,Delivered,UPI,131.32,99.32
1634.00,170,17,2025-11-10,457.87,,0.00,457.87,0.00,278.64,Delivered,Cash,91.57,59.57
1635.00,251,8,2025-08-25,360.30,,0.00,360.30,35.00,195.54,Delivered,UPI,107.06,75.06
1636.00,144,22,2025-08-29,476.95,,0.00,476.95,0.00,288.27,Delivered,Cash,119.24,87.24
1637.00,207,11,2025-01-15,713.52,,0.00,713.52,25.00,390.31,Delivered,Wallet,203.38,171.38
1638.00,15,1,2025-05-16,268.02,,0.00,268.02,45.00,146.24,Delivered,Cash,103.96,71.96
1639.00,79,29,2025-02-16,366.82,,0.00,366.82,25.00,200.06,Delivered,Card,105.70,73.70
1640.00,118,10,2025-11-23,963.61,,0.00,963.61,25.00,589.70,Delivered,Wallet,198.45,166.45
1641.00,165,18,2025-06-10,621.02,,0.00,621.02,35.00,376.76,Delivered,UPI,146.78,114.78
1642.00,163,4,2025-03-18,597.44,,0.00,597.44,45.00,335.46,Delivered,UPI,152.54,120.54
1643.00,49,7,2025-04-27,391.35,,0.00,391.35,55.00,225.62,Delivered,Cash,133.27,101.27
1644.00,141,28,2025-02-04,501.71,,0.00,501.71,0.00,306.14,Delivered,Cash,125.43,93.43
1645.00,131,28,2025-07-15,493.13,,0.00,493.13,55.00,277.22,Delivered,UPI,178.28,146.28
1646.00,177,25,2025-04-22,261.87,,0.00,261.87,55.00,165.16,Delivered,UPI,112.61,80.61
1647.00,23,27,2025-10-26,252.65,,0.00,252.65,0.00,159.93,Delivered,Wallet,55.58,23.58
1648.00,286,7,2025-04-18,453.55,,0.00,453.55,25.00,281.46,Cancelled,Wallet,0.00,0.00
1649.00,121,8,2025-11-09,878.24,7,227.93,650.31,45.00,534.97,Delivered,Cash,220.65,-39.28
1650.00,79,9,2025-12-28,307.95,,0.00,307.95,25.00,165.56,Delivered,UPI,80.43,48.43
1651.00,215,27,2025-04-21,397.21,,0.00,397.21,45.00,248.48,Delivered,Wallet,132.39,100.39
1652.00,243,30,2025-12-04,542.13,,0.00,542.13,25.00,343.51,Cancelled,UPI,0.00,0.00
1653.00,54,3,2025-08-14,628.45,,0.00,628.45,55.00,383.17,Delivered,Card,212.11,180.11
1654.00,25,4,2025-03-12,254.07,,0.00,254.07,25.00,143.11,Delivered,Wallet,70.73,38.73
1655.00,53,17,2025-09-20,836.06,,0.00,836.06,35.00,437.69,Cancelled,UPI,0.00,0.00
1656.00,279,17,2025-04-06,685.51,,0.00,685.51,55.00,388.36,Delivered,Card,192.10,160.10
1657.00,66,29,2025-07-04,346.51,,0.00,346.51,25.00,180.34,Delivered,Card,101.23,69.23
1658.00,234,25,2025-09-16,1429.88,,0.00,1429.88,0.00,783.24,Delivered,Card,314.57,282.57
1659.00,133,23,2025-12-15,228.28,,0.00,228.28,45.00,123.72,Delivered,Cash,86.09,54.09
1660.00,222,30,2025-11-30,446.75,,0.00,446.75,0.00,232.83,Delivered,Card,89.35,57.35
1661.00,250,4,2025-01-11,361.64,,0.00,361.64,35.00,215.21,Delivered,Wallet,100.10,68.10
1662.00,150,26,2025-01-28,231.41,,0.00,231.41,55.00,146.26,Delivered,Card,112.85,80.85
1663.00,298,19,2025-06-03,310.29,,0.00,310.29,0.00,173.99,Delivered,Card,68.26,36.26
1664.00,117,12,2025-08-20,498.08,,0.00,498.08,55.00,311.14,Delivered,Wallet,179.52,147.52
1665.00,214,15,2025-04-12,282.24,,0.00,282.24,55.00,150.68,Delivered,UPI,111.45,79.45
1666.00,115,11,2025-06-29,350.13,,0.00,350.13,25.00,222.06,Delivered,Wallet,112.53,80.53
1667.00,295,15,2025-05-21,711.20,,0.00,711.20,35.00,379.90,Delivered,Cash,177.24,145.24
1668.00,98,11,2025-04-03,571.53,,0.00,571.53,0.00,336.74,Delivered,Wallet,142.88,110.88
1669.00,252,13,2025-08-13,516.80,,0.00,516.80,0.00,311.85,Delivered,Cash,113.70,81.70
1670.00,79,4,2025-01-13,267.07,,0.00,267.07,45.00,146.63,Delivered,UPI,93.07,61.07
1671.00,198,3,2025-10-10,516.71,,0.00,516.71,0.00,324.66,Delivered,Cash,129.18,97.18
1672.00,98,9,2025-07-09,489.10,,0.00,489.10,45.00,282.77,Cancelled,Card,0.00,0.00
1673.00,119,24,2025-05-31,398.70,,0.00,398.70,45.00,212.87,Delivered,Wallet,124.74,92.74
1674.00,165,27,2025-07-12,569.81,,0.00,569.81,0.00,319.01,Delivered,Card,125.36,93.36
1675.00,167,20,2025-09-18,742.00,,0.00,742.00,0.00,465.35,Delivered,Cash,148.40,116.40
1676.00,117,13,2025-09-07,358.32,,0.00,358.32,55.00,215.72,Delivered,Wallet,133.83,101.83
1677.00,159,7,2025-09-04,433.92,,0.00,433.92,0.00,230.00,Delivered,Cash,86.78,54.78
1678.00,246,30,2025-11-23,741.82,,0.00,741.82,55.00,420.01,Delivered,Wallet,203.36,171.36
1679.00,7,14,2025-09-08,434.52,,0.00,434.52,0.00,252.11,Delivered,UPI,108.63,76.63
1680.00,70,30,2025-04-01,678.83,,0.00,678.83,25.00,384.14,Delivered,UPI,160.77,128.77
1681.00,32,23,2025-05-15,239.02,,0.00,239.02,55.00,130.29,Delivered,Wallet,98.02,66.02
1682.00,22,1,2025-07-23,734.44,,0.00,734.44,45.00,443.98,Delivered,Card,206.58,174.58
1683.00,163,7,2025-03-21,938.60,,0.00,938.60,35.00,579.25,Delivered,UPI,222.72,190.72
1684.00,86,3,2025-08-28,1088.71,,0.00,1088.71,0.00,566.66,Delivered,Wallet,272.18,240.18
1685.00,63,29,2025-07-01,469.84,,0.00,469.84,35.00,293.83,Delivered,UPI,138.36,106.36
1686.00,282,27,2025-02-15,332.02,,0.00,332.02,25.00,203.83,Delivered,Cash,98.04,66.04
1687.00,82,13,2025-09-06,610.76,,0.00,610.76,25.00,357.84,Delivered,Card,159.37,127.37
1688.00,130,24,2025-12-13,331.96,,0.00,331.96,45.00,182.78,Delivered,Card,111.39,79.39
1689.00,90,2,2025-08-10,227.08,,0.00,227.08,25.00,126.06,Delivered,Cash,65.87,33.87
1690.00,78,14,2025-08-29,361.06,,0.00,361.06,0.00,222.48,Delivered,Card,90.27,58.27
1691.00,83,2,2025-04-08,1122.23,,0.00,1122.23,45.00,603.19,Delivered,Wallet,247.00,215.00
1692.00,300,16,2025-08-31,646.34,,0.00,646.34,55.00,406.51,Delivered,UPI,184.27,152.27
1693.00,75,23,2025-01-01,480.98,,0.00,480.98,35.00,275.10,Delivered,Cash,121.58,89.58
1694.00,55,1,2025-05-22,252.49,,0.00,252.49,0.00,140.26,Delivered,Cash,55.55,23.55
1695.00,175,3,2025-09-17,302.81,,0.00,302.81,35.00,192.35,Cancelled,Card,0.00,0.00
1696.00,224,4,2025-06-30,620.44,,0.00,620.44,35.00,352.69,Delivered,UPI,146.68,114.68
1697.00,25,6,2025-11-07,365.06,,0.00,365.06,55.00,216.25,Cancelled,Cash,0.00,0.00
1698.00,225,18,2025-08-25,736.90,,0.00,736.90,45.00,411.58,Delivered,UPI,177.64,145.64
1699.00,253,5,2025-12-22,232.05,,0.00,232.05,35.00,144.04,Delivered,Cash,81.41,49.41
1700.00,34,14,2025-10-21,257.59,,0.00,257.59,45.00,135.93,Delivered,Cash,109.40,77.40
1701.00,56,1,2025-10-28,323.31,,0.00,323.31,45.00,188.98,Delivered,Wallet,116.13,84.13
1702.00,60,23,2025-05-10,524.02,,0.00,524.02,45.00,320.18,Delivered,Cash,139.32,107.32
1703.00,80,30,2025-07-29,1045.16,,0.00,1045.16,25.00,657.89,Delivered,Cash,234.03,202.03
1704.00,15,3,2025-06-18,423.92,,0.00,423.92,25.00,254.51,Delivered,Card,130.98,98.98
1705.00,141,21,2025-08-06,673.56,,0.00,673.56,45.00,360.56,Delivered,UPI,166.24,134.24
1706.00,172,20,2025-06-09,245.20,,0.00,245.20,45.00,147.71,Delivered,Wallet,94.04,62.04
1707.00,43,10,2025-07-18,609.70,,0.00,609.70,45.00,367.96,Delivered,Cash,154.75,122.75
1708.00,5,30,2025-03-24,502.68,,0.00,502.68,55.00,276.97,Delivered,Wallet,155.54,123.54
1709.00,273,1,2025-08-04,523.80,8,180.00,343.80,55.00,283.44,Delivered,Wallet,170.24,-41.76
1710.00,149,22,2025-01-19,534.15,,0.00,534.15,55.00,336.33,Delivered,Wallet,188.54,156.54
1711.00,146,24,2025-08-31,354.37,,0.00,354.37,45.00,221.25,Delivered,Wallet,115.87,83.87
1712.00,260,18,2025-09-04,869.37,,0.00,869.37,45.00,503.33,Delivered,Wallet,201.49,169.49
1713.00,274,24,2025-04-14,605.72,,0.00,605.72,0.00,364.91,Delivered,UPI,121.14,89.14
1714.00,29,8,2025-04-03,796.74,,0.00,796.74,25.00,466.44,Delivered,Wallet,184.35,152.35
1715.00,257,14,2025-11-29,910.28,,0.00,910.28,55.00,486.34,Delivered,Card,282.57,250.57
1716.00,295,4,2025-03-20,220.03,,0.00,220.03,55.00,121.55,Delivered,Cash,94.61,62.61
1717.00,158,10,2025-11-17,306.59,,0.00,306.59,45.00,180.73,Delivered,Card,100.19,68.19
1718.00,86,20,2025-07-24,305.97,,0.00,305.97,45.00,170.64,Delivered,Wallet,106.19,74.19
1719.00,260,1,2025-02-11,1006.71,,0.00,1006.71,0.00,579.81,Delivered,Card,221.48,189.48
1720.00,85,15,2025-11-29,290.50,,0.00,290.50,35.00,180.44,Delivered,Cash,93.10,61.10
1721.00,41,20,2025-03-16,456.43,,0.00,456.43,35.00,249.79,Delivered,UPI,126.29,94.29
1722.00,103,3,2025-07-31,1275.14,,0.00,1275.14,55.00,675.64,Delivered,Card,373.79,341.79
1723.00,65,14,2025-01-03,296.05,,0.00,296.05,45.00,186.87,Delivered,Card,119.01,87.01
1724.00,204,19,2025-11-17,259.65,,0.00,259.65,45.00,146.28,Cancelled,Cash,0.00,0.00
1725.00,285,21,2025-04-13,637.58,,0.00,637.58,45.00,397.24,Delivered,Wallet,159.76,127.76
1726.00,108,30,2025-02-20,234.63,,0.00,234.63,0.00,135.08,Delivered,Cash,46.93,14.93
1727.00,136,8,2025-07-04,309.91,,0.00,309.91,45.00,188.88,Delivered,Card,106.98,74.98
1728.00,215,10,2025-02-25,575.15,,0.00,575.15,25.00,350.18,Delivered,Card,128.53,96.53
1729.00,149,1,2025-09-30,259.89,,0.00,259.89,25.00,145.85,Delivered,Card,82.18,50.18
1730.00,288,15,2025-02-07,477.33,,0.00,477.33,55.00,287.69,Delivered,Wallet,150.47,118.47
1731.00,31,13,2025-06-12,400.88,,0.00,400.88,0.00,249.37,Delivered,Cash,88.19,56.19
1732.00,183,4,2025-01-15,317.27,,0.00,317.27,25.00,197.24,Delivered,UPI,82.11,50.11
1733.00,144,22,2025-01-31,1116.13,,0.00,1116.13,35.00,710.30,Delivered,Card,314.03,282.03
1734.00,154,15,2025-12-17,343.77,,0.00,343.77,55.00,195.78,Delivered,Wallet,123.75,91.75
1735.00,170,5,2025-10-06,421.14,,0.00,421.14,25.00,230.21,Delivered,Wallet,109.23,77.23
1736.00,197,7,2025-02-23,506.83,,0.00,506.83,45.00,297.37,Delivered,Card,146.37,114.37
1737.00,254,17,2025-07-04,660.42,8,180.00,480.42,0.00,402.10,Delivered,Card,132.08,-79.92
1738.00,235,7,2025-04-08,631.55,,0.00,631.55,45.00,395.03,Delivered,Cash,171.31,139.31
1739.00,74,12,2025-03-17,276.63,,0.00,276.63,45.00,175.46,Delivered,Cash,114.16,82.16
1740.00,172,10,2025-03-03,221.64,,0.00,221.64,55.00,136.85,Delivered,Wallet,94.90,62.90
1741.00,161,9,2025-05-23,899.02,,0.00,899.02,55.00,534.43,Delivered,Cash,216.82,184.82
1742.00,26,26,2025-05-02,431.72,,0.00,431.72,55.00,268.74,Delivered,Cash,162.93,130.93
1743.00,70,9,2025-01-26,269.19,,0.00,269.19,45.00,156.22,Delivered,UPI,93.45,61.45
1744.00,274,1,2025-01-28,1412.80,,0.00,1412.80,35.00,766.53,Delivered,Card,345.82,313.82
1745.00,275,13,2025-05-16,843.91,,0.00,843.91,55.00,465.24,Delivered,Card,240.66,208.66
1746.00,77,15,2025-01-30,360.69,4,45.00,315.69,0.00,194.19,Delivered,Cash,72.14,-4.86
1747.00,290,27,2025-07-16,240.13,,0.00,240.13,0.00,150.26,Delivered,Cash,52.83,20.83
1748.00,97,7,2025-10-18,753.76,,0.00,753.76,35.00,418.90,Delivered,Card,185.75,153.75
1749.00,271,21,2025-05-13,605.00,,0.00,605.00,55.00,339.45,Delivered,UPI,163.90,131.90
1750.00,217,16,2025-12-12,250.26,,0.00,250.26,45.00,143.08,Delivered,UPI,95.05,63.05
1751.00,182,7,2025-04-08,1110.89,,0.00,1110.89,55.00,703.06,Delivered,Cash,277.18,245.18
1752.00,79,10,2025-08-19,315.25,,0.00,315.25,0.00,198.74,Delivered,Card,56.75,24.75
1753.00,231,19,2025-10-21,485.50,,0.00,485.50,25.00,299.70,Delivered,Card,131.81,99.81
1754.00,139,21,2025-02-07,476.05,,0.00,476.05,55.00,287.53,Delivered,Cash,140.69,108.69
1755.00,23,26,2025-07-19,300.89,,0.00,300.89,25.00,176.15,Delivered,Cash,100.22,68.22
1756.00,291,22,2025-09-22,288.77,,0.00,288.77,35.00,150.38,Delivered,Wallet,107.19,75.19
1757.00,130,27,2025-10-18,332.72,,0.00,332.72,0.00,212.22,Delivered,Cash,73.20,41.20
1758.00,17,26,2025-01-11,612.69,,0.00,612.69,35.00,337.12,Delivered,Cash,188.17,156.17
1759.00,95,29,2025-06-26,599.68,,0.00,599.68,45.00,360.99,Delivered,UPI,176.93,144.93
1760.00,75,20,2025-03-30,597.26,,0.00,597.26,45.00,381.96,Delivered,Wallet,164.45,132.45
1761.00,51,8,2025-03-20,772.84,,0.00,772.84,0.00,410.71,Delivered,Card,154.57,122.57
1762.00,132,24,2025-06-30,1053.46,2,100.00,953.46,45.00,590.31,Delivered,UPI,255.69,123.69
1763.00,86,27,2025-11-13,392.76,,0.00,392.76,0.00,248.58,Delivered,Wallet,86.41,54.41
1764.00,115,21,2025-06-21,766.18,,0.00,766.18,45.00,398.57,Delivered,UPI,182.91,150.91
1765.00,175,4,2025-09-01,528.62,,0.00,528.62,55.00,307.50,Delivered,UPI,150.15,118.15
1766.00,159,8,2025-08-29,495.65,,0.00,495.65,55.00,317.01,Delivered,Wallet,154.13,122.13
1767.00,241,4,2025-08-14,512.04,,0.00,512.04,25.00,283.58,Delivered,Card,117.17,85.17
1768.00,15,22,2025-12-02,814.05,,0.00,814.05,45.00,489.53,Delivered,Cash,248.51,216.51
1769.00,262,7,2025-07-16,245.51,,0.00,245.51,55.00,129.18,Cancelled,Cash,0.00,0.00
1770.00,243,8,2025-09-25,1147.87,,0.00,1147.87,0.00,714.13,Delivered,UPI,229.57,197.57
1771.00,53,22,2025-08-02,891.64,,0.00,891.64,45.00,554.54,Delivered,Wallet,267.91,235.91
1772.00,26,7,2025-04-29,367.70,,0.00,367.70,25.00,219.94,Delivered,Cash,98.54,66.54
1773.00,50,15,2025-08-09,294.10,,0.00,294.10,55.00,160.18,Delivered,Cash,113.82,81.82
1774.00,210,9,2025-11-22,478.49,,0.00,478.49,35.00,279.83,Cancelled,Wallet,0.00,0.00
1775.00,20,29,2025-02-19,239.97,,0.00,239.97,25.00,131.00,Delivered,Card,77.79,45.79
1776.00,72,9,2025-05-11,395.53,,0.00,395.53,25.00,222.29,Delivered,Cash,96.20,64.20
1777.00,29,1,2025-10-28,855.47,,0.00,855.47,45.00,491.71,Delivered,Cash,233.20,201.20
1778.00,300,28,2025-01-19,1260.40,,0.00,1260.40,25.00,669.57,Delivered,Wallet,340.10,308.10
1779.00,220,18,2025-08-07,280.19,,0.00,280.19,25.00,169.80,Delivered,Card,75.43,43.43
1780.00,212,27,2025-03-03,447.59,,0.00,447.59,0.00,263.03,Delivered,Cash,98.47,66.47
1781.00,211,2,2025-06-30,420.04,,0.00,420.04,55.00,232.19,Delivered,Card,130.61,98.61
1782.00,112,9,2025-05-26,223.15,,0.00,223.15,45.00,129.37,Delivered,Cash,85.17,53.17
1783.00,137,18,2025-07-30,743.14,8,180.00,563.14,0.00,472.17,Delivered,Card,133.77,-78.23
1784.00,80,20,2025-02-07,502.53,,0.00,502.53,45.00,296.37,Delivered,UPI,145.51,113.51
1785.00,217,16,2025-10-21,937.91,,0.00,937.91,25.00,566.45,Cancelled,Wallet,0.00,0.00
1786.00,119,14,2025-11-21,252.22,,0.00,252.22,25.00,140.44,Delivered,Cash,88.06,56.06
1787.00,211,8,2025-08-26,290.80,,0.00,290.80,35.00,160.97,Delivered,UPI,93.16,61.16
1788.00,288,17,2025-02-28,532.20,,0.00,532.20,55.00,293.50,Delivered,Card,161.44,129.44
1789.00,219,27,2025-10-24,249.01,,0.00,249.01,25.00,148.08,Delivered,Card,79.78,47.78
1790.00,215,21,2025-01-12,304.86,,0.00,304.86,35.00,178.45,Delivered,Wallet,89.87,57.87
1791.00,55,14,2025-10-23,223.08,,0.00,223.08,55.00,128.48,Delivered,UPI,110.77,78.77
1792.00,187,16,2025-07-03,270.85,,0.00,270.85,55.00,161.74,Cancelled,UPI,0.00,0.00
1793.00,124,26,2025-06-23,1459.92,,0.00,1459.92,45.00,914.75,Delivered,UPI,409.98,377.98
1794.00,68,1,2025-11-27,458.21,,0.00,458.21,25.00,281.51,Delivered,Cash,125.81,93.81
1795.00,281,26,2025-01-23,449.44,,0.00,449.44,45.00,287.10,Delivered,UPI,157.36,125.36
1796.00,205,30,2025-05-23,349.32,,0.00,349.32,25.00,187.62,Delivered,Card,94.86,62.86
1797.00,44,22,2025-11-18,505.52,,0.00,505.52,25.00,300.23,Delivered,Card,151.38,119.38
1798.00,300,22,2025-05-02,841.45,,0.00,841.45,35.00,519.25,Delivered,Wallet,245.36,213.36
1799.00,118,20,2025-03-07,289.10,,0.00,289.10,35.00,150.65,Delivered,Wallet,92.82,60.82
1800.00,159,11,2025-11-20,451.15,,0.00,451.15,35.00,250.47,Delivered,UPI,147.79,115.79
1801.00,271,22,2025-05-23,301.33,,0.00,301.33,0.00,190.54,Delivered,Cash,75.33,43.33
1802.00,54,25,2025-09-08,452.78,,0.00,452.78,45.00,260.79,Delivered,Card,144.61,112.61
1803.00,66,15,2025-10-24,286.54,,0.00,286.54,25.00,183.36,Delivered,Wallet,82.31,50.31
1804.00,240,30,2025-12-15,361.51,,0.00,361.51,55.00,195.54,Delivered,UPI,127.30,95.30
1805.00,214,9,2025-08-16,1808.48,,0.00,1808.48,0.00,1084.95,Delivered,Wallet,325.53,293.53
1806.00,199,29,2025-04-06,666.18,,0.00,666.18,25.00,394.83,Delivered,Wallet,171.56,139.56
1807.00,246,26,2025-02-07,434.35,,0.00,434.35,55.00,246.99,Delivered,Wallet,163.59,131.59
1808.00,185,12,2025-09-11,665.39,,0.00,665.39,25.00,387.06,Delivered,Card,191.35,159.35
1809.00,246,5,2025-02-24,1839.75,,0.00,1839.75,25.00,1114.69,Delivered,Wallet,392.95,360.95
1810.00,274,8,2025-09-08,432.33,,0.00,432.33,25.00,250.51,Delivered,Cash,111.47,79.47
1811.00,70,9,2025-05-04,418.23,,0.00,418.23,25.00,242.40,Delivered,Cash,100.28,68.28
1812.00,153,28,2025-09-21,576.70,,0.00,576.70,45.00,364.83,Delivered,Card,189.18,157.18
1813.00,111,23,2025-06-26,304.95,,0.00,304.95,35.00,162.74,Delivered,Cash,89.89,57.89
1814.00,242,5,2025-02-23,852.23,,0.00,852.23,25.00,523.38,Delivered,Card,195.45,163.45
1815.00,8,25,2025-09-30,970.96,,0.00,970.96,25.00,526.29,Cancelled,Card,0.00,0.00
1816.00,5,30,2025-05-23,521.04,,0.00,521.04,35.00,278.67,Delivered,Cash,139.21,107.21
1817.00,202,3,2025-06-17,878.25,,0.00,878.25,55.00,514.22,Delivered,Card,274.56,242.56
1818.00,160,22,2025-09-12,643.28,,0.00,643.28,0.00,383.22,Delivered,Wallet,160.82,128.82
1819.00,182,30,2025-11-09,590.94,,0.00,590.94,45.00,340.89,Delivered,Card,163.19,131.19
1820.00,73,5,2025-11-26,337.73,,0.00,337.73,45.00,188.53,Cancelled,Cash,0.00,0.00
1821.00,21,19,2025-10-12,308.10,,0.00,308.10,55.00,173.47,Delivered,Card,122.78,90.78
1822.00,1,5,2025-09-27,616.51,,0.00,616.51,25.00,327.78,Delivered,UPI,148.30,116.30
1823.00,91,19,2025-03-27,238.70,,0.00,238.70,55.00,131.92,Delivered,Card,107.51,75.51
1824.00,210,18,2025-05-19,681.04,,0.00,681.04,25.00,381.96,Cancelled,Wallet,0.00,0.00
1825.00,180,28,2025-12-15,518.84,,0.00,518.84,55.00,302.75,Delivered,Wallet,184.71,152.71
1826.00,95,29,2025-01-02,294.52,,0.00,294.52,0.00,168.91,Delivered,Wallet,64.79,32.79
1827.00,119,20,2025-12-17,578.66,,0.00,578.66,45.00,318.35,Delivered,UPI,160.73,128.73
1828.00,298,12,2025-05-14,772.91,,0.00,772.91,45.00,438.80,Delivered,Cash,238.23,206.23
1829.00,93,26,2025-02-17,684.23,,0.00,684.23,0.00,431.88,Delivered,Wallet,171.06,139.06
1830.00,27,10,2025-05-11,873.35,,0.00,873.35,45.00,488.74,Delivered,Wallet,202.20,170.20
1831.00,61,9,2025-10-02,503.30,,0.00,503.30,0.00,320.61,Delivered,UPI,90.59,58.59
1832.00,75,12,2025-07-23,272.04,,0.00,272.04,0.00,144.37,Delivered,Card,68.01,36.01
1833.00,78,13,2025-02-04,261.88,,0.00,261.88,0.00,145.90,Delivered,Cash,57.61,25.61
1834.00,136,5,2025-10-24,342.19,,0.00,342.19,45.00,210.56,Delivered,Cash,113.44,81.44
1835.00,12,28,2025-12-18,269.36,,0.00,269.36,45.00,143.29,Delivered,UPI,112.34,80.34
1836.00,236,8,2025-04-12,435.70,,0.00,435.70,35.00,254.48,Delivered,Wallet,122.14,90.14
1837.00,83,14,2025-09-03,430.87,,0.00,430.87,25.00,275.24,Cancelled,Cash,0.00,0.00
1838.00,64,14,2025-01-22,318.95,,0.00,318.95,0.00,170.12,Delivered,Cash,79.74,47.74
1839.00,2,9,2025-12-09,360.29,,0.00,360.29,0.00,208.69,Delivered,UPI,64.85,32.85
1840.00,118,21,2025-05-09,720.98,5,154.14,566.84,0.00,393.64,Delivered,UPI,129.78,-56.36
1841.00,156,16,2025-01-19,458.82,,0.00,458.82,45.00,259.68,Cancelled,UPI,0.00,0.00
1842.00,178,7,2025-03-05,722.04,,0.00,722.04,25.00,439.86,Delivered,Wallet,169.41,137.41
1843.00,183,18,2025-09-25,616.17,,0.00,616.17,25.00,326.94,Delivered,Cash,135.91,103.91
1844.00,245,12,2025-06-15,306.17,,0.00,306.17,25.00,183.30,Delivered,Card,101.54,69.54
1845.00,96,15,2025-02-15,582.68,,0.00,582.68,0.00,331.87,Delivered,UPI,116.54,84.54
1846.00,290,5,2025-03-12,444.51,,0.00,444.51,25.00,252.60,Cancelled,UPI,0.00,0.00
1847.00,229,16,2025-05-16,329.09,,0.00,329.09,0.00,177.03,Delivered,Cash,65.82,33.82
1848.00,253,12,2025-05-03,590.50,,0.00,590.50,0.00,316.63,Delivered,Wallet,147.63,115.63
1849.00,14,13,2025-06-21,306.37,,0.00,306.37,45.00,171.30,Delivered,Card,112.40,80.40
1850.00,2,17,2025-09-10,966.06,,0.00,966.06,45.00,591.97,Delivered,Wallet,238.21,206.21
1851.00,250,21,2025-04-28,449.94,,0.00,449.94,35.00,248.44,Delivered,Cash,115.99,83.99
1852.00,107,29,2025-01-07,1353.14,,0.00,1353.14,0.00,714.11,Delivered,UPI,297.69,265.69
1853.00,273,25,2025-10-18,304.81,,0.00,304.81,55.00,182.70,Delivered,UPI,122.06,90.06
1854.00,211,3,2025-01-26,298.65,,0.00,298.65,45.00,178.56,Delivered,Wallet,119.66,87.66
1855.00,221,20,2025-10-18,383.58,,0.00,383.58,25.00,227.80,Delivered,UPI,101.72,69.72
1856.00,91,29,2025-08-30,339.01,,0.00,339.01,25.00,176.71,Delivered,UPI,99.58,67.58
1857.00,199,10,2025-10-15,225.41,,0.00,225.41,0.00,128.17,Delivered,Card,40.57,8.57
1858.00,134,23,2025-01-21,1248.12,,0.00,1248.12,45.00,745.44,Delivered,Card,269.66,237.66
1859.00,115,16,2025-09-01,269.81,,0.00,269.81,35.00,156.40,Delivered,UPI,88.96,56.96
1860.00,145,14,2025-03-07,570.39,,0.00,570.39,35.00,299.31,Delivered,Card,177.60,145.60
1861.00,170,24,2025-09-12,331.99,,0.00,331.99,55.00,185.72,Delivered,UPI,121.40,89.40
1862.00,143,5,2025-03-16,1249.51,,0.00,1249.51,55.00,784.71,Delivered,UPI,304.90,272.90
1863.00,173,24,2025-09-15,599.57,,0.00,599.57,25.00,317.24,Delivered,UPI,144.91,112.91
1864.00,176,16,2025-03-18,290.81,,0.00,290.81,25.00,154.05,Delivered,Wallet,83.16,51.16
1865.00,210,15,2025-06-28,788.78,,0.00,788.78,55.00,502.63,Delivered,Cash,212.76,180.76
1866.00,13,22,2025-09-03,351.96,,0.00,351.96,35.00,200.09,Delivered,Wallet,122.99,90.99
1867.00,131,9,2025-08-24,403.31,,0.00,403.31,35.00,216.51,Delivered,Wallet,107.60,75.60
1868.00,136,5,2025-04-07,401.09,,0.00,401.09,55.00,231.13,Delivered,UPI,135.22,103.22
1869.00,248,4,2025-05-18,950.53,,0.00,950.53,25.00,535.34,Delivered,Cash,196.10,164.10
1870.00,35,28,2025-09-02,292.17,,0.00,292.17,35.00,185.39,Delivered,Wallet,108.04,76.04
1871.00,107,10,2025-02-27,318.00,,0.00,318.00,35.00,199.55,Delivered,Card,92.24,60.24
1872.00,160,12,2025-08-02,418.04,,0.00,418.04,35.00,221.84,Delivered,Card,139.51,107.51
1873.00,6,9,2025-11-30,316.20,,0.00,316.20,0.00,176.66,Delivered,Cash,56.92,24.92
1874.00,69,19,2025-04-24,668.91,,0.00,668.91,55.00,410.84,Delivered,Wallet,202.16,170.16
1875.00,231,7,2025-05-22,475.62,,0.00,475.62,35.00,292.88,Delivered,Cash,130.12,98.12
1876.00,267,27,2025-06-21,608.41,,0.00,608.41,35.00,386.69,Delivered,Wallet,168.85,136.85
1877.00,251,13,2025-11-11,293.39,,0.00,293.39,0.00,153.33,Delivered,UPI,64.55,32.55
1878.00,27,2,2025-02-15,374.53,,0.00,374.53,45.00,232.35,Delivered,Cash,112.42,80.42
1879.00,24,30,2025-08-13,365.31,,0.00,365.31,55.00,211.17,Delivered,UPI,128.06,96.06
1880.00,172,26,2025-06-04,791.67,4,45.00,746.67,0.00,425.04,Delivered,Wallet,197.92,120.92
1881.00,275,10,2025-11-03,278.18,,0.00,278.18,25.00,161.71,Delivered,Wallet,75.07,43.07
1882.00,97,27,2025-07-08,433.97,,0.00,433.97,25.00,264.38,Delivered,UPI,120.47,88.47
1883.00,209,9,2025-02-22,686.44,,0.00,686.44,35.00,357.32,Delivered,Wallet,158.56,126.56
1884.00,181,1,2025-03-13,500.84,,0.00,500.84,55.00,314.17,Delivered,Cash,165.18,133.18
1885.00,275,24,2025-08-03,411.15,,0.00,411.15,55.00,230.51,Delivered,Cash,137.23,105.23
1886.00,200,11,2025-08-05,694.82,,0.00,694.82,45.00,365.24,Delivered,Cash,218.71,186.71
1887.00,284,12,2025-05-01,737.59,,0.00,737.59,35.00,430.23,Cancelled,Wallet,0.00,0.00
1888.00,263,30,2025-10-22,311.66,,0.00,311.66,0.00,187.00,Delivered,Wallet,62.33,30.33
1889.00,194,11,2025-07-19,306.39,,0.00,306.39,45.00,191.49,Cancelled,Card,0.00,0.00
1890.00,182,22,2025-09-29,484.61,,0.00,484.61,55.00,297.82,Delivered,Wallet,176.15,144.15
1891.00,127,20,2025-01-03,508.67,,0.00,508.67,35.00,297.32,Delivered,Cash,136.73,104.73
1892.00,93,26,2025-09-01,673.55,,0.00,673.55,35.00,397.09,Delivered,Cash,203.39,171.39
1893.00,90,22,2025-08-16,1163.48,,0.00,1163.48,25.00,663.18,Delivered,Cash,315.87,283.87
1894.00,5,24,2025-09-27,1091.46,,0.00,1091.46,55.00,631.45,Delivered,Wallet,273.29,241.29
1895.00,34,1,2025-12-13,753.19,,0.00,753.19,45.00,457.27,Delivered,UPI,210.70,178.70
1896.00,17,24,2025-05-23,1092.28,,0.00,1092.28,25.00,694.04,Delivered,Wallet,243.46,211.46
1897.00,169,4,2025-02-05,341.59,,0.00,341.59,35.00,191.25,Delivered,Cash,96.49,64.49
1898.00,123,4,2025-12-31,526.54,,0.00,526.54,35.00,283.23,Delivered,Cash,129.78,97.78
1899.00,186,18,2025-12-05,287.04,,0.00,287.04,55.00,158.29,Delivered,Cash,106.67,74.67
1900.00,12,2,2025-01-05,299.74,,0.00,299.74,0.00,191.30,Delivered,Cash,53.95,21.95
1901.00,207,9,2025-02-28,413.75,,0.00,413.75,45.00,255.74,Delivered,Wallet,119.48,87.48
1902.00,67,5,2025-05-29,1111.64,,0.00,1111.64,45.00,624.83,Delivered,UPI,267.33,235.33
1903.00,127,2,2025-02-11,589.65,,0.00,589.65,0.00,323.62,Delivered,Wallet,106.14,74.14
1904.00,74,16,2025-03-17,777.84,,0.00,777.84,35.00,426.74,Delivered,UPI,190.57,158.57
1905.00,132,4,2025-07-03,227.72,,0.00,227.72,0.00,134.90,Delivered,Cash,40.99,8.99
1906.00,239,3,2025-12-31,233.58,,0.00,233.58,25.00,127.52,Delivered,Card,83.40,51.40
1907.00,100,23,2025-06-20,937.73,,0.00,937.73,25.00,573.53,Delivered,UPI,193.79,161.79
1908.00,105,14,2025-05-25,1361.24,,0.00,1361.24,35.00,842.71,Delivered,Card,375.31,343.31
1909.00,292,11,2025-06-24,491.18,,0.00,491.18,25.00,294.51,Delivered,Card,147.80,115.80
1910.00,195,27,2025-10-25,237.64,,0.00,237.64,55.00,136.39,Delivered,UPI,107.28,75.28
1911.00,95,20,2025-03-24,799.61,,0.00,799.61,35.00,477.26,Delivered,UPI,194.92,162.92
1912.00,259,9,2025-11-23,995.94,,0.00,995.94,55.00,541.80,Delivered,Wallet,234.27,202.27
1913.00,4,9,2025-07-05,311.25,,0.00,311.25,0.00,178.33,Delivered,Wallet,56.03,24.03
1914.00,254,4,2025-10-12,305.85,,0.00,305.85,35.00,188.87,Delivered,UPI,90.05,58.05
1915.00,159,3,2025-10-12,431.30,,0.00,431.30,25.00,247.24,Delivered,Wallet,132.82,100.82
1916.00,9,22,2025-04-28,598.81,,0.00,598.81,55.00,346.09,Delivered,Cash,204.70,172.70
1917.00,23,5,2025-05-30,303.48,,0.00,303.48,45.00,191.97,Delivered,Card,105.70,73.70
1918.00,79,18,2025-12-28,619.42,,0.00,619.42,0.00,335.33,Delivered,UPI,111.50,79.50
1919.00,83,15,2025-06-21,1716.88,,0.00,1716.88,35.00,998.73,Delivered,Card,378.38,346.38
1920.00,280,5,2025-04-27,656.51,,0.00,656.51,35.00,368.37,Delivered,Card,166.30,134.30
1921.00,82,26,2025-04-02,1519.71,,0.00,1519.71,55.00,944.91,Delivered,Wallet,434.93,402.93
1922.00,214,27,2025-12-16,348.78,,0.00,348.78,25.00,192.82,Delivered,Cash,101.73,69.73
1923.00,85,16,2025-05-31,273.95,,0.00,273.95,35.00,147.09,Delivered,Wallet,89.79,57.79
1924.00,172,22,2025-08-14,229.88,,0.00,229.88,0.00,130.91,Delivered,Cash,57.47,25.47
1925.00,14,17,2025-01-13,725.19,,0.00,725.19,45.00,378.98,Delivered,Card,190.04,158.04
1926.00,91,4,2025-09-17,283.40,,0.00,283.40,55.00,169.20,Delivered,UPI,106.01,74.01
1927.00,73,23,2025-01-17,1027.60,,0.00,1027.60,35.00,548.36,Delivered,Wallet,219.97,187.97
1928.00,69,29,2025-01-02,1241.20,,0.00,1241.20,0.00,764.30,Delivered,UPI,273.06,241.06
1929.00,247,5,2025-11-08,326.80,,0.00,326.80,45.00,179.49,Delivered,UPI,110.36,78.36
1930.00,108,26,2025-04-05,959.29,,0.00,959.29,35.00,517.66,Delivered,UPI,274.82,242.82
1931.00,88,15,2025-08-26,915.51,,0.00,915.51,25.00,556.02,Delivered,UPI,208.10,176.10
1932.00,119,25,2025-12-07,240.39,,0.00,240.39,25.00,129.79,Delivered,Cash,77.89,45.89
1933.00,224,22,2025-06-27,1025.81,6,75.00,950.81,25.00,599.11,Delivered,Wallet,281.45,174.45
1934.00,148,2,2025-07-21,686.47,,0.00,686.47,45.00,402.48,Delivered,Cash,168.56,136.56
1935.00,203,20,2025-01-01,530.42,,0.00,530.42,45.00,307.97,Delivered,Cash,151.08,119.08
1936.00,19,22,2025-02-20,375.90,,0.00,375.90,55.00,237.93,Delivered,Cash,148.98,116.98
1937.00,226,28,2025-11-24,361.15,,0.00,361.15,0.00,202.69,Delivered,Wallet,90.29,58.29
1938.00,18,25,2025-10-31,225.57,,0.00,225.57,0.00,137.66,Delivered,Wallet,49.63,17.63
1939.00,172,6,2025-02-27,269.90,,0.00,269.90,35.00,160.67,Delivered,Cash,88.98,56.98
1940.00,211,4,2025-02-23,586.73,,0.00,586.73,0.00,324.28,Delivered,Card,105.61,73.61
1941.00,100,10,2025-02-06,447.48,,0.00,447.48,35.00,276.71,Delivered,Card,115.55,83.55
1942.00,144,29,2025-11-03,315.69,,0.00,315.69,35.00,183.93,Delivered,UPI,104.45,72.45
1943.00,172,25,2025-02-28,292.68,,0.00,292.68,55.00,163.06,Delivered,Cash,119.39,87.39
1944.00,168,22,2025-08-06,554.43,,0.00,554.43,45.00,314.79,Delivered,Cash,183.61,151.61
1945.00,179,22,2025-09-10,474.00,,0.00,474.00,55.00,273.16,Delivered,Wallet,173.50,141.50
1946.00,260,6,2025-11-19,1135.99,,0.00,1135.99,0.00,676.83,Delivered,Card,227.20,195.20
1947.00,25,2,2025-03-22,240.84,,0.00,240.84,45.00,128.73,Delivered,Wallet,88.35,56.35
1948.00,96,24,2025-12-20,1101.47,,0.00,1101.47,55.00,613.19,Delivered,Cash,275.29,243.29
1949.00,199,19,2025-07-12,529.86,,0.00,529.86,35.00,312.70,Cancelled,Cash,0.00,0.00
1950.00,247,20,2025-05-22,335.24,,0.00,335.24,35.00,203.34,Delivered,Cash,102.05,70.05
1951.00,37,1,2025-08-26,570.55,,0.00,570.55,25.00,355.94,Delivered,Wallet,150.52,118.52
1952.00,1,5,2025-11-13,533.61,,0.00,533.61,55.00,283.24,Delivered,Wallet,161.72,129.72
1953.00,294,2,2025-12-23,392.68,,0.00,392.68,55.00,238.34,Delivered,Card,125.68,93.68
1954.00,203,7,2025-11-04,454.84,,0.00,454.84,35.00,242.19,Delivered,Card,125.97,93.97
1955.00,4,13,2025-09-23,947.03,5,200.00,747.03,45.00,574.43,Delivered,Wallet,253.35,21.35
1956.00,295,24,2025-06-06,277.03,,0.00,277.03,45.00,174.88,Delivered,Card,100.41,68.41
1957.00,15,6,2025-09-08,448.46,,0.00,448.46,25.00,257.86,Delivered,Card,114.69,82.69
1958.00,295,15,2025-09-11,342.21,,0.00,342.21,35.00,210.40,Delivered,Cash,103.44,71.44
1959.00,22,21,2025-03-27,871.78,,0.00,871.78,35.00,504.81,Delivered,Cash,191.92,159.92
1960.00,284,7,2025-11-20,392.14,,0.00,392.14,25.00,242.04,Delivered,UPI,103.43,71.43
1961.00,241,13,2025-07-19,457.66,,0.00,457.66,25.00,290.05,Delivered,Cash,125.69,93.69
1962.00,169,19,2025-11-03,243.80,,0.00,243.80,45.00,146.66,Delivered,UPI,98.64,66.64
1963.00,26,28,2025-01-24,260.28,,0.00,260.28,0.00,150.63,Delivered,Wallet,65.07,33.07
1964.00,32,6,2025-10-11,1223.71,,0.00,1223.71,25.00,673.56,Delivered,Card,269.74,237.74
1965.00,294,7,2025-07-28,601.96,,0.00,601.96,35.00,370.93,Delivered,Cash,155.39,123.39
1966.00,135,3,2025-10-07,1276.88,,0.00,1276.88,35.00,674.21,Delivered,Cash,354.22,322.22
1967.00,99,2,2025-07-05,765.47,,0.00,765.47,45.00,462.54,Delivered,Card,182.78,150.78
1968.00,181,1,2025-10-31,1002.70,,0.00,1002.70,45.00,631.82,Delivered,Cash,265.59,233.59
1969.00,44,22,2025-01-19,570.67,,0.00,570.67,0.00,315.28,Delivered,Wallet,142.67,110.67
1970.00,201,23,2025-01-31,385.20,,0.00,385.20,0.00,241.05,Delivered,UPI,69.34,37.34
1971.00,74,30,2025-06-27,358.75,,0.00,358.75,25.00,191.11,Delivered,Card,96.75,64.75
1972.00,189,22,2025-06-13,914.54,6,75.00,839.54,45.00,510.27,Delivered,Card,273.64,166.64
1973.00,22,9,2025-04-08,898.17,,0.00,898.17,0.00,549.26,Delivered,Card,161.67,129.67
1974.00,271,24,2025-03-06,279.12,,0.00,279.12,0.00,150.20,Delivered,Wallet,55.82,23.82
1975.00,44,19,2025-08-20,1106.37,,0.00,1106.37,0.00,658.45,Delivered,Wallet,243.40,211.40
1976.00,179,15,2025-08-20,402.00,,0.00,402.00,55.00,233.90,Delivered,Cash,135.40,103.40
1977.00,80,10,2025-02-14,428.21,,0.00,428.21,45.00,223.63,Delivered,Card,122.08,90.08
1978.00,41,24,2025-10-09,342.57,,0.00,342.57,45.00,190.70,Delivered,Cash,113.51,81.51
1979.00,13,20,2025-09-03,258.23,,0.00,258.23,0.00,165.08,Delivered,UPI,51.65,19.65
1980.00,70,1,2025-10-13,318.31,,0.00,318.31,25.00,169.58,Delivered,Wallet,95.03,63.03
1981.00,157,2,2025-04-10,1016.86,3,120.00,896.86,45.00,574.58,Delivered,UPI,228.03,76.03
1982.00,114,10,2025-07-26,506.61,,0.00,506.61,45.00,312.90,Delivered,Card,136.19,104.19
1983.00,172,17,2025-10-01,1333.29,,0.00,1333.29,25.00,712.94,Delivered,Cash,291.66,259.66
1984.00,12,6,2025-09-02,419.65,,0.00,419.65,25.00,237.41,Delivered,UPI,108.93,76.93
1985.00,139,29,2025-12-28,526.56,,0.00,526.56,45.00,324.15,Delivered,Cash,160.84,128.84
1986.00,43,25,2025-02-05,533.84,,0.00,533.84,25.00,332.53,Delivered,Card,142.44,110.44
1987.00,116,18,2025-05-31,367.58,,0.00,367.58,45.00,204.14,Delivered,Wallet,111.16,79.16
1988.00,81,8,2025-07-07,1358.82,,0.00,1358.82,35.00,846.44,Delivered,Wallet,306.76,274.76
1989.00,195,20,2025-01-23,715.94,,0.00,715.94,45.00,377.32,Delivered,Cash,188.19,156.19
1990.00,275,17,2025-05-08,605.40,,0.00,605.40,55.00,316.27,Delivered,Cash,176.08,144.08
1991.00,63,26,2025-04-19,462.90,,0.00,462.90,45.00,283.55,Delivered,Wallet,160.73,128.73
1992.00,138,19,2025-05-13,308.27,,0.00,308.27,25.00,170.30,Delivered,Cash,92.82,60.82
1993.00,34,13,2025-09-07,238.85,,0.00,238.85,0.00,134.19,Delivered,Wallet,52.55,20.55
1994.00,223,22,2025-04-25,508.21,,0.00,508.21,55.00,274.66,Cancelled,Wallet,0.00,0.00
1995.00,219,24,2025-02-28,255.52,,0.00,255.52,0.00,133.58,Delivered,Card,51.10,19.10
1996.00,260,9,2025-09-15,484.88,,0.00,484.88,25.00,262.25,Delivered,Cash,112.28,80.28
1997.00,220,19,2025-04-13,287.21,,0.00,287.21,35.00,171.25,Delivered,Wallet,98.19,66.19
1998.00,177,29,2025-05-18,332.39,,0.00,332.39,35.00,211.11,Delivered,UPI,108.13,76.13
1999.00,23,6,2025-05-19,242.26,,0.00,242.26,0.00,139.21,Delivered,Card,48.45,16.45
2000.00,156,30,2025-01-24,763.96,,0.00,763.96,55.00,440.82,Delivered,Wallet,207.79,175.79
2001.00,237,29,2025-03-01,381.03,,0.00,381.03,35.00,232.83,Delivered,Wallet,118.83,86.83
2002.00,218,3,2025-12-30,532.20,,0.00,532.20,55.00,330.50,Delivered,UPI,188.05,156.05
2003.00,36,21,2025-02-25,1157.93,,0.00,1157.93,45.00,675.25,Delivered,Cash,253.43,221.43
2004.00,81,12,2025-03-31,991.99,,0.00,991.99,25.00,565.22,Delivered,Cash,273.00,241.00
2005.00,25,22,2025-09-25,351.13,,0.00,351.13,55.00,203.87,Delivered,Cash,142.78,110.78
2006.00,230,23,2025-10-16,354.75,,0.00,354.75,25.00,220.59,Delivered,Cash,88.85,56.85
2007.00,11,8,2025-03-30,1012.29,,0.00,1012.29,45.00,559.33,Delivered,Card,247.46,215.46
2008.00,285,2,2025-08-01,490.56,,0.00,490.56,45.00,264.32,Delivered,UPI,133.30,101.30
2009.00,71,22,2025-01-06,456.30,,0.00,456.30,0.00,253.29,Delivered,Wallet,114.08,82.08
2010.00,72,17,2025-08-08,496.33,,0.00,496.33,35.00,304.36,Cancelled,UPI,0.00,0.00
2011.00,120,30,2025-06-10,354.84,,0.00,354.84,25.00,226.71,Delivered,UPI,95.97,63.97
2012.00,88,4,2025-12-04,442.93,,0.00,442.93,55.00,232.07,Delivered,Card,134.73,102.73
2013.00,234,2,2025-09-10,459.17,,0.00,459.17,55.00,280.89,Delivered,Cash,137.65,105.65
2014.00,197,24,2025-03-08,460.06,3,92.01,368.05,55.00,292.82,Delivered,Cash,147.01,23.00
2015.00,245,11,2025-01-25,310.02,,0.00,310.02,45.00,172.81,Delivered,Cash,122.51,90.51
2016.00,126,8,2025-10-21,455.96,,0.00,455.96,0.00,283.66,Delivered,Wallet,91.19,59.19
2017.00,225,29,2025-07-01,2077.28,5,200.00,1877.28,45.00,1202.62,Delivered,Wallet,502.00,270.00
2018.00,125,29,2025-09-01,596.29,,0.00,596.29,25.00,337.43,Delivered,Cash,156.18,124.18
2019.00,266,7,2025-04-29,1053.78,,0.00,1053.78,45.00,630.81,Delivered,Card,255.76,223.76
2020.00,257,29,2025-12-10,691.20,,0.00,691.20,55.00,386.13,Delivered,UPI,207.06,175.06
2021.00,245,29,2025-06-18,323.83,,0.00,323.83,25.00,170.62,Delivered,Cash,96.24,64.24
2022.00,77,21,2025-10-09,621.06,,0.00,621.06,0.00,396.92,Delivered,Wallet,111.79,79.79
2023.00,277,26,2025-03-21,609.45,,0.00,609.45,55.00,333.68,Delivered,UPI,207.36,175.36
2024.00,169,5,2025-04-20,316.25,,0.00,316.25,35.00,180.20,Delivered,Card,98.25,66.25
2025.00,127,27,2025-12-29,845.74,,0.00,845.74,45.00,467.97,Delivered,Card,231.06,199.06
2026.00,76,15,2025-03-12,684.76,,0.00,684.76,55.00,438.05,Delivered,Cash,191.95,159.95
2027.00,118,21,2025-02-05,259.74,,0.00,259.74,25.00,135.68,Delivered,Cash,71.75,39.75
2028.00,20,18,2025-10-27,578.25,,0.00,578.25,0.00,316.09,Delivered,Card,104.09,72.09
2029.00,128,10,2025-06-18,807.43,6,75.00,732.43,25.00,477.08,Delivered,Card,170.34,63.34
2030.00,166,11,2025-02-08,628.06,,0.00,628.06,0.00,359.31,Cancelled,UPI,0.00,0.00
2031.00,37,8,2025-04-10,508.71,,0.00,508.71,0.00,283.27,Delivered,UPI,101.74,69.74
2032.00,230,7,2025-04-09,1112.32,,0.00,1112.32,55.00,615.04,Delivered,Wallet,277.46,245.46
2033.00,211,26,2025-08-29,544.83,,0.00,544.83,55.00,318.59,Delivered,UPI,191.21,159.21
2034.00,247,6,2025-01-08,548.36,,0.00,548.36,0.00,349.67,Delivered,Card,109.67,77.67
2035.00,286,21,2025-06-09,331.13,,0.00,331.13,0.00,185.56,Delivered,Wallet,59.60,27.60
2036.00,159,16,2025-03-29,813.83,3,120.00,693.83,35.00,480.89,Delivered,UPI,197.77,45.77
2037.00,219,25,2025-01-10,268.49,,0.00,268.49,0.00,144.74,Delivered,Card,59.07,27.07
2038.00,173,5,2025-11-10,993.75,,0.00,993.75,45.00,565.05,Delivered,Wallet,243.75,211.75
2039.00,154,2,2025-04-29,265.32,,0.00,265.32,25.00,158.70,Delivered,Cash,72.76,40.76
2040.00,104,26,2025-02-13,400.88,,0.00,400.88,55.00,216.99,Delivered,UPI,155.22,123.22
2041.00,82,28,2025-11-08,345.37,,0.00,345.37,55.00,214.38,Delivered,UPI,141.34,109.34
2042.00,158,30,2025-05-01,263.87,,0.00,263.87,45.00,153.06,Cancelled,Card,0.00,0.00
2043.00,93,14,2025-08-18,819.83,,0.00,819.83,55.00,453.42,Delivered,Wallet,259.96,227.96
2044.00,21,24,2025-01-04,462.81,,0.00,462.81,25.00,273.34,Delivered,Cash,117.56,85.56
2045.00,17,27,2025-08-14,298.41,,0.00,298.41,0.00,156.61,Delivered,UPI,65.65,33.65
2046.00,65,22,2025-01-09,510.47,,0.00,510.47,25.00,271.01,Delivered,UPI,152.62,120.62
2047.00,116,21,2025-07-19,236.64,,0.00,236.64,35.00,138.79,Delivered,Wallet,77.60,45.60
2048.00,241,16,2025-06-01,376.07,,0.00,376.07,55.00,217.25,Delivered,Wallet,130.21,98.21
2049.00,197,22,2025-06-25,778.61,,0.00,778.61,55.00,493.93,Delivered,Cash,249.65,217.65
2050.00,84,7,2025-03-26,952.81,,0.00,952.81,45.00,567.69,Delivered,Card,235.56,203.56
2051.00,283,25,2025-04-20,269.98,,0.00,269.98,0.00,172.55,Delivered,Cash,59.40,27.40
2052.00,159,7,2025-04-08,628.30,3,120.00,508.30,0.00,339.27,Delivered,Wallet,125.66,-26.34
2053.00,123,16,2025-03-13,1416.85,,0.00,1416.85,25.00,776.53,Delivered,Wallet,308.37,276.37
2054.00,10,12,2025-06-28,1070.89,,0.00,1070.89,55.00,612.08,Delivered,Card,322.72,290.72
2055.00,109,18,2025-09-19,1186.51,,0.00,1186.51,35.00,744.36,Delivered,Wallet,248.57,216.57
2056.00,1,27,2025-12-26,524.79,,0.00,524.79,0.00,298.24,Delivered,Cash,115.45,83.45
2057.00,285,15,2025-10-09,527.54,,0.00,527.54,35.00,313.05,Delivered,Cash,140.51,108.51
2058.00,51,19,2025-12-17,736.28,2,100.00,636.28,35.00,449.04,Delivered,Card,196.98,64.98
2059.00,284,20,2025-03-24,512.41,,0.00,512.41,0.00,302.81,Delivered,Cash,102.48,70.48
2060.00,235,12,2025-06-29,580.21,,0.00,580.21,25.00,349.78,Delivered,Wallet,170.05,138.05
2061.00,122,14,2025-11-30,525.47,,0.00,525.47,55.00,333.69,Delivered,Card,186.37,154.37
2062.00,278,25,2025-10-11,353.12,,0.00,353.12,0.00,209.85,Delivered,Wallet,77.69,45.69
2063.00,288,5,2025-06-13,771.27,,0.00,771.27,25.00,415.93,Delivered,Cash,179.25,147.25
2064.00,15,5,2025-05-21,1037.65,,0.00,1037.65,0.00,646.29,Delivered,Card,207.53,175.53
2065.00,36,24,2025-08-31,441.89,,0.00,441.89,25.00,274.58,Delivered,Wallet,113.38,81.38
2066.00,10,2,2025-02-11,967.66,,0.00,967.66,45.00,592.28,Delivered,Cash,219.18,187.18
2067.00,49,27,2025-12-19,571.38,,0.00,571.38,0.00,364.28,Delivered,Wallet,125.70,93.70
2068.00,20,17,2025-02-08,554.27,,0.00,554.27,25.00,309.18,Delivered,Wallet,135.85,103.85
2069.00,59,7,2025-11-13,367.69,,0.00,367.69,25.00,233.55,Delivered,Cash,98.54,66.54
2070.00,272,12,2025-09-25,460.19,,0.00,460.19,25.00,251.32,Delivered,Cash,140.05,108.05
2071.00,169,1,2025-05-16,401.53,,0.00,401.53,35.00,251.15,Delivered,Card,123.34,91.34
2072.00,143,6,2025-07-16,467.79,,0.00,467.79,35.00,253.60,Delivered,UPI,128.56,96.56
2073.00,149,19,2025-02-16,1094.55,,0.00,1094.55,35.00,580.16,Delivered,Wallet,275.80,243.80
2074.00,263,28,2025-12-12,3298.68,,0.00,3298.68,25.00,1740.59,Delivered,Wallet,849.67,817.67
2075.00,274,8,2025-11-30,254.84,,0.00,254.84,0.00,141.86,Delivered,Card,50.97,18.97
2076.00,210,28,2025-07-02,349.22,,0.00,349.22,45.00,219.53,Delivered,UPI,132.31,100.31
2077.00,127,7,2025-03-21,404.50,,0.00,404.50,45.00,217.95,Delivered,Cash,125.90,93.90
2078.00,64,20,2025-03-12,221.47,,0.00,221.47,35.00,139.05,Delivered,Card,79.29,47.29
2079.00,173,14,2025-10-20,957.62,,0.00,957.62,45.00,603.87,Delivered,UPI,284.40,252.40
2080.00,114,11,2025-05-03,2201.23,,0.00,2201.23,45.00,1260.59,Delivered,Wallet,595.31,563.31
2081.00,122,23,2025-10-12,222.92,,0.00,222.92,25.00,132.51,Delivered,Card,65.13,33.13
2082.00,135,7,2025-08-10,610.35,4,35.00,575.35,0.00,317.80,Delivered,UPI,122.07,55.07
2083.00,201,11,2025-01-16,397.30,,0.00,397.30,0.00,252.30,Delivered,UPI,99.33,67.33
2084.00,226,25,2025-07-02,264.43,,0.00,264.43,45.00,153.96,Delivered,Card,103.17,71.17
2085.00,297,29,2025-05-30,406.40,,0.00,406.40,55.00,246.23,Delivered,Card,144.41,112.41
2086.00,296,20,2025-03-06,468.73,,0.00,468.73,35.00,247.19,Delivered,UPI,128.75,96.75
2087.00,259,25,2025-06-13,573.50,,0.00,573.50,55.00,308.25,Cancelled,Wallet,0.00,0.00
2088.00,181,28,2025-01-09,504.76,,0.00,504.76,35.00,264.60,Delivered,Cash,161.19,129.19
2089.00,118,11,2025-10-02,279.67,,0.00,279.67,25.00,172.27,Delivered,Wallet,94.92,62.92
2090.00,94,13,2025-06-13,578.18,,0.00,578.18,35.00,362.65,Delivered,UPI,162.20,130.20
2091.00,52,28,2025-12-27,585.80,,0.00,585.80,55.00,354.78,Delivered,Cash,201.45,169.45
2092.00,43,19,2025-12-10,352.20,,0.00,352.20,55.00,193.28,Delivered,Wallet,132.48,100.48
2093.00,110,26,2025-07-01,325.82,,0.00,325.82,55.00,206.93,Delivered,Card,136.45,104.45
2094.00,144,25,2025-01-26,324.79,,0.00,324.79,55.00,179.98,Delivered,Cash,126.45,94.45
2095.00,74,9,2025-10-23,321.98,,0.00,321.98,55.00,185.75,Delivered,Cash,112.96,80.96
2096.00,128,8,2025-03-10,570.44,,0.00,570.44,45.00,342.65,Delivered,Card,159.09,127.09
2097.00,211,29,2025-06-14,919.29,,0.00,919.29,25.00,530.31,Delivered,Card,227.24,195.24
2098.00,205,12,2025-10-13,728.69,,0.00,728.69,0.00,400.01,Delivered,Wallet,182.17,150.17
2099.00,110,1,2025-06-15,798.72,,0.00,798.72,45.00,442.90,Delivered,UPI,220.72,188.72
2100.00,234,11,2025-03-06,710.56,,0.00,710.56,55.00,416.89,Delivered,UPI,232.64,200.64
2101.00,207,16,2025-05-04,246.86,,0.00,246.86,45.00,151.92,Delivered,Wallet,94.37,62.37
2102.00,257,6,2025-05-17,621.90,,0.00,621.90,35.00,348.40,Delivered,Cash,159.38,127.38
2103.00,18,11,2025-04-03,517.00,,0.00,517.00,0.00,312.76,Delivered,UPI,129.25,97.25
2104.00,223,12,2025-10-08,310.29,,0.00,310.29,55.00,178.58,Delivered,Wallet,132.57,100.57
2105.00,167,19,2025-09-25,403.66,,0.00,403.66,55.00,229.50,Delivered,Cash,143.81,111.81
2106.00,71,9,2025-07-16,462.41,,0.00,462.41,55.00,290.99,Delivered,Card,138.23,106.23
2107.00,240,18,2025-04-03,520.75,,0.00,520.75,0.00,285.61,Delivered,UPI,93.74,61.74
2108.00,7,10,2025-04-25,363.03,,0.00,363.03,0.00,208.67,Cancelled,Wallet,0.00,0.00
2109.00,211,9,2025-09-30,990.10,4,45.00,945.10,0.00,520.99,Delivered,UPI,178.22,101.22
2110.00,215,9,2025-12-04,224.37,,0.00,224.37,35.00,133.89,Delivered,Card,75.39,43.39
2111.00,148,12,2025-03-29,654.81,,0.00,654.81,0.00,359.12,Delivered,Card,163.70,131.70
2112.00,113,15,2025-12-12,692.46,,0.00,692.46,45.00,398.87,Delivered,UPI,183.49,151.49
2113.00,84,29,2025-07-25,641.56,,0.00,641.56,45.00,334.16,Delivered,UPI,186.14,154.14
2114.00,116,23,2025-02-02,463.69,,0.00,463.69,45.00,261.08,Delivered,Cash,128.46,96.46
2115.00,261,26,2025-10-29,636.53,,0.00,636.53,55.00,370.09,Delivered,Cash,214.13,182.13
2116.00,134,22,2025-03-24,717.05,,0.00,717.05,55.00,402.61,Delivered,Card,234.26,202.26
2117.00,267,10,2025-04-03,507.70,,0.00,507.70,45.00,272.21,Delivered,Cash,136.39,104.39
2118.00,55,23,2025-04-06,390.52,,0.00,390.52,55.00,225.85,Delivered,Card,125.29,93.29
2119.00,13,29,2025-11-22,291.96,,0.00,291.96,25.00,172.73,Delivered,UPI,89.23,57.23
2120.00,98,12,2025-11-12,471.22,,0.00,471.22,35.00,273.40,Delivered,Card,152.81,120.81
2121.00,5,17,2025-03-23,679.22,,0.00,679.22,35.00,419.93,Delivered,UPI,170.84,138.84
2122.00,293,14,2025-06-29,283.36,,0.00,283.36,25.00,162.44,Delivered,Card,95.84,63.84
2123.00,231,6,2025-01-12,455.96,,0.00,455.96,25.00,242.04,Delivered,Card,116.19,84.19
2124.00,249,23,2025-01-03,462.31,,0.00,462.31,0.00,292.74,Cancelled,Wallet,0.00,0.00
2125.00,254,5,2025-03-14,290.59,,0.00,290.59,45.00,172.52,Delivered,Cash,103.12,71.12
2126.00,178,19,2025-02-08,815.80,,0.00,815.80,35.00,459.38,Delivered,Wallet,214.48,182.48
2127.00,183,7,2025-05-26,472.89,,0.00,472.89,45.00,267.05,Delivered,UPI,139.58,107.58
2128.00,127,19,2025-10-17,1091.18,7,250.00,841.18,0.00,606.29,Delivered,UPI,240.06,-41.94
2129.00,212,15,2025-12-03,273.82,,0.00,273.82,45.00,152.18,Delivered,Wallet,99.76,67.76
2130.00,53,7,2025-06-24,429.38,,0.00,429.38,0.00,227.77,Delivered,UPI,85.88,53.88
2131.00,53,14,2025-09-08,412.98,,0.00,412.98,0.00,257.07,Delivered,UPI,103.25,71.25
2132.00,243,7,2025-03-11,545.79,,0.00,545.79,45.00,312.54,Delivered,Wallet,154.16,122.16
2133.00,175,6,2025-05-19,681.88,,0.00,681.88,0.00,392.86,Delivered,Cash,136.38,104.38
2134.00,203,6,2025-10-31,708.04,,0.00,708.04,25.00,411.45,Delivered,Wallet,166.61,134.61
2135.00,197,20,2025-05-09,504.78,,0.00,504.78,45.00,311.41,Delivered,Wallet,145.96,113.96
2136.00,74,25,2025-05-12,326.94,,0.00,326.94,55.00,180.65,Delivered,Cash,126.93,94.93
2137.00,93,22,2025-10-19,465.93,,0.00,465.93,0.00,252.69,Delivered,Wallet,116.48,84.48
2138.00,249,12,2025-03-12,351.19,,0.00,351.19,45.00,195.67,Delivered,Cash,132.80,100.80
2139.00,163,5,2025-05-12,437.41,,0.00,437.41,55.00,278.12,Delivered,UPI,142.48,110.48
2140.00,205,12,2025-12-05,687.15,,0.00,687.15,55.00,413.50,Delivered,Card,226.79,194.79
2141.00,36,23,2025-10-29,617.01,,0.00,617.01,0.00,322.40,Delivered,Wallet,111.06,79.06
2142.00,156,29,2025-09-30,486.77,,0.00,486.77,55.00,293.62,Delivered,Card,162.09,130.09
2143.00,53,12,2025-10-20,1410.02,,0.00,1410.02,35.00,771.74,Delivered,Cash,387.51,355.51
2144.00,265,16,2025-09-20,842.72,,0.00,842.72,0.00,459.38,Cancelled,Wallet,0.00,0.00
2145.00,261,3,2025-08-10,387.39,8,132.48,254.91,35.00,208.10,Delivered,Card,131.85,-32.63
2146.00,77,23,2025-11-07,429.96,,0.00,429.96,25.00,268.11,Delivered,UPI,102.39,70.39
2147.00,290,1,2025-11-27,307.83,,0.00,307.83,0.00,169.09,Delivered,Wallet,67.72,35.72
2148.00,250,26,2025-04-14,670.44,,0.00,670.44,55.00,391.59,Delivered,Wallet,222.61,190.61
2149.00,192,15,2025-04-11,270.03,,0.00,270.03,25.00,157.06,Delivered,Card,79.01,47.01
2150.00,36,20,2025-01-08,690.66,,0.00,690.66,55.00,407.70,Delivered,Cash,193.13,161.13
2151.00,232,24,2025-10-03,439.72,,0.00,439.72,45.00,264.33,Delivered,Wallet,132.94,100.94
2152.00,22,7,2025-11-11,364.41,,0.00,364.41,35.00,230.82,Delivered,Cash,107.88,75.88
2153.00,272,11,2025-10-03,978.11,4,0.00,978.11,0.00,554.22,Delivered,Wallet,244.53,212.53
2154.00,164,1,2025-04-04,618.73,,0.00,618.73,55.00,393.36,Delivered,Card,191.12,159.12
2155.00,161,12,2025-11-08,422.71,,0.00,422.71,45.00,261.17,Delivered,UPI,150.68,118.68
2156.00,164,14,2025-08-28,790.65,,0.00,790.65,35.00,467.45,Delivered,Card,232.66,200.66
2157.00,3,29,2025-05-05,878.14,,0.00,878.14,35.00,505.40,Delivered,Cash,228.19,196.19
2158.00,274,3,2025-12-27,283.30,,0.00,283.30,55.00,162.66,Delivered,Card,125.83,93.83
2159.00,164,5,2025-11-02,690.50,,0.00,690.50,45.00,368.86,Delivered,UPI,183.10,151.10
2160.00,17,24,2025-05-10,557.90,,0.00,557.90,25.00,325.68,Delivered,Card,136.58,104.58
2161.00,242,21,2025-08-16,898.33,,0.00,898.33,45.00,527.37,Delivered,Card,206.70,174.70
2162.00,172,7,2025-01-17,285.11,,0.00,285.11,45.00,164.42,Delivered,UPI,102.02,70.02
2163.00,160,29,2025-05-02,1984.64,,0.00,1984.64,25.00,1237.59,Delivered,Wallet,461.62,429.62
2164.00,19,17,2025-11-09,632.97,,0.00,632.97,55.00,351.90,Delivered,Card,181.59,149.59
2165.00,161,8,2025-07-12,526.48,,0.00,526.48,55.00,336.52,Delivered,Wallet,160.30,128.30
2166.00,6,13,2025-05-28,767.27,,0.00,767.27,35.00,450.24,Delivered,Cash,203.80,171.80
2167.00,257,20,2025-09-13,448.36,,0.00,448.36,55.00,256.13,Delivered,UPI,144.67,112.67
2168.00,113,13,2025-06-25,273.31,,0.00,273.31,0.00,146.83,Delivered,Card,60.13,28.13
2169.00,209,3,2025-01-19,384.97,,0.00,384.97,45.00,229.36,Delivered,Card,141.24,109.24
2170.00,168,4,2025-07-06,588.89,,0.00,588.89,55.00,344.91,Delivered,Cash,161.00,129.00
2171.00,234,21,2025-05-23,1706.38,,0.00,1706.38,55.00,1028.19,Delivered,UPI,362.15,330.15
2172.00,64,13,2025-05-05,787.91,,0.00,787.91,55.00,453.19,Cancelled,Wallet,0.00,0.00
2173.00,94,17,2025-11-17,789.20,,0.00,789.20,25.00,417.92,Delivered,UPI,182.84,150.84
2174.00,103,7,2025-10-24,238.21,,0.00,238.21,0.00,139.93,Delivered,Wallet,47.64,15.64
2175.00,25,7,2025-09-28,222.09,,0.00,222.09,35.00,126.73,Delivered,Card,79.42,47.42
2176.00,231,3,2025-02-15,831.55,,0.00,831.55,55.00,473.37,Delivered,Cash,262.89,230.89
2177.00,11,22,2025-03-16,456.36,,0.00,456.36,0.00,286.01,Delivered,Card,114.09,82.09
2178.00,61,11,2025-02-27,274.30,,0.00,274.30,35.00,173.01,Cancelled,Card,0.00,0.00
2179.00,91,27,2025-10-11,990.82,,0.00,990.82,0.00,606.10,Delivered,Card,217.98,185.98
2180.00,72,6,2025-07-03,703.73,,0.00,703.73,45.00,442.41,Delivered,Wallet,185.75,153.75
2181.00,15,18,2025-01-02,224.28,,0.00,224.28,35.00,135.11,Delivered,UPI,75.37,43.37
2182.00,70,23,2025-04-22,1005.12,,0.00,1005.12,0.00,579.59,Delivered,Cash,180.92,148.92
2183.00,30,23,2025-07-06,435.41,,0.00,435.41,0.00,246.46,Delivered,Cash,78.37,46.37
2184.00,70,20,2025-01-21,990.92,6,75.00,915.92,45.00,632.06,Delivered,UPI,243.18,136.18
2185.00,166,7,2025-12-19,734.04,,0.00,734.04,25.00,455.57,Cancelled,UPI,0.00,0.00
2186.00,162,27,2025-11-21,604.49,,0.00,604.49,0.00,345.70,Delivered,UPI,132.99,100.99
2187.00,117,25,2025-03-31,309.92,,0.00,309.92,25.00,170.60,Delivered,Wallet,93.18,61.18
2188.00,173,6,2025-06-11,377.42,,0.00,377.42,0.00,204.25,Delivered,Card,75.48,43.48
2189.00,29,16,2025-08-11,363.99,,0.00,363.99,45.00,213.33,Cancelled,UPI,0.00,0.00
2190.00,210,1,2025-03-19,277.35,,0.00,277.35,45.00,163.20,Delivered,Card,106.02,74.02
2191.00,242,30,2025-04-06,929.24,,0.00,929.24,55.00,511.15,Delivered,Cash,240.85,208.85
2192.00,261,9,2025-09-11,369.40,,0.00,369.40,45.00,223.98,Delivered,UPI,111.49,79.49
2193.00,169,27,2025-01-27,226.14,,0.00,226.14,45.00,139.07,Delivered,Wallet,94.75,62.75
2194.00,215,18,2025-02-11,1022.72,,0.00,1022.72,55.00,649.06,Cancelled,Card,0.00,0.00
2195.00,66,13,2025-06-19,451.09,,0.00,451.09,25.00,253.05,Delivered,UPI,124.24,92.24
2196.00,99,9,2025-07-14,590.44,,0.00,590.44,55.00,323.73,Delivered,UPI,161.28,129.28
2197.00,145,24,2025-01-20,259.16,,0.00,259.16,35.00,164.41,Delivered,Wallet,86.83,54.83
2198.00,31,30,2025-06-13,440.47,,0.00,440.47,0.00,254.83,Delivered,UPI,88.09,56.09
2199.00,180,23,2025-09-09,256.33,,0.00,256.33,45.00,144.98,Delivered,Cash,91.14,59.14
2200.00,205,30,2025-01-23,320.78,,0.00,320.78,0.00,170.35,Delivered,Card,64.16,32.16
2201.00,158,13,2025-09-04,274.00,,0.00,274.00,25.00,158.98,Delivered,Wallet,85.28,53.28
2202.00,76,11,2025-08-06,497.66,,0.00,497.66,0.00,271.32,Delivered,UPI,124.42,92.42
2203.00,235,7,2025-10-31,297.82,,0.00,297.82,45.00,178.41,Delivered,Cash,104.56,72.56
2204.00,285,10,2025-02-01,680.18,,0.00,680.18,45.00,358.85,Delivered,UPI,167.43,135.43
2205.00,288,25,2025-05-14,707.43,,0.00,707.43,45.00,381.14,Delivered,UPI,200.63,168.63
2206.00,42,13,2025-05-13,535.78,,0.00,535.78,55.00,326.51,Delivered,Card,172.87,140.87
2207.00,6,14,2025-09-07,416.38,,0.00,416.38,25.00,220.48,Delivered,Card,129.10,97.10
2208.00,215,22,2025-11-12,410.29,,0.00,410.29,45.00,215.02,Delivered,Card,147.57,115.57
2209.00,187,24,2025-03-18,444.66,,0.00,444.66,25.00,236.68,Cancelled,Wallet,0.00,0.00
2210.00,129,25,2025-06-12,632.81,,0.00,632.81,25.00,344.58,Delivered,Cash,164.22,132.22
2211.00,130,2,2025-03-08,389.87,,0.00,389.87,55.00,216.94,Delivered,Wallet,125.18,93.18
2212.00,56,26,2025-03-11,555.26,,0.00,555.26,45.00,344.79,Delivered,Cash,183.82,151.82
2213.00,130,5,2025-06-27,416.19,,0.00,416.19,25.00,265.25,Delivered,Wallet,108.24,76.24
2214.00,112,22,2025-03-28,431.91,,0.00,431.91,55.00,258.36,Delivered,Cash,162.98,130.98
2215.00,70,20,2025-06-17,326.13,,0.00,326.13,45.00,187.08,Delivered,UPI,110.23,78.23
2216.00,46,27,2025-07-26,264.68,,0.00,264.68,55.00,146.41,Delivered,Card,113.23,81.23
2217.00,116,25,2025-09-10,395.90,,0.00,395.90,35.00,247.40,Delivered,Card,122.10,90.10
2218.00,239,24,2025-11-03,563.41,,0.00,563.41,25.00,300.00,Delivered,Wallet,137.68,105.68
2219.00,210,25,2025-11-09,1019.05,,0.00,1019.05,25.00,539.27,Delivered,Wallet,249.19,217.19
2220.00,294,16,2025-03-12,1161.88,,0.00,1161.88,55.00,615.69,Delivered,Cash,287.38,255.38
2221.00,166,21,2025-07-06,767.13,,0.00,767.13,35.00,429.86,Delivered,Card,173.08,141.08
2222.00,32,7,2025-01-22,271.53,,0.00,271.53,55.00,158.53,Delivered,UPI,109.31,77.31
2223.00,59,9,2025-11-30,744.17,,0.00,744.17,25.00,406.08,Delivered,Wallet,158.95,126.95
2224.00,184,29,2025-12-23,371.69,1,150.00,221.69,55.00,219.77,Delivered,Wallet,136.77,-45.23
2225.00,216,7,2025-07-29,359.07,,0.00,359.07,0.00,220.78,Delivered,Card,71.81,39.81
2226.00,294,18,2025-08-09,931.80,8,180.00,751.80,0.00,547.32,Delivered,Cash,167.72,-44.28
2227.00,101,19,2025-07-27,994.04,,0.00,994.04,35.00,560.36,Delivered,Wallet,253.69,221.69
2228.00,165,15,2025-03-17,441.92,,0.00,441.92,45.00,273.15,Delivered,UPI,133.38,101.38
2229.00,121,21,2025-11-21,755.22,,0.00,755.22,0.00,411.03,Delivered,Wallet,135.94,103.94
2230.00,190,4,2025-07-25,290.01,,0.00,290.01,35.00,178.00,Delivered,Wallet,87.20,55.20
2231.00,194,5,2025-04-26,392.74,,0.00,392.74,45.00,217.09,Delivered,UPI,123.55,91.55
2232.00,107,19,2025-06-05,362.03,,0.00,362.03,25.00,207.92,Delivered,UPI,104.65,72.65
2233.00,197,1,2025-07-03,511.06,,0.00,511.06,55.00,317.20,Delivered,Cash,167.43,135.43
2234.00,231,16,2025-07-23,1041.49,,0.00,1041.49,25.00,625.66,Delivered,Card,233.30,201.30
2235.00,270,27,2025-01-22,407.39,,0.00,407.39,25.00,213.24,Delivered,Cash,114.63,82.63
2236.00,21,27,2025-07-28,346.26,,0.00,346.26,25.00,200.34,Delivered,Cash,101.18,69.18
2237.00,293,25,2025-12-21,595.84,,0.00,595.84,45.00,336.80,Delivered,Card,176.08,144.08
2238.00,286,22,2025-03-16,336.64,,0.00,336.64,0.00,197.81,Delivered,Card,84.16,52.16
2239.00,285,13,2025-08-15,1248.43,,0.00,1248.43,35.00,771.91,Delivered,Cash,309.65,277.65
2240.00,186,8,2025-11-11,447.43,,0.00,447.43,45.00,272.61,Delivered,Cash,134.49,102.49
2241.00,127,24,2025-04-30,439.88,,0.00,439.88,35.00,242.02,Delivered,Card,122.98,90.98
2242.00,250,11,2025-03-06,259.79,,0.00,259.79,55.00,154.37,Delivered,Card,119.95,87.95
2243.00,175,6,2025-12-03,678.60,,0.00,678.60,35.00,360.63,Delivered,Wallet,170.72,138.72
2244.00,295,20,2025-07-26,236.88,,0.00,236.88,45.00,125.48,Delivered,UPI,92.38,60.38
2245.00,86,30,2025-04-22,768.87,,0.00,768.87,35.00,478.99,Cancelled,Wallet,0.00,0.00
2246.00,44,5,2025-10-21,527.87,,0.00,527.87,25.00,274.77,Delivered,UPI,130.57,98.57
2247.00,95,1,2025-12-21,470.20,,0.00,470.20,45.00,258.17,Delivered,UPI,148.44,116.44
2248.00,52,18,2025-05-23,712.24,,0.00,712.24,25.00,411.52,Delivered,Card,153.20,121.20
2249.00,27,24,2025-12-06,229.82,,0.00,229.82,35.00,128.46,Delivered,Cash,80.96,48.96
2250.00,28,3,2025-05-04,419.52,,0.00,419.52,25.00,231.35,Delivered,Card,129.88,97.88
2251.00,189,4,2025-10-20,349.83,,0.00,349.83,45.00,187.87,Delivered,UPI,107.97,75.97
2252.00,140,10,2025-05-22,317.53,,0.00,317.53,55.00,166.45,Delivered,Cash,112.16,80.16
2253.00,237,11,2025-04-07,236.11,,0.00,236.11,55.00,125.59,Delivered,Card,114.03,82.03
2254.00,175,25,2025-04-26,552.68,,0.00,552.68,45.00,326.34,Delivered,Cash,166.59,134.59
2255.00,160,11,2025-12-10,479.95,,0.00,479.95,0.00,305.73,Delivered,UPI,119.99,87.99
2256.00,119,29,2025-06-10,250.09,,0.00,250.09,35.00,132.68,Delivered,Cash,90.02,58.02
2257.00,142,26,2025-12-06,465.34,,0.00,465.34,55.00,258.20,Delivered,Card,171.33,139.33
2258.00,182,25,2025-04-22,246.26,,0.00,246.26,55.00,149.88,Delivered,Cash,109.18,77.18
2259.00,230,17,2025-04-12,575.27,,0.00,575.27,45.00,354.35,Delivered,UPI,160.05,128.05
2260.00,222,15,2025-11-06,698.54,,0.00,698.54,25.00,435.79,Delivered,UPI,164.71,132.71
2261.00,12,18,2025-06-06,285.10,,0.00,285.10,25.00,165.75,Cancelled,UPI,0.00,0.00
2262.00,202,18,2025-02-22,424.35,,0.00,424.35,25.00,246.80,Delivered,Card,101.38,69.38
2263.00,47,2,2025-04-04,1012.79,,0.00,1012.79,35.00,537.44,Delivered,Card,217.30,185.30
2264.00,132,14,2025-01-24,398.92,,0.00,398.92,35.00,209.74,Delivered,UPI,134.73,102.73
2265.00,90,17,2025-03-24,240.02,,0.00,240.02,25.00,146.61,Delivered,Card,73.00,41.00
2266.00,24,1,2025-11-09,845.59,,0.00,845.59,25.00,469.81,Delivered,Cash,211.03,179.03
2267.00,218,15,2025-05-20,393.75,,0.00,393.75,0.00,249.93,Delivered,UPI,78.75,46.75
2268.00,167,22,2025-03-17,382.03,,0.00,382.03,45.00,212.55,Delivered,Wallet,140.51,108.51
2269.00,286,30,2025-03-31,903.14,,0.00,903.14,25.00,566.59,Cancelled,UPI,0.00,0.00
2270.00,198,21,2025-07-05,591.17,,0.00,591.17,45.00,325.42,Delivered,Cash,151.41,119.41
2271.00,156,14,2025-06-23,654.57,,0.00,654.57,55.00,400.19,Delivered,Card,218.64,186.64
2272.00,90,9,2025-01-06,259.65,,0.00,259.65,0.00,138.50,Delivered,Wallet,46.74,14.74
2273.00,185,3,2025-11-12,313.62,,0.00,313.62,45.00,175.46,Delivered,Wallet,123.41,91.41
2274.00,270,16,2025-09-13,815.22,,0.00,815.22,25.00,457.98,Delivered,Card,188.04,156.04
2275.00,128,10,2025-09-21,442.76,,0.00,442.76,45.00,238.65,Delivered,Cash,124.70,92.70
2276.00,124,18,2025-11-07,249.32,,0.00,249.32,55.00,144.79,Delivered,UPI,99.88,67.88
2277.00,54,24,2025-06-12,1053.49,,0.00,1053.49,55.00,568.64,Delivered,Card,265.70,233.70
2278.00,109,22,2025-08-14,497.42,8,174.28,323.14,45.00,262.41,Delivered,UPI,169.36,-36.92
2279.00,115,3,2025-02-03,280.51,,0.00,280.51,25.00,179.27,Delivered,Cash,95.13,63.13
2280.00,119,28,2025-11-12,428.76,3,85.75,343.01,35.00,245.47,Delivered,Wallet,142.19,24.44
2281.00,227,16,2025-05-22,1093.00,,0.00,1093.00,0.00,647.56,Delivered,Wallet,218.60,186.60
2282.00,63,25,2025-05-05,372.48,,0.00,372.48,45.00,222.14,Delivered,Wallet,126.95,94.95
2283.00,147,15,2025-08-14,425.24,,0.00,425.24,25.00,256.21,Delivered,Cash,110.05,78.05
2284.00,28,7,2025-04-26,523.35,,0.00,523.35,0.00,296.58,Delivered,Card,104.67,72.67
2285.00,285,3,2025-04-18,891.06,,0.00,891.06,0.00,499.10,Delivered,Card,222.77,190.77
2286.00,296,14,2025-04-03,292.04,,0.00,292.04,55.00,166.09,Delivered,Card,128.01,96.01
2287.00,135,24,2025-09-26,290.16,,0.00,290.16,0.00,183.62,Delivered,UPI,58.03,26.03
2288.00,299,7,2025-01-05,420.87,,0.00,420.87,35.00,233.66,Delivered,Cash,119.17,87.17
2289.00,106,3,2025-12-01,281.68,,0.00,281.68,0.00,160.53,Delivered,Wallet,70.42,38.42
2290.00,134,12,2025-11-06,546.41,,0.00,546.41,55.00,338.82,Delivered,UPI,191.60,159.60
2291.00,105,23,2025-09-05,687.81,,0.00,687.81,0.00,394.74,Delivered,Card,123.81,91.81
2292.00,50,13,2025-02-24,627.28,,0.00,627.28,25.00,354.28,Delivered,Wallet,163.00,131.00
2293.00,157,29,2025-03-13,674.40,,0.00,674.40,0.00,406.35,Delivered,Wallet,148.37,116.37
2294.00,146,28,2025-07-03,654.33,,0.00,654.33,25.00,361.73,Delivered,Cash,188.58,156.58
2295.00,141,16,2025-04-19,375.41,,0.00,375.41,55.00,209.14,Delivered,UPI,130.08,98.08
2296.00,75,10,2025-04-26,467.23,,0.00,467.23,45.00,288.98,Delivered,Wallet,129.10,97.10
2297.00,220,30,2025-11-15,280.45,,0.00,280.45,25.00,172.52,Delivered,Wallet,81.09,49.09
2298.00,226,29,2025-07-05,438.40,,0.00,438.40,25.00,232.25,Delivered,Wallet,121.45,89.45
2299.00,238,6,2025-09-13,944.66,,0.00,944.66,25.00,562.58,Delivered,Cash,213.93,181.93
2300.00,112,4,2025-11-04,423.23,,0.00,423.23,35.00,231.63,Delivered,UPI,111.18,79.18
2301.00,292,28,2025-03-21,273.86,,0.00,273.86,55.00,167.68,Cancelled,Card,0.00,0.00
2302.00,21,24,2025-12-03,270.83,,0.00,270.83,55.00,153.08,Delivered,UPI,109.17,77.17
2303.00,299,20,2025-10-13,484.03,,0.00,484.03,25.00,293.80,Delivered,Cash,121.81,89.81
2304.00,123,14,2025-07-29,388.32,,0.00,388.32,45.00,248.02,Delivered,Cash,142.08,110.08
2305.00,152,18,2025-08-04,286.07,,0.00,286.07,0.00,169.82,Delivered,Card,51.49,19.49
2306.00,244,12,2025-12-30,892.81,,0.00,892.81,45.00,530.11,Delivered,Card,268.20,236.20
2307.00,198,5,2025-09-15,680.52,,0.00,680.52,0.00,411.68,Delivered,Card,136.10,104.10
2308.00,280,2,2025-03-05,598.53,,0.00,598.53,55.00,356.22,Delivered,UPI,162.74,130.74
2309.00,280,28,2025-07-10,402.33,3,80.47,321.86,55.00,246.62,Delivered,Cash,155.58,43.11
2310.00,266,23,2025-01-22,801.32,,0.00,801.32,35.00,449.33,Delivered,UPI,179.24,147.24
2311.00,245,20,2025-02-12,353.38,,0.00,353.38,25.00,217.24,Delivered,Wallet,95.68,63.68
2312.00,230,10,2025-05-20,338.18,,0.00,338.18,0.00,202.34,Delivered,Wallet,60.87,28.87
2313.00,180,30,2025-04-28,382.45,,0.00,382.45,55.00,220.12,Delivered,Cash,131.49,99.49
2314.00,66,9,2025-04-22,220.81,,0.00,220.81,0.00,140.40,Delivered,UPI,39.75,7.75
2315.00,56,22,2025-11-12,319.56,,0.00,319.56,0.00,203.76,Delivered,Card,79.89,47.89
2316.00,27,15,2025-07-30,313.81,,0.00,313.81,0.00,181.98,Delivered,UPI,62.76,30.76
2317.00,207,28,2025-02-18,382.11,,0.00,382.11,25.00,233.61,Delivered,Cash,120.53,88.53
2318.00,75,7,2025-01-21,713.03,,0.00,713.03,0.00,437.66,Delivered,Wallet,142.61,110.61
2319.00,234,3,2025-09-01,357.82,,0.00,357.82,45.00,215.53,Delivered,Wallet,134.45,102.45
2320.00,53,2,2025-02-17,1285.45,,0.00,1285.45,55.00,707.30,Delivered,Cash,286.38,254.38
2321.00,196,1,2025-05-22,523.70,,0.00,523.70,0.00,320.22,Delivered,UPI,115.21,83.21
2322.00,298,13,2025-06-12,249.27,,0.00,249.27,0.00,134.72,Delivered,Cash,54.84,22.84
2323.00,180,30,2025-12-04,242.87,,0.00,242.87,45.00,143.21,Delivered,Cash,93.57,61.57
2324.00,109,1,2025-12-14,805.09,,0.00,805.09,25.00,422.18,Delivered,Cash,202.12,170.12
2325.00,105,10,2025-05-11,925.70,,0.00,925.70,55.00,551.05,Delivered,Wallet,221.63,189.63
2326.00,86,16,2025-03-09,256.02,,0.00,256.02,25.00,160.83,Delivered,UPI,76.20,44.20
2327.00,263,5,2025-07-08,327.15,,0.00,327.15,0.00,193.57,Delivered,UPI,65.43,33.43
2328.00,274,3,2025-08-07,256.18,,0.00,256.18,55.00,154.17,Delivered,UPI,119.05,87.05
2329.00,64,25,2025-04-20,333.04,,0.00,333.04,0.00,187.11,Delivered,Card,73.27,41.27
2330.00,289,26,2025-06-30,1261.86,,0.00,1261.86,25.00,759.22,Delivered,Card,340.47,308.47
2331.00,172,30,2025-02-07,503.24,,0.00,503.24,25.00,294.04,Delivered,Cash,125.65,93.65
2332.00,286,6,2025-05-17,502.71,,0.00,502.71,0.00,291.93,Delivered,Cash,100.54,68.54
2333.00,298,17,2025-06-06,432.34,,0.00,432.34,35.00,237.39,Delivered,Wallet,121.47,89.47
2334.00,27,20,2025-05-25,431.94,,0.00,431.94,35.00,243.49,Delivered,Card,121.39,89.39
2335.00,195,30,2025-08-06,1059.36,,0.00,1059.36,0.00,605.44,Delivered,Card,211.87,179.87
2336.00,38,14,2025-10-20,471.76,,0.00,471.76,55.00,300.06,Cancelled,Wallet,0.00,0.00
2337.00,191,17,2025-07-17,509.10,,0.00,509.10,0.00,299.82,Delivered,UPI,101.82,69.82
2338.00,40,10,2025-06-28,619.75,,0.00,619.75,25.00,327.74,Delivered,Wallet,136.56,104.56
2339.00,42,6,2025-11-21,555.18,,0.00,555.18,45.00,292.82,Delivered,UPI,156.04,124.04
2340.00,204,3,2025-10-20,248.73,,0.00,248.73,35.00,141.37,Delivered,Wallet,97.18,65.18
2341.00,224,1,2025-07-04,1089.44,,0.00,1089.44,45.00,595.75,Delivered,UPI,284.68,252.68
2342.00,287,8,2025-11-24,455.68,,0.00,455.68,35.00,248.03,Delivered,Card,126.14,94.14
2343.00,32,19,2025-06-28,239.35,,0.00,239.35,35.00,144.97,Cancelled,Card,0.00,0.00
2344.00,11,6,2025-06-05,232.35,,0.00,232.35,25.00,141.67,Delivered,UPI,71.47,39.47
2345.00,115,29,2025-08-06,843.19,,0.00,843.19,55.00,488.75,Delivered,Card,240.50,208.50
2346.00,189,28,2025-11-24,420.50,,0.00,420.50,25.00,238.08,Delivered,Wallet,130.13,98.13
2347.00,164,6,2025-06-03,593.29,,0.00,593.29,25.00,339.14,Cancelled,Cash,0.00,0.00
2348.00,271,24,2025-12-18,876.79,5,189.67,687.12,35.00,502.87,Delivered,UPI,210.36,-11.31
2349.00,91,16,2025-08-04,345.09,,0.00,345.09,0.00,181.64,Cancelled,Cash,0.00,0.00
2350.00,199,20,2025-04-20,905.09,,0.00,905.09,45.00,572.15,Delivered,Wallet,226.02,194.02
2351.00,44,29,2025-08-04,585.85,,0.00,585.85,55.00,331.25,Delivered,Cash,183.89,151.89
2352.00,34,7,2025-10-29,434.69,,0.00,434.69,55.00,251.58,Delivered,Cash,141.94,109.94
2353.00,95,12,2025-09-26,286.24,,0.00,286.24,25.00,161.10,Delivered,Card,96.56,64.56
2354.00,278,10,2025-12-26,710.02,,0.00,710.02,25.00,414.41,Delivered,Wallet,152.80,120.80
2355.00,127,30,2025-01-20,462.15,,0.00,462.15,25.00,246.37,Delivered,Card,117.43,85.43
2356.00,92,14,2025-05-29,787.64,,0.00,787.64,45.00,435.06,Delivered,Card,241.91,209.91
2357.00,223,5,2025-04-30,224.32,,0.00,224.32,55.00,122.82,Delivered,Cash,99.86,67.86
2358.00,37,18,2025-04-15,580.14,,0.00,580.14,45.00,356.07,Delivered,Card,149.43,117.43
2359.00,77,18,2025-11-17,459.72,,0.00,459.72,25.00,252.21,Delivered,Card,107.75,75.75
2360.00,12,28,2025-10-02,506.81,,0.00,506.81,25.00,265.17,Delivered,Card,151.70,119.70
2361.00,38,3,2025-07-01,567.65,,0.00,567.65,55.00,318.71,Delivered,Wallet,196.91,164.91
2362.00,48,9,2025-07-28,622.41,,0.00,622.41,25.00,389.87,Delivered,Card,137.03,105.03
2363.00,173,28,2025-04-25,860.90,,0.00,860.90,45.00,511.61,Delivered,Card,260.23,228.23
2364.00,292,7,2025-01-01,352.57,,0.00,352.57,25.00,210.13,Delivered,Wallet,95.51,63.51
2365.00,5,9,2025-12-26,222.47,,0.00,222.47,25.00,117.04,Delivered,UPI,65.04,33.04
2366.00,282,10,2025-11-14,857.49,,0.00,857.49,55.00,548.12,Delivered,Card,209.35,177.35
2367.00,179,13,2025-10-09,281.72,,0.00,281.72,25.00,157.27,Delivered,UPI,86.98,54.98
2368.00,125,19,2025-06-26,642.41,,0.00,642.41,35.00,345.05,Delivered,Wallet,176.33,144.33
2369.00,42,18,2025-07-16,241.55,,0.00,241.55,45.00,136.17,Delivered,UPI,88.48,56.48
2370.00,126,1,2025-12-07,444.97,,0.00,444.97,0.00,277.72,Delivered,Wallet,97.89,65.89
2371.00,18,3,2025-10-17,467.94,,0.00,467.94,25.00,277.62,Delivered,Cash,141.99,109.99
2372.00,40,19,2025-03-27,561.43,,0.00,561.43,0.00,335.24,Delivered,Cash,123.51,91.51
2373.00,183,15,2025-09-24,641.23,,0.00,641.23,55.00,388.66,Delivered,Wallet,183.25,151.25
2374.00,142,14,2025-03-03,515.24,,0.00,515.24,35.00,320.07,Cancelled,UPI,0.00,0.00
2375.00,148,28,2025-12-05,505.60,,0.00,505.60,45.00,286.68,Delivered,Wallet,171.40,139.40
2376.00,6,18,2025-07-05,939.36,,0.00,939.36,0.00,575.73,Delivered,UPI,169.08,137.08
2377.00,264,24,2025-10-05,473.88,,0.00,473.88,35.00,284.87,Delivered,UPI,129.78,97.78
2378.00,89,24,2025-08-17,481.68,,0.00,481.68,45.00,300.05,Delivered,Wallet,141.34,109.34
2379.00,272,21,2025-06-28,542.77,2,100.00,442.77,35.00,335.40,Delivered,Card,132.70,0.70
2380.00,18,23,2025-12-17,648.68,,0.00,648.68,0.00,394.84,Delivered,UPI,116.76,84.76
2381.00,246,9,2025-04-01,760.18,,0.00,760.18,25.00,480.83,Delivered,UPI,161.83,129.83
2382.00,243,16,2025-10-24,446.15,,0.00,446.15,55.00,241.04,Delivered,Card,144.23,112.23
2383.00,33,29,2025-08-23,427.42,,0.00,427.42,35.00,234.14,Delivered,UPI,129.03,97.03
2384.00,34,29,2025-11-19,776.44,,0.00,776.44,55.00,468.48,Cancelled,Cash,0.00,0.00
2385.00,13,7,2025-06-29,242.46,,0.00,242.46,55.00,152.09,Delivered,Wallet,103.49,71.49
2386.00,160,25,2025-05-24,492.75,,0.00,492.75,45.00,270.16,Delivered,Card,153.41,121.41
2387.00,261,7,2025-05-22,339.70,,0.00,339.70,35.00,188.81,Delivered,Card,102.94,70.94
2388.00,198,15,2025-12-13,281.36,,0.00,281.36,45.00,159.85,Delivered,Card,101.27,69.27
2389.00,197,25,2025-09-27,507.73,,0.00,507.73,0.00,305.17,Delivered,Card,111.70,79.70
2390.00,98,26,2025-03-19,432.56,,0.00,432.56,45.00,230.57,Delivered,Cash,153.14,121.14
2391.00,237,1,2025-01-26,272.77,,0.00,272.77,0.00,171.17,Delivered,Card,60.01,28.01
2392.00,166,27,2025-01-05,226.47,,0.00,226.47,45.00,120.67,Delivered,Wallet,94.82,62.82
2393.00,25,24,2025-10-25,283.90,,0.00,283.90,55.00,170.25,Delivered,Cash,111.78,79.78
2394.00,45,7,2025-09-19,248.27,,0.00,248.27,45.00,147.99,Delivered,Cash,94.65,62.65
2395.00,10,16,2025-02-08,274.40,,0.00,274.40,35.00,170.01,Delivered,Card,89.88,57.88
2396.00,151,19,2025-07-16,1605.40,5,200.00,1405.40,25.00,947.20,Delivered,UPI,378.19,146.19
2397.00,127,2,2025-03-07,773.88,,0.00,773.88,0.00,462.78,Delivered,Wallet,139.30,107.30
2398.00,288,8,2025-12-21,465.06,,0.00,465.06,45.00,288.99,Delivered,UPI,138.01,106.01
2399.00,282,25,2025-09-30,355.81,,0.00,355.81,55.00,191.64,Delivered,Cash,133.28,101.28
2400.00,290,20,2025-06-13,560.39,,0.00,560.39,35.00,309.12,Delivered,Card,147.08,115.08
